CPS,Indicator,System,Start Time,End Time,Var,Trigger,Mean TCHLA (ug/L),Diff TCHLA (ug/L)
Trophic status (threat: eutrophication),Total Chlorophyll-a,CNL,01-04-2020,01-10-2020,WQ_DIAG_PHY_TCHLA,5.0000,8.5978,3.59779
Trophic status (threat: eutrophication),Total Chlorophyll-a,CNL,01-10-2020,01-04-2021,WQ_DIAG_PHY_TCHLA,5.0000,13.9126,8.91260
Trophic status (threat: eutrophication),Total Chlorophyll-a,CSL,01-04-2020,01-10-2020,WQ_DIAG_PHY_TCHLA,10.0000,32.6517,22.65165
Trophic status (threat: eutrophication),Total Chlorophyll-a,CSL,01-10-2020,01-04-2021,WQ_DIAG_PHY_TCHLA,10.0000,53.4177,43.41770
