"Time","A2391259"
"and","Level (m)"
"Date","Mean"
11/05/2012 00:00,""
12/05/2012 00:00,       0.466
13/05/2012 00:00,       0.463
14/05/2012 00:00,       0.452
15/05/2012 00:00,       0.448
16/05/2012 00:00,       0.443
17/05/2012 00:00,       0.439
18/05/2012 00:00,       0.443
19/05/2012 00:00,       0.447
20/05/2012 00:00,       0.443
21/05/2012 00:00,       0.439
22/05/2012 00:00,       0.462
23/05/2012 00:00,       0.464
24/05/2012 00:00,       0.459
25/05/2012 00:00,       0.456
26/05/2012 00:00,       0.451
27/05/2012 00:00,       0.448
28/05/2012 00:00,       0.443
29/05/2012 00:00,       0.437
30/05/2012 00:00,       0.432
31/05/2012 00:00,       0.429
01/06/2012 00:00,       0.427
02/06/2012 00:00,       0.429
03/06/2012 00:00,       0.434
04/06/2012 00:00,       0.448
05/06/2012 00:00,       0.446
06/06/2012 00:00,       0.438
07/06/2012 00:00,       0.434
08/06/2012 00:00,       0.432
09/06/2012 00:00,       0.431
10/06/2012 00:00,       0.429
11/06/2012 00:00,       0.427
12/06/2012 00:00,       0.430
13/06/2012 00:00,       0.434
14/06/2012 00:00,       0.444
15/06/2012 00:00,       0.459
16/06/2012 00:00,       0.476
17/06/2012 00:00,       0.487
18/06/2012 00:00,       0.483
19/06/2012 00:00,       0.472
20/06/2012 00:00,       0.471
21/06/2012 00:00,       0.491
22/06/2012 00:00,       0.533
23/06/2012 00:00,       0.488
24/06/2012 00:00,       0.433
25/06/2012 00:00,       0.433
26/06/2012 00:00,       0.433
27/06/2012 00:00,       0.433
28/06/2012 00:00,       0.433
29/06/2012 00:00,       0.433
30/06/2012 00:00,       0.432
01/07/2012 00:00,       0.433
02/07/2012 00:00,       0.434
03/07/2012 00:00,       0.434
04/07/2012 00:00,       0.434
05/07/2012 00:00,       0.433
06/07/2012 00:00,       0.432
07/07/2012 00:00,       0.433
08/07/2012 00:00,       0.433
09/07/2012 00:00,       0.434
10/07/2012 00:00,       0.435
11/07/2012 00:00,       0.461
12/07/2012 00:00,       0.483
13/07/2012 00:00,       0.497
14/07/2012 00:00,       0.513
15/07/2012 00:00,       0.610
16/07/2012 00:00,       0.963
17/07/2012 00:00,       1.483
18/07/2012 00:00,       1.707
19/07/2012 00:00,       1.849
20/07/2012 00:00,       1.906
21/07/2012 00:00,       1.888
22/07/2012 00:00,       1.853
23/07/2012 00:00,       1.850
24/07/2012 00:00,       1.857
25/07/2012 00:00,       1.860
26/07/2012 00:00,       1.862
27/07/2012 00:00,       1.920
28/07/2012 00:00,       1.966
29/07/2012 00:00,       1.973
30/07/2012 00:00,       1.963
31/07/2012 00:00,       1.949
01/08/2012 00:00,       1.938
02/08/2012 00:00,       1.913
03/08/2012 00:00,       1.894
04/08/2012 00:00,       1.931
05/08/2012 00:00,       1.971
06/08/2012 00:00,       2.035
07/08/2012 00:00,       2.035
08/08/2012 00:00,       2.009
09/08/2012 00:00,       2.008
10/08/2012 00:00,       1.999
11/08/2012 00:00,       1.980
12/08/2012 00:00,       1.943
13/08/2012 00:00,       1.915
14/08/2012 00:00,       1.904
15/08/2012 00:00,       1.912
16/08/2012 00:00,       1.937
17/08/2012 00:00,       2.094
18/08/2012 00:00,       2.173
19/08/2012 00:00,       1.838
20/08/2012 00:00,       1.718
21/08/2012 00:00,       1.612
22/08/2012 00:00,       1.654
23/08/2012 00:00,       1.602
24/08/2012 00:00,       1.812
25/08/2012 00:00,       1.975
26/08/2012 00:00,       1.919
27/08/2012 00:00,       1.909
28/08/2012 00:00,       1.904
29/08/2012 00:00,       1.876
30/08/2012 00:00,       1.879
31/08/2012 00:00,       1.868
01/09/2012 00:00,       1.961
02/09/2012 00:00,       1.934
03/09/2012 00:00,       1.902
04/09/2012 00:00,       1.872
05/09/2012 00:00,       1.834
06/09/2012 00:00,       1.857
07/09/2012 00:00,       1.892
08/09/2012 00:00,       1.960
09/09/2012 00:00,       1.982
10/09/2012 00:00,       1.995
11/09/2012 00:00,       2.012
12/09/2012 00:00,       2.029
13/09/2012 00:00,       2.047
14/09/2012 00:00,       2.064
15/09/2012 00:00,       2.082
16/09/2012 00:00,       2.101
17/09/2012 00:00,       2.118
18/09/2012 00:00,       2.138
19/09/2012 00:00,       2.157
20/09/2012 00:00,       2.189
21/09/2012 00:00,       2.220
22/09/2012 00:00,       2.234
23/09/2012 00:00,       2.250
24/09/2012 00:00,       2.270
25/09/2012 00:00,       2.279
26/09/2012 00:00,       2.287
27/09/2012 00:00,       2.316
28/09/2012 00:00,       2.338
29/09/2012 00:00,       2.354
30/09/2012 00:00,       2.369
01/10/2012 00:00,       2.381
02/10/2012 00:00,       2.407
03/10/2012 00:00,       2.420
04/10/2012 00:00,       2.436
05/10/2012 00:00,       2.469
06/10/2012 00:00,       2.481
07/10/2012 00:00,       2.506
08/10/2012 00:00,       2.523
09/10/2012 00:00,       2.535
10/10/2012 00:00,       2.543
11/10/2012 00:00,       2.567
12/10/2012 00:00,       2.578
13/10/2012 00:00,       2.599
14/10/2012 00:00,       2.620
15/10/2012 00:00,       2.623
16/10/2012 00:00,       2.624
17/10/2012 00:00,       2.634
18/10/2012 00:00,       2.643
19/10/2012 00:00,       2.638
20/10/2012 00:00,       2.638
21/10/2012 00:00,       2.629
22/10/2012 00:00,       2.641
23/10/2012 00:00,       2.640
24/10/2012 00:00,       2.631
25/10/2012 00:00,       2.615
26/10/2012 00:00,       2.605
27/10/2012 00:00,       2.607
28/10/2012 00:00,       2.603
29/10/2012 00:00,       2.598
30/10/2012 00:00,       2.592
31/10/2012 00:00,       2.581
01/11/2012 00:00,       2.563
02/11/2012 00:00,       2.564
03/11/2012 00:00,       2.563
04/11/2012 00:00,       2.554
05/11/2012 00:00,       2.556
06/11/2012 00:00,       2.549
07/11/2012 00:00,       2.539
08/11/2012 00:00,       2.527
09/11/2012 00:00,       2.508
10/11/2012 00:00,       2.513
11/11/2012 00:00,       2.510
12/11/2012 00:00,       2.483
13/11/2012 00:00,       2.481
14/11/2012 00:00,       2.472
15/11/2012 00:00,       2.467
16/11/2012 00:00,       2.456
17/11/2012 00:00,       2.446
18/11/2012 00:00,       2.435
19/11/2012 00:00,       2.433
20/11/2012 00:00,       2.428
21/11/2012 00:00,       2.398
22/11/2012 00:00,       2.398
23/11/2012 00:00,       2.395
24/11/2012 00:00,       2.379
25/11/2012 00:00,       2.372
26/11/2012 00:00,       2.367
27/11/2012 00:00,       2.358
28/11/2012 00:00,       2.347
29/11/2012 00:00,       2.340
30/11/2012 00:00,       2.332
01/12/2012 00:00,       2.311
02/12/2012 00:00,       2.303
03/12/2012 00:00,       2.289
04/12/2012 00:00,       2.263
05/12/2012 00:00,       2.268
06/12/2012 00:00,       2.282
07/12/2012 00:00,       2.280
08/12/2012 00:00,       2.252
09/12/2012 00:00,       2.248
10/12/2012 00:00,       2.245
11/12/2012 00:00,       2.236
12/12/2012 00:00,       2.232
13/12/2012 00:00,       2.218
14/12/2012 00:00,       2.220
15/12/2012 00:00,       2.206
16/12/2012 00:00,       2.192
17/12/2012 00:00,       2.198
18/12/2012 00:00,       2.190
19/12/2012 00:00,       2.183
20/12/2012 00:00,       2.172
21/12/2012 00:00,       2.171
22/12/2012 00:00,       2.166
23/12/2012 00:00,       2.159
24/12/2012 00:00,       2.141
25/12/2012 00:00,       2.139
26/12/2012 00:00,       2.132
27/12/2012 00:00,       2.119
28/12/2012 00:00,       2.114
29/12/2012 00:00,       2.109
30/12/2012 00:00,       2.105
31/12/2012 00:00,       2.099
01/01/2013 00:00,       2.089
02/01/2013 00:00,       2.088
03/01/2013 00:00,       2.082
04/01/2013 00:00,       2.073
05/01/2013 00:00,       2.060
06/01/2013 00:00,       2.056
07/01/2013 00:00,       2.049
08/01/2013 00:00,       2.030
09/01/2013 00:00,       2.029
10/01/2013 00:00,       2.034
11/01/2013 00:00,       2.024
12/01/2013 00:00,       2.019
13/01/2013 00:00,       2.013
14/01/2013 00:00,       2.010
15/01/2013 00:00,       2.003
16/01/2013 00:00,       2.001
17/01/2013 00:00,       1.994
18/01/2013 00:00,       1.977
19/01/2013 00:00,       1.977
20/01/2013 00:00,       1.972
21/01/2013 00:00,       1.967
22/01/2013 00:00,       1.960
23/01/2013 00:00,       1.960
24/01/2013 00:00,       1.956
25/01/2013 00:00,       1.936
26/01/2013 00:00,       1.938
27/01/2013 00:00,       1.934
28/01/2013 00:00,       1.931
29/01/2013 00:00,       1.924
30/01/2013 00:00,       1.923
31/01/2013 00:00,       1.926
01/02/2013 00:00,       1.926
02/02/2013 00:00,       1.922
03/02/2013 00:00,       1.920
04/02/2013 00:00,       1.918
05/02/2013 00:00,       1.912
06/02/2013 00:00,       1.906
07/02/2013 00:00,       1.897
08/02/2013 00:00,       1.895
09/02/2013 00:00,       1.887
10/02/2013 00:00,       1.887
11/02/2013 00:00,       1.881
12/02/2013 00:00,       1.879
13/02/2013 00:00,       1.872
14/02/2013 00:00,       1.869
15/02/2013 00:00,       1.868
16/02/2013 00:00,       1.861
17/02/2013 00:00,       1.855
18/02/2013 00:00,       1.845
19/02/2013 00:00,       1.835
20/02/2013 00:00,       1.835
21/02/2013 00:00,       1.834
22/02/2013 00:00,       1.833
23/02/2013 00:00,       1.833
24/02/2013 00:00,       1.818
25/02/2013 00:00,       1.815
26/02/2013 00:00,       1.814
27/02/2013 00:00,       1.807
28/02/2013 00:00,       1.804
01/03/2013 00:00,       1.804
02/03/2013 00:00,       1.804
03/03/2013 00:00,       1.799
04/03/2013 00:00,       1.793
05/03/2013 00:00,       1.783
06/03/2013 00:00,       1.776
07/03/2013 00:00,       1.776
08/03/2013 00:00,       1.773
09/03/2013 00:00,       1.769
10/03/2013 00:00,       1.770
11/03/2013 00:00,       1.761
12/03/2013 00:00,       1.759
13/03/2013 00:00,       1.730
14/03/2013 00:00,       1.743
15/03/2013 00:00,       1.743
16/03/2013 00:00,       1.730
17/03/2013 00:00,       1.737
18/03/2013 00:00,       1.735
19/03/2013 00:00,       1.733
20/03/2013 00:00,       1.734
21/03/2013 00:00,       1.715
22/03/2013 00:00,       1.725
23/03/2013 00:00,       1.729
24/03/2013 00:00,       1.722
25/03/2013 00:00,       1.728
26/03/2013 00:00,       1.729
27/03/2013 00:00,       1.722
28/03/2013 00:00,       1.692
29/03/2013 00:00,       1.708
30/03/2013 00:00,       1.708
31/03/2013 00:00,       1.708
01/04/2013 00:00,       1.702
02/04/2013 00:00,       1.700
03/04/2013 00:00,       1.701
04/04/2013 00:00,       1.697
05/04/2013 00:00,       1.693
06/04/2013 00:00,       1.686
07/04/2013 00:00,       1.682
08/04/2013 00:00,       1.679
09/04/2013 00:00,       1.674
10/04/2013 00:00,       1.670
11/04/2013 00:00,       1.670
12/04/2013 00:00,       1.667
13/04/2013 00:00,       1.660
14/04/2013 00:00,       1.662
15/04/2013 00:00,       1.661
16/04/2013 00:00,       1.657
17/04/2013 00:00,       1.652
18/04/2013 00:00,       1.651
19/04/2013 00:00,       1.649
20/04/2013 00:00,       1.644
21/04/2013 00:00,       1.648
22/04/2013 00:00,       1.643
23/04/2013 00:00,       1.656
24/04/2013 00:00,       1.406
25/04/2013 00:00,       0.962
26/04/2013 00:00,       0.891
27/04/2013 00:00,       0.844
28/04/2013 00:00,       0.835
29/04/2013 00:00,       0.640
30/04/2013 00:00,       0.462
01/05/2013 00:00,       0.434
02/05/2013 00:00,       0.433
03/05/2013 00:00,       0.527
04/05/2013 00:00,       0.878
05/05/2013 00:00,       1.005
06/05/2013 00:00,       1.080
07/05/2013 00:00,       1.136
08/05/2013 00:00,       1.176
09/05/2013 00:00,       1.208
10/05/2013 00:00,       1.236
11/05/2013 00:00,       1.255
12/05/2013 00:00,       1.288
13/05/2013 00:00,       1.308
14/05/2013 00:00,       1.322
15/05/2013 00:00,       1.318
16/05/2013 00:00,       1.341
17/05/2013 00:00,       1.359
18/05/2013 00:00,       1.372
19/05/2013 00:00,       1.381
20/05/2013 00:00,       1.390
21/05/2013 00:00,       1.403
22/05/2013 00:00,       1.407
23/05/2013 00:00,       1.407
24/05/2013 00:00,       1.406
25/05/2013 00:00,       1.406
26/05/2013 00:00,       1.414
27/05/2013 00:00,       1.422
28/05/2013 00:00,       1.425
29/05/2013 00:00,       1.427
30/05/2013 00:00,       1.431
31/05/2013 00:00,       1.448
01/06/2013 00:00,       1.444
02/06/2013 00:00,       1.440
03/06/2013 00:00,       1.445
04/06/2013 00:00,       1.451
05/06/2013 00:00,       1.455
06/06/2013 00:00,       1.457
07/06/2013 00:00,       1.460
08/06/2013 00:00,       1.471
09/06/2013 00:00,       1.471
10/06/2013 00:00,       1.469
11/06/2013 00:00,       1.474
12/06/2013 00:00,       1.489
13/06/2013 00:00,       1.495
14/06/2013 00:00,       1.509
15/06/2013 00:00,       1.516
16/06/2013 00:00,       1.521
17/06/2013 00:00,       1.529
18/06/2013 00:00,       1.538
19/06/2013 00:00,       1.548
20/06/2013 00:00,       1.554
21/06/2013 00:00,       1.571
22/06/2013 00:00,       1.568
23/06/2013 00:00,       1.570
24/06/2013 00:00,       1.575
25/06/2013 00:00,       1.576
26/06/2013 00:00,       1.582
27/06/2013 00:00,       1.585
28/06/2013 00:00,       1.589
29/06/2013 00:00,       1.595
30/06/2013 00:00,       1.602
01/07/2013 00:00,       1.608
02/07/2013 00:00,       1.614
03/07/2013 00:00,       1.620
04/07/2013 00:00,       1.627
05/07/2013 00:00,       1.633
06/07/2013 00:00,       1.639
07/07/2013 00:00,       1.646
08/07/2013 00:00,       1.652
09/07/2013 00:00,       1.658
10/07/2013 00:00,       1.664
11/07/2013 00:00,       1.671
12/07/2013 00:00,       1.677
13/07/2013 00:00,       1.683
14/07/2013 00:00,       1.690
15/07/2013 00:00,       1.696
16/07/2013 00:00,       1.702
17/07/2013 00:00,       1.709
18/07/2013 00:00,       1.715
19/07/2013 00:00,       1.721
20/07/2013 00:00,       1.727
21/07/2013 00:00,       1.734
22/07/2013 00:00,       1.740
23/07/2013 00:00,       1.746
24/07/2013 00:00,       1.753
25/07/2013 00:00,       1.759
26/07/2013 00:00,       1.765
27/07/2013 00:00,       1.771
28/07/2013 00:00,       1.778
29/07/2013 00:00,       1.784
30/07/2013 00:00,       1.790
31/07/2013 00:00,       1.797
01/08/2013 00:00,       1.803
02/08/2013 00:00,       1.809
03/08/2013 00:00,       1.815
04/08/2013 00:00,       1.822
05/08/2013 00:00,       1.828
06/08/2013 00:00,       1.853
07/08/2013 00:00,       1.907
08/08/2013 00:00,       1.968
09/08/2013 00:00,       1.973
10/08/2013 00:00,       1.922
11/08/2013 00:00,       1.904
12/08/2013 00:00,       1.877
13/08/2013 00:00,       1.903
14/08/2013 00:00,       1.897
15/08/2013 00:00,       1.937
16/08/2013 00:00,       1.931
17/08/2013 00:00,       1.960
18/08/2013 00:00,       2.051
19/08/2013 00:00,       2.147
20/08/2013 00:00,       2.053
21/08/2013 00:00,       1.967
22/08/2013 00:00,       2.110
23/08/2013 00:00,       2.120
24/08/2013 00:00,       2.080
25/08/2013 00:00,       2.055
26/08/2013 00:00,       2.005
27/08/2013 00:00,       2.017
28/08/2013 00:00,       2.042
29/08/2013 00:00,       1.942
30/08/2013 00:00,       1.852
31/08/2013 00:00,       1.811
01/09/2013 00:00,       1.821
02/09/2013 00:00,       1.911
03/09/2013 00:00,       2.075
04/09/2013 00:00,       2.142
05/09/2013 00:00,       2.194
06/09/2013 00:00,       2.218
07/09/2013 00:00,       2.215
08/09/2013 00:00,       2.212
09/09/2013 00:00,       2.213
10/09/2013 00:00,       2.261
11/09/2013 00:00,       2.277
12/09/2013 00:00,       2.282
13/09/2013 00:00,       2.279
14/09/2013 00:00,       2.270
15/09/2013 00:00,       2.275
16/09/2013 00:00,       2.277
17/09/2013 00:00,       2.276
18/09/2013 00:00,       2.259
19/09/2013 00:00,       2.297
20/09/2013 00:00,       2.339
21/09/2013 00:00,       2.366
22/09/2013 00:00,       2.366
23/09/2013 00:00,       2.359
24/09/2013 00:00,       2.360
25/09/2013 00:00,       2.393
26/09/2013 00:00,       2.387
27/09/2013 00:00,       2.411
28/09/2013 00:00,       2.401
29/09/2013 00:00,       2.412
30/09/2013 00:00,       2.408
01/10/2013 00:00,       2.392
02/10/2013 00:00,       2.382
03/10/2013 00:00,       2.396
04/10/2013 00:00,       2.402
05/10/2013 00:00,       2.397
06/10/2013 00:00,       2.390
07/10/2013 00:00,       2.384
08/10/2013 00:00,       2.381
09/10/2013 00:00,       2.376
10/10/2013 00:00,       2.363
11/10/2013 00:00,       2.363
12/10/2013 00:00,       2.362
13/10/2013 00:00,       2.342
14/10/2013 00:00,       2.350
15/10/2013 00:00,       2.353
16/10/2013 00:00,       2.345
17/10/2013 00:00,       2.330
18/10/2013 00:00,       2.359
19/10/2013 00:00,       2.393
20/10/2013 00:00,       2.417
21/10/2013 00:00,       2.446
22/10/2013 00:00,       2.486
23/10/2013 00:00,       2.493
24/10/2013 00:00,       2.522
25/10/2013 00:00,       2.546
26/10/2013 00:00,       2.574
27/10/2013 00:00,       2.603
28/10/2013 00:00,       2.628
29/10/2013 00:00,       2.646
30/10/2013 00:00,       2.662
31/10/2013 00:00,       2.679
01/11/2013 00:00,       2.690
02/11/2013 00:00,       2.694
03/11/2013 00:00,       2.686
04/11/2013 00:00,       2.694
05/11/2013 00:00,       2.692
06/11/2013 00:00,       2.690
07/11/2013 00:00,       2.683
08/11/2013 00:00,       2.686
09/11/2013 00:00,       2.682
10/11/2013 00:00,       2.678
11/11/2013 00:00,       2.675
12/11/2013 00:00,       2.666
13/11/2013 00:00,       2.654
14/11/2013 00:00,       2.651
15/11/2013 00:00,       2.647
16/11/2013 00:00,       2.640
17/11/2013 00:00,       2.633
18/11/2013 00:00,       2.628
19/11/2013 00:00,       2.617
20/11/2013 00:00,       2.609
21/11/2013 00:00,       2.599
22/11/2013 00:00,       2.590
23/11/2013 00:00,       2.585
24/11/2013 00:00,       2.582
25/11/2013 00:00,       2.573
26/11/2013 00:00,       2.564
27/11/2013 00:00,       2.556
28/11/2013 00:00,       2.539
29/11/2013 00:00,       2.532
30/11/2013 00:00,       2.526
01/12/2013 00:00,       2.518
02/12/2013 00:00,       2.501
03/12/2013 00:00,       2.495
04/12/2013 00:00,       2.480
05/12/2013 00:00,       2.464
06/12/2013 00:00,       2.466
07/12/2013 00:00,       2.464
08/12/2013 00:00,       2.454
09/12/2013 00:00,       2.435
10/12/2013 00:00,       2.420
11/12/2013 00:00,       2.417
12/12/2013 00:00,       2.413
13/12/2013 00:00,       2.406
14/12/2013 00:00,       2.401
15/12/2013 00:00,       2.393
16/12/2013 00:00,       2.386
17/12/2013 00:00,       2.379
18/12/2013 00:00,       2.372
19/12/2013 00:00,       2.359
20/12/2013 00:00,       2.353
21/12/2013 00:00,       2.357
22/12/2013 00:00,       2.345
23/12/2013 00:00,       2.337
24/12/2013 00:00,       2.332
25/12/2013 00:00,       2.327
26/12/2013 00:00,       2.314
27/12/2013 00:00,       2.311
28/12/2013 00:00,       2.291
29/12/2013 00:00,       2.291
30/12/2013 00:00,       2.284
31/12/2013 00:00,       2.281
01/01/2014 00:00,       2.280
02/01/2014 00:00,       2.281
03/01/2014 00:00,       2.258
04/01/2014 00:00,       2.252
05/01/2014 00:00,       2.239
06/01/2014 00:00,       2.241
07/01/2014 00:00,       2.247
08/01/2014 00:00,       2.242
09/01/2014 00:00,       2.234
10/01/2014 00:00,       2.226
11/01/2014 00:00,       2.215
12/01/2014 00:00,       2.211
13/01/2014 00:00,       2.205
14/01/2014 00:00,       2.196
15/01/2014 00:00,       2.190
16/01/2014 00:00,       2.184
17/01/2014 00:00,       2.171
18/01/2014 00:00,       2.166
19/01/2014 00:00,       2.161
20/01/2014 00:00,       2.149
21/01/2014 00:00,       2.142
22/01/2014 00:00,       2.138
23/01/2014 00:00,       2.131
24/01/2014 00:00,       2.118
25/01/2014 00:00,       2.116
26/01/2014 00:00,       2.112
27/01/2014 00:00,       2.104
28/01/2014 00:00,       2.093
29/01/2014 00:00,       2.088
30/01/2014 00:00,       2.082
31/01/2014 00:00,       2.076
01/02/2014 00:00,       2.070
02/02/2014 00:00,       2.066
03/02/2014 00:00,       2.050
04/02/2014 00:00,       2.050
05/02/2014 00:00,       2.041
06/02/2014 00:00,       2.033
07/02/2014 00:00,       2.032
08/02/2014 00:00,       2.029
09/02/2014 00:00,       2.002
10/02/2014 00:00,       2.016
11/02/2014 00:00,       2.010
12/02/2014 00:00,       2.006
13/02/2014 00:00,       2.001
14/02/2014 00:00,       2.003
15/02/2014 00:00,       1.988
16/02/2014 00:00,       1.984
17/02/2014 00:00,       1.984
18/02/2014 00:00,       1.975
19/02/2014 00:00,       1.982
20/02/2014 00:00,       1.976
21/02/2014 00:00,       1.978
22/02/2014 00:00,       1.973
23/02/2014 00:00,       1.970
24/02/2014 00:00,       1.966
25/02/2014 00:00,       1.958
26/02/2014 00:00,       1.956
27/02/2014 00:00,       1.951
28/02/2014 00:00,       1.947
01/03/2014 00:00,       1.942
02/03/2014 00:00,       1.938
03/03/2014 00:00,       1.934
04/03/2014 00:00,       1.928
05/03/2014 00:00,       1.921
06/03/2014 00:00,       1.917
07/03/2014 00:00,       1.915
08/03/2014 00:00,       1.914
09/03/2014 00:00,       1.909
10/03/2014 00:00,       1.904
11/03/2014 00:00,       1.899
12/03/2014 00:00,       1.896
13/03/2014 00:00,       1.893
14/03/2014 00:00,       1.893
15/03/2014 00:00,       1.887
16/03/2014 00:00,       1.884
17/03/2014 00:00,       1.885
18/03/2014 00:00,       1.882
19/03/2014 00:00,       1.881
20/03/2014 00:00,       1.876
21/03/2014 00:00,       1.879
22/03/2014 00:00,       1.883
23/03/2014 00:00,       1.873
24/03/2014 00:00,       1.872
25/03/2014 00:00,       1.872
26/03/2014 00:00,       1.871
27/03/2014 00:00,       1.858
28/03/2014 00:00,       1.840
29/03/2014 00:00,       1.824
30/03/2014 00:00,       1.809
31/03/2014 00:00,       1.794
01/04/2014 00:00,       1.779
02/04/2014 00:00,       1.764
03/04/2014 00:00,       1.748
04/04/2014 00:00,       1.733
05/04/2014 00:00,       1.720
06/04/2014 00:00,       1.715
07/04/2014 00:00,       1.710
08/04/2014 00:00,       1.706
09/04/2014 00:00,       1.701
10/04/2014 00:00,       1.697
11/04/2014 00:00,       1.692
12/04/2014 00:00,       1.688
13/04/2014 00:00,       1.684
14/04/2014 00:00,       1.679
15/04/2014 00:00,       1.676
16/04/2014 00:00,       1.673
17/04/2014 00:00,       1.671
18/04/2014 00:00,       1.668
19/04/2014 00:00,       1.666
20/04/2014 00:00,       1.663
21/04/2014 00:00,       1.661
22/04/2014 00:00,       1.659
23/04/2014 00:00,       1.655
24/04/2014 00:00,       1.650
25/04/2014 00:00,       1.645
26/04/2014 00:00,       1.641
27/04/2014 00:00,       1.637
28/04/2014 00:00,       1.632
29/04/2014 00:00,       1.628
30/04/2014 00:00,       1.623
01/05/2014 00:00,       1.619
02/05/2014 00:00,       1.615
03/05/2014 00:00,       1.611
04/05/2014 00:00,       1.608
05/05/2014 00:00,       1.604
06/05/2014 00:00,       1.602
07/05/2014 00:00,       1.600
08/05/2014 00:00,       1.598
09/05/2014 00:00,       1.595
10/05/2014 00:00,       1.592
11/05/2014 00:00,       1.589
12/05/2014 00:00,       1.585
13/05/2014 00:00,       1.582
14/05/2014 00:00,       1.578
15/05/2014 00:00,       1.573
16/05/2014 00:00,       1.568
17/05/2014 00:00,       1.563
18/05/2014 00:00,       1.558
19/05/2014 00:00,       1.554
20/05/2014 00:00,       1.549
21/05/2014 00:00,       1.544
22/05/2014 00:00,       1.540
23/05/2014 00:00,       1.535
24/05/2014 00:00,       1.530
25/05/2014 00:00,       1.526
26/05/2014 00:00,       1.522
27/05/2014 00:00,       1.522
28/05/2014 00:00,       1.524
29/05/2014 00:00,       1.526
30/05/2014 00:00,       1.528
31/05/2014 00:00,       1.529
01/06/2014 00:00,       1.531
02/06/2014 00:00,       1.533
03/06/2014 00:00,       1.535
04/06/2014 00:00,       1.537
05/06/2014 00:00,       1.538
06/06/2014 00:00,       1.541
07/06/2014 00:00,       1.549
08/06/2014 00:00,       1.559
09/06/2014 00:00,       1.569
10/06/2014 00:00,       1.579
11/06/2014 00:00,       1.589
12/06/2014 00:00,       1.599
13/06/2014 00:00,       1.609
14/06/2014 00:00,       1.619
15/06/2014 00:00,       1.629
16/06/2014 00:00,       1.640
17/06/2014 00:00,       1.650
18/06/2014 00:00,       1.660
19/06/2014 00:00,       1.670
20/06/2014 00:00,       1.683
21/06/2014 00:00,       1.749
22/06/2014 00:00,       1.832
23/06/2014 00:00,       1.905
24/06/2014 00:00,       1.901
25/06/2014 00:00,       1.985
26/06/2014 00:00,       2.024
27/06/2014 00:00,       2.068
28/06/2014 00:00,       2.047
29/06/2014 00:00,       2.117
30/06/2014 00:00,       2.161
01/07/2014 00:00,       2.168
02/07/2014 00:00,       2.149
03/07/2014 00:00,       2.119
04/07/2014 00:00,       2.116
05/07/2014 00:00,       2.116
06/07/2014 00:00,       2.133
07/07/2014 00:00,       2.134
08/07/2014 00:00,       2.132
09/07/2014 00:00,       2.139
10/07/2014 00:00,       2.148
11/07/2014 00:00,       2.149
12/07/2014 00:00,       2.179
13/07/2014 00:00,       2.215
14/07/2014 00:00,       2.192
15/07/2014 00:00,       2.103
16/07/2014 00:00,       2.013
17/07/2014 00:00,       1.891
18/07/2014 00:00,       1.942
19/07/2014 00:00,       1.982
20/07/2014 00:00,       1.964
21/07/2014 00:00,       1.935
22/07/2014 00:00,       1.897
23/07/2014 00:00,       1.908
24/07/2014 00:00,       1.938
25/07/2014 00:00,       1.921
26/07/2014 00:00,       1.937
27/07/2014 00:00,       1.949
28/07/2014 00:00,       1.953
29/07/2014 00:00,       1.955
30/07/2014 00:00,       1.928
31/07/2014 00:00,       1.889
01/08/2014 00:00,       1.936
02/08/2014 00:00,       2.050
03/08/2014 00:00,       2.053
04/08/2014 00:00,       2.015
05/08/2014 00:00,       1.936
06/08/2014 00:00,       1.891
07/08/2014 00:00,       1.894
08/08/2014 00:00,       1.915
09/08/2014 00:00,       1.896
10/08/2014 00:00,       1.862
11/08/2014 00:00,       1.839
12/08/2014 00:00,       1.891
13/08/2014 00:00,       1.968
14/08/2014 00:00,       1.965
15/08/2014 00:00,       1.959
16/08/2014 00:00,       1.952
17/08/2014 00:00,       1.942
18/08/2014 00:00,       1.934
19/08/2014 00:00,       1.932
20/08/2014 00:00,       1.930
21/08/2014 00:00,       1.927
22/08/2014 00:00,       1.922
23/08/2014 00:00,       1.917
24/08/2014 00:00,       1.907
25/08/2014 00:00,       1.939
26/08/2014 00:00,       2.048
27/08/2014 00:00,       2.107
28/08/2014 00:00,       2.202
29/08/2014 00:00,       2.283
30/08/2014 00:00,       2.332
31/08/2014 00:00,       2.379
01/09/2014 00:00,       2.428
02/09/2014 00:00,       2.476
03/09/2014 00:00,       2.491
04/09/2014 00:00,       2.513
05/09/2014 00:00,       2.542
06/09/2014 00:00,       2.572
07/09/2014 00:00,       2.602
08/09/2014 00:00,       2.626
09/09/2014 00:00,       2.628
10/09/2014 00:00,       2.631
11/09/2014 00:00,       2.634
12/09/2014 00:00,       2.639
13/09/2014 00:00,       2.649
14/09/2014 00:00,       2.659
15/09/2014 00:00,       2.667
16/09/2014 00:00,       2.667
17/09/2014 00:00,       2.667
18/09/2014 00:00,       2.666
19/09/2014 00:00,       2.664
20/09/2014 00:00,       2.663
21/09/2014 00:00,       2.660
22/09/2014 00:00,       2.659
23/09/2014 00:00,       2.656
24/09/2014 00:00,       2.651
25/09/2014 00:00,       2.645
26/09/2014 00:00,       2.640
27/09/2014 00:00,       2.635
28/09/2014 00:00,       2.629
29/09/2014 00:00,       2.624
30/09/2014 00:00,       2.618
01/10/2014 00:00,       2.613
02/10/2014 00:00,       2.608
03/10/2014 00:00,       2.602
04/10/2014 00:00,       2.597
05/10/2014 00:00,       2.591
06/10/2014 00:00,       2.586
07/10/2014 00:00,       2.580
08/10/2014 00:00,       2.575
09/10/2014 00:00,       2.570
10/10/2014 00:00,       2.564
11/10/2014 00:00,       2.559
12/10/2014 00:00,       2.553
13/10/2014 00:00,       2.548
14/10/2014 00:00,       2.542
15/10/2014 00:00,       2.537
16/10/2014 00:00,       2.529
17/10/2014 00:00,       2.522
18/10/2014 00:00,       2.514
19/10/2014 00:00,       2.506
20/10/2014 00:00,       2.498
21/10/2014 00:00,       2.490
22/10/2014 00:00,       2.483
23/10/2014 00:00,       2.475
24/10/2014 00:00,       2.467
25/10/2014 00:00,       2.459
26/10/2014 00:00,       2.451
27/10/2014 00:00,       2.444
28/10/2014 00:00,       2.436
29/10/2014 00:00,       2.428
30/10/2014 00:00,       2.420
31/10/2014 00:00,       2.412
01/11/2014 00:00,       2.405
02/11/2014 00:00,       2.397
03/11/2014 00:00,       2.389
04/11/2014 00:00,       2.381
05/11/2014 00:00,       2.374
06/11/2014 00:00,       2.366
07/11/2014 00:00,       2.359
08/11/2014 00:00,       2.352
09/11/2014 00:00,       2.345
10/11/2014 00:00,       2.337
11/11/2014 00:00,       2.330
12/11/2014 00:00,       2.323
13/11/2014 00:00,       2.316
14/11/2014 00:00,       2.309
15/11/2014 00:00,       2.302
16/11/2014 00:00,       2.295
17/11/2014 00:00,       2.287
18/11/2014 00:00,       2.280
19/11/2014 00:00,       2.273
20/11/2014 00:00,       2.266
21/11/2014 00:00,       2.259
22/11/2014 00:00,       2.252
23/11/2014 00:00,       2.245
24/11/2014 00:00,       2.238
25/11/2014 00:00,       2.230
26/11/2014 00:00,       2.223
27/11/2014 00:00,       2.216
28/11/2014 00:00,       2.210
29/11/2014 00:00,       2.204
30/11/2014 00:00,       2.198
01/12/2014 00:00,       2.192
02/12/2014 00:00,       2.186
03/12/2014 00:00,       2.180
04/12/2014 00:00,       2.173
05/12/2014 00:00,       2.167
06/12/2014 00:00,       2.161
07/12/2014 00:00,       2.155
08/12/2014 00:00,       2.149
09/12/2014 00:00,       2.143
10/12/2014 00:00,       2.137
11/12/2014 00:00,       2.130
12/12/2014 00:00,       2.124
13/12/2014 00:00,       2.118
14/12/2014 00:00,       2.112
15/12/2014 00:00,       2.106
16/12/2014 00:00,       2.100
17/12/2014 00:00,       2.094
18/12/2014 00:00,       2.088
19/12/2014 00:00,       2.083
20/12/2014 00:00,       2.078
21/12/2014 00:00,       2.073
22/12/2014 00:00,       2.069
23/12/2014 00:00,       2.064
24/12/2014 00:00,       2.059
25/12/2014 00:00,       2.055
26/12/2014 00:00,       2.050
27/12/2014 00:00,       2.045
28/12/2014 00:00,       2.041
29/12/2014 00:00,       2.036
30/12/2014 00:00,       2.031
31/12/2014 00:00,       2.027
01/01/2015 00:00,       2.022
02/01/2015 00:00,       2.017
03/01/2015 00:00,       2.012
04/01/2015 00:00,       2.008
05/01/2015 00:00,       2.003
06/01/2015 00:00,       1.998
07/01/2015 00:00,       1.994
08/01/2015 00:00,       1.989
09/01/2015 00:00,       1.984
10/01/2015 00:00,       1.980
11/01/2015 00:00,       1.975
12/01/2015 00:00,       1.970
13/01/2015 00:00,       1.966
14/01/2015 00:00,       1.961
15/01/2015 00:00,       1.956
16/01/2015 00:00,       1.952
17/01/2015 00:00,       1.947
18/01/2015 00:00,       1.942
19/01/2015 00:00,       1.938
20/01/2015 00:00,       1.933
21/01/2015 00:00,       1.928
22/01/2015 00:00,       1.923
23/01/2015 00:00,       1.919
24/01/2015 00:00,       1.914
25/01/2015 00:00,       1.909
26/01/2015 00:00,       1.905
27/01/2015 00:00,       1.900
28/01/2015 00:00,       1.895
29/01/2015 00:00,       1.891
30/01/2015 00:00,       1.886
31/01/2015 00:00,       1.881
01/02/2015 00:00,       1.877
02/02/2015 00:00,       1.872
03/02/2015 00:00,       1.867
04/02/2015 00:00,       1.863
05/02/2015 00:00,       1.858
06/02/2015 00:00,       1.853
07/02/2015 00:00,       1.849
08/02/2015 00:00,       1.844
09/02/2015 00:00,       1.839
10/02/2015 00:00,       1.834
11/02/2015 00:00,       1.830
12/02/2015 00:00,       1.825
13/02/2015 00:00,       1.820
14/02/2015 00:00,       1.816
15/02/2015 00:00,       1.811
16/02/2015 00:00,       1.806
17/02/2015 00:00,       1.802
18/02/2015 00:00,       1.797
19/02/2015 00:00,       1.792
20/02/2015 00:00,       1.787
21/02/2015 00:00,       1.783
22/02/2015 00:00,       1.778
23/02/2015 00:00,       1.773
24/02/2015 00:00,       1.769
25/02/2015 00:00,       1.764
26/02/2015 00:00,       1.759
27/02/2015 00:00,       1.754
28/02/2015 00:00,       1.750
01/03/2015 00:00,       1.745
02/03/2015 00:00,       1.740
03/03/2015 00:00,       1.736
04/03/2015 00:00,       1.731
05/03/2015 00:00,       1.726
06/03/2015 00:00,       1.721
07/03/2015 00:00,       1.717
08/03/2015 00:00,       1.712
09/03/2015 00:00,       1.707
10/03/2015 00:00,       1.703
11/03/2015 00:00,       1.698
12/03/2015 00:00,       1.693
13/03/2015 00:00,       1.688
14/03/2015 00:00,       1.684
15/03/2015 00:00,       1.679
16/03/2015 00:00,       1.674
17/03/2015 00:00,       1.669
18/03/2015 00:00,       1.665
19/03/2015 00:00,       1.660
20/03/2015 00:00,       1.655
21/03/2015 00:00,       1.651
22/03/2015 00:00,       1.646
23/03/2015 00:00,       1.641
24/03/2015 00:00,       1.636
25/03/2015 00:00,       1.632
26/03/2015 00:00,       1.627
27/03/2015 00:00,       1.622
28/03/2015 00:00,       1.617
29/03/2015 00:00,       1.613
30/03/2015 00:00,       1.608
31/03/2015 00:00,       1.603
01/04/2015 00:00,       1.599
02/04/2015 00:00,       1.594
03/04/2015 00:00,       1.589
04/04/2015 00:00,       1.584
05/04/2015 00:00,       1.580
06/04/2015 00:00,       1.575
07/04/2015 00:00,       1.570
08/04/2015 00:00,       1.566
09/04/2015 00:00,       1.561
10/04/2015 00:00,       1.556
11/04/2015 00:00,       1.551
12/04/2015 00:00,       1.547
13/04/2015 00:00,       1.542
14/04/2015 00:00,       1.537
15/04/2015 00:00,       1.534
16/04/2015 00:00,       1.542
17/04/2015 00:00,       1.542
18/04/2015 00:00,       1.537
19/04/2015 00:00,       1.538
20/04/2015 00:00,       1.537
21/04/2015 00:00,       1.535
22/04/2015 00:00,       1.533
23/04/2015 00:00,       1.532
24/04/2015 00:00,       1.534
25/04/2015 00:00,       1.531
26/04/2015 00:00,       1.528
27/04/2015 00:00,       1.527
28/04/2015 00:00,       1.531
29/04/2015 00:00,       1.527
30/04/2015 00:00,       1.526
01/05/2015 00:00,       1.526
02/05/2015 00:00,       1.521
03/05/2015 00:00,       1.522
04/05/2015 00:00,       1.530
05/05/2015 00:00,       1.508
06/05/2015 00:00,       1.504
07/05/2015 00:00,       1.509
08/05/2015 00:00,       1.514
09/05/2015 00:00,       1.519
10/05/2015 00:00,       1.510
11/05/2015 00:00,       1.512
12/05/2015 00:00,       1.500
13/05/2015 00:00,       1.520
14/05/2015 00:00,       1.528
15/05/2015 00:00,       1.533
16/05/2015 00:00,       1.531
17/05/2015 00:00,       1.527
18/05/2015 00:00,       1.527
19/05/2015 00:00,       1.538
20/05/2015 00:00,       1.532
21/05/2015 00:00,       1.540
22/05/2015 00:00,       1.537
23/05/2015 00:00,       1.534
24/05/2015 00:00,       1.532
25/05/2015 00:00,       1.531
26/05/2015 00:00,       1.530
27/05/2015 00:00,       1.527
28/05/2015 00:00,       1.528
29/05/2015 00:00,       1.533
30/05/2015 00:00,       1.532
31/05/2015 00:00,       1.526
01/06/2015 00:00,       1.535
02/06/2015 00:00,       1.534
03/06/2015 00:00,       1.534
04/06/2015 00:00,       1.527
05/06/2015 00:00,       1.524
06/06/2015 00:00,       1.540
07/06/2015 00:00,       1.540
08/06/2015 00:00,       1.530
09/06/2015 00:00,       1.530
10/06/2015 00:00,       1.540
11/06/2015 00:00,       1.539
12/06/2015 00:00,       1.539
13/06/2015 00:00,       1.539
14/06/2015 00:00,       1.541
15/06/2015 00:00,       1.540
16/06/2015 00:00,       1.544
17/06/2015 00:00,       1.542
18/06/2015 00:00,       1.541
19/06/2015 00:00,       1.542
20/06/2015 00:00,       1.541
21/06/2015 00:00,       1.543
22/06/2015 00:00,       1.554
23/06/2015 00:00,       1.550
24/06/2015 00:00,       1.537
25/06/2015 00:00,       1.538
26/06/2015 00:00,       1.542
27/06/2015 00:00,       1.542
28/06/2015 00:00,       1.539
29/06/2015 00:00,       1.539
30/06/2015 00:00,       1.538
01/07/2015 00:00,       1.537
02/07/2015 00:00,       1.531
03/07/2015 00:00,       1.540
04/07/2015 00:00,       1.551
05/07/2015 00:00,       1.562
06/07/2015 00:00,       1.565
07/07/2015 00:00,       1.570
08/07/2015 00:00,       1.572
09/07/2015 00:00,       1.575
10/07/2015 00:00,       1.577
11/07/2015 00:00,       1.580
12/07/2015 00:00,       1.583
13/07/2015 00:00,       1.593
14/07/2015 00:00,       1.605
15/07/2015 00:00,       1.632
16/07/2015 00:00,       1.643
17/07/2015 00:00,       1.651
18/07/2015 00:00,       1.668
19/07/2015 00:00,       1.678
20/07/2015 00:00,       1.688
21/07/2015 00:00,       1.702
22/07/2015 00:00,       1.702
23/07/2015 00:00,       1.711
24/07/2015 00:00,       1.717
25/07/2015 00:00,       1.721
26/07/2015 00:00,       1.713
27/07/2015 00:00,       1.747
28/07/2015 00:00,       1.762
29/07/2015 00:00,       1.772
30/07/2015 00:00,       1.776
31/07/2015 00:00,       1.787
01/08/2015 00:00,       1.793
02/08/2015 00:00,       1.786
03/08/2015 00:00,       1.796
04/08/2015 00:00,       1.814
05/08/2015 00:00,       1.813
06/08/2015 00:00,       1.832
07/08/2015 00:00,       1.842
08/08/2015 00:00,       1.852
09/08/2015 00:00,       1.863
10/08/2015 00:00,       1.864
11/08/2015 00:00,       1.886
12/08/2015 00:00,       1.900
13/08/2015 00:00,       1.920
14/08/2015 00:00,       1.939
15/08/2015 00:00,       1.959
16/08/2015 00:00,       1.967
17/08/2015 00:00,       1.978
18/08/2015 00:00,       1.999
19/08/2015 00:00,       2.014
20/08/2015 00:00,       2.033
21/08/2015 00:00,       2.031
22/08/2015 00:00,       2.034
23/08/2015 00:00,       2.039
24/08/2015 00:00,       2.043
25/08/2015 00:00,       2.045
26/08/2015 00:00,       2.050
27/08/2015 00:00,       2.053
28/08/2015 00:00,       2.061
29/08/2015 00:00,       2.065
30/08/2015 00:00,       2.068
31/08/2015 00:00,       2.070
01/09/2015 00:00,       2.077
02/09/2015 00:00,       2.085
03/09/2015 00:00,       2.082
04/09/2015 00:00,       2.083
05/09/2015 00:00,       2.086
06/09/2015 00:00,       2.084
07/09/2015 00:00,       2.069
08/09/2015 00:00,       2.092
09/09/2015 00:00,       2.103
10/09/2015 00:00,       2.108
11/09/2015 00:00,       2.114
12/09/2015 00:00,       2.113
13/09/2015 00:00,       2.119
14/09/2015 00:00,       2.115
15/09/2015 00:00,       2.114
16/09/2015 00:00,       2.124
17/09/2015 00:00,       2.122
18/09/2015 00:00,       2.125
19/09/2015 00:00,       2.129
20/09/2015 00:00,       2.131
21/09/2015 00:00,       2.113
22/09/2015 00:00,       2.124
23/09/2015 00:00,       2.125
24/09/2015 00:00,       2.125
25/09/2015 00:00,       2.128
26/09/2015 00:00,       2.125
27/09/2015 00:00,       2.124
28/09/2015 00:00,       2.120
29/09/2015 00:00,       2.120
30/09/2015 00:00,       2.124
01/10/2015 00:00,       2.118
02/10/2015 00:00,       2.121
03/10/2015 00:00,       2.118
04/10/2015 00:00,       2.115
05/10/2015 00:00,       2.115
06/10/2015 00:00,       2.100
07/10/2015 00:00,       2.103
08/10/2015 00:00,       2.101
09/10/2015 00:00,       2.098
10/10/2015 00:00,       2.094
11/10/2015 00:00,       2.091
12/10/2015 00:00,       2.088
13/10/2015 00:00,       2.085
14/10/2015 00:00,       2.082
15/10/2015 00:00,       2.077
16/10/2015 00:00,       2.070
17/10/2015 00:00,       2.065
18/10/2015 00:00,       2.062
19/10/2015 00:00,       2.059
20/10/2015 00:00,       2.056
21/10/2015 00:00,       2.049
22/10/2015 00:00,       2.042
23/10/2015 00:00,       2.038
24/10/2015 00:00,       2.037
25/10/2015 00:00,       2.025
26/10/2015 00:00,       2.019
27/10/2015 00:00,       2.019
28/10/2015 00:00,       2.010
29/10/2015 00:00,       2.007
30/10/2015 00:00,       2.004
31/10/2015 00:00,       1.996
01/11/2015 00:00,       1.991
02/11/2015 00:00,       1.993
03/11/2015 00:00,       1.991
04/11/2015 00:00,       1.990
05/11/2015 00:00,       1.981
06/11/2015 00:00,       1.975
07/11/2015 00:00,       1.973
08/11/2015 00:00,       1.966
09/11/2015 00:00,       1.958
10/11/2015 00:00,       1.955
11/11/2015 00:00,       1.949
12/11/2015 00:00,       1.939
13/11/2015 00:00,       1.932
14/11/2015 00:00,       1.927
15/11/2015 00:00,       1.923
16/11/2015 00:00,       1.917
17/11/2015 00:00,       1.910
18/11/2015 00:00,       1.908
19/11/2015 00:00,       1.900
20/11/2015 00:00,       1.891
21/11/2015 00:00,       1.887
22/11/2015 00:00,       1.881
23/11/2015 00:00,       1.874
24/11/2015 00:00,       1.872
25/11/2015 00:00,       1.869
26/11/2015 00:00,       1.848
27/11/2015 00:00,       1.857
28/11/2015 00:00,       1.855
29/11/2015 00:00,       1.850
30/11/2015 00:00,       1.843
01/12/2015 00:00,       1.830
02/12/2015 00:00,       1.828
03/12/2015 00:00,       1.828
04/12/2015 00:00,       1.823
05/12/2015 00:00,       1.819
06/12/2015 00:00,       1.814
07/12/2015 00:00,       1.815
08/12/2015 00:00,       1.794
09/12/2015 00:00,       1.789
10/12/2015 00:00,       1.785
11/12/2015 00:00,       1.772
12/12/2015 00:00,       1.775
13/12/2015 00:00,       1.772
14/12/2015 00:00,       1.767
15/12/2015 00:00,       1.761
16/12/2015 00:00,       1.756
17/12/2015 00:00,       1.749
18/12/2015 00:00,       1.742
19/12/2015 00:00,       1.736
20/12/2015 00:00,       1.721
21/12/2015 00:00,       1.723
22/12/2015 00:00,       1.718
23/12/2015 00:00,       1.712
24/12/2015 00:00,       1.707
25/12/2015 00:00,       1.701
26/12/2015 00:00,       1.690
27/12/2015 00:00,       1.691
28/12/2015 00:00,       1.688
29/12/2015 00:00,       1.683
30/12/2015 00:00,       1.676
31/12/2015 00:00,       1.669
01/01/2016 00:00,       1.663
02/01/2016 00:00,       1.660
03/01/2016 00:00,       1.654
04/01/2016 00:00,       1.650
05/01/2016 00:00,       1.644
06/01/2016 00:00,       1.636
07/01/2016 00:00,       1.630
08/01/2016 00:00,       1.625
09/01/2016 00:00,       1.622
10/01/2016 00:00,       1.620
11/01/2016 00:00,       1.619
12/01/2016 00:00,       1.616
13/01/2016 00:00,       1.608
14/01/2016 00:00,       1.597
15/01/2016 00:00,       1.597
16/01/2016 00:00,       1.595
17/01/2016 00:00,       1.589
18/01/2016 00:00,       1.586
19/01/2016 00:00,       1.588
20/01/2016 00:00,       1.583
21/01/2016 00:00,       1.578
22/01/2016 00:00,       1.576
23/01/2016 00:00,       1.569
24/01/2016 00:00,       1.566
25/01/2016 00:00,       1.564
26/01/2016 00:00,       1.562
27/01/2016 00:00,       1.554
28/01/2016 00:00,       1.550
29/01/2016 00:00,       1.558
30/01/2016 00:00,       1.554
31/01/2016 00:00,       1.550
01/02/2016 00:00,       1.553
02/02/2016 00:00,       1.553
03/02/2016 00:00,       1.547
04/02/2016 00:00,       1.541
05/02/2016 00:00,       1.538
06/02/2016 00:00,       1.532
07/02/2016 00:00,       1.527
08/02/2016 00:00,       1.521
09/02/2016 00:00,       1.518
10/02/2016 00:00,       1.514
11/02/2016 00:00,       1.510
12/02/2016 00:00,       1.506
13/02/2016 00:00,       1.501
14/02/2016 00:00,       1.495
15/02/2016 00:00,       1.494
16/02/2016 00:00,       1.492
17/02/2016 00:00,       1.488
18/02/2016 00:00,       1.488
19/02/2016 00:00,       1.488
20/02/2016 00:00,       1.485
21/02/2016 00:00,       1.483
22/02/2016 00:00,       1.481
23/02/2016 00:00,       1.478
24/02/2016 00:00,       1.499
25/02/2016 00:00,       1.510
26/02/2016 00:00,       1.500
27/02/2016 00:00,       1.495
28/02/2016 00:00,       1.488
29/02/2016 00:00,       1.484
01/03/2016 00:00,       1.479
02/03/2016 00:00,       1.473
03/03/2016 00:00,       1.469
04/03/2016 00:00,       1.465
05/03/2016 00:00,       1.462
06/03/2016 00:00,       1.459
07/03/2016 00:00,       1.458
08/03/2016 00:00,       1.453
09/03/2016 00:00,       1.450
10/03/2016 00:00,       1.450
11/03/2016 00:00,       1.447
12/03/2016 00:00,       1.445
13/03/2016 00:00,       1.442
14/03/2016 00:00,       1.438
15/03/2016 00:00,       1.430
16/03/2016 00:00,       1.416
17/03/2016 00:00,       1.402
18/03/2016 00:00,       1.388
19/03/2016 00:00,       1.375
20/03/2016 00:00,       1.361
21/03/2016 00:00,       1.347
22/03/2016 00:00,       1.379
23/03/2016 00:00,       1.427
24/03/2016 00:00,       1.428
25/03/2016 00:00,       1.426
26/03/2016 00:00,       1.427
27/03/2016 00:00,       1.429
28/03/2016 00:00,       1.427
29/03/2016 00:00,       1.426
30/03/2016 00:00,       1.425
31/03/2016 00:00,       1.426
01/04/2016 00:00,       1.424
02/04/2016 00:00,       1.420
03/04/2016 00:00,       1.419
04/04/2016 00:00,       1.418
05/04/2016 00:00,       1.417
06/04/2016 00:00,       1.418
07/04/2016 00:00,       1.418
08/04/2016 00:00,       1.416
09/04/2016 00:00,       1.415
10/04/2016 00:00,       1.412
11/04/2016 00:00,       1.410
12/04/2016 00:00,       1.411
13/04/2016 00:00,       1.411
14/04/2016 00:00,       1.409
15/04/2016 00:00,       1.407
16/04/2016 00:00,       1.406
17/04/2016 00:00,       1.404
18/04/2016 00:00,       1.402
19/04/2016 00:00,       1.399
20/04/2016 00:00,       1.399
21/04/2016 00:00,       1.395
22/04/2016 00:00,       1.393
23/04/2016 00:00,       1.390
24/04/2016 00:00,       1.390
25/04/2016 00:00,       1.387
26/04/2016 00:00,       1.385
27/04/2016 00:00,       1.383
28/04/2016 00:00,       1.382
29/04/2016 00:00,       1.389
30/04/2016 00:00,       1.386
01/05/2016 00:00,       1.386
02/05/2016 00:00,       1.389
03/05/2016 00:00,       1.385
04/05/2016 00:00,       1.388
05/05/2016 00:00,       1.388
06/05/2016 00:00,       1.383
07/05/2016 00:00,       1.381
08/05/2016 00:00,       1.383
09/05/2016 00:00,       1.383
10/05/2016 00:00,       1.364
11/05/2016 00:00,       1.363
12/05/2016 00:00,       1.362
13/05/2016 00:00,       1.365
14/05/2016 00:00,       1.366
15/05/2016 00:00,       1.360
16/05/2016 00:00,       1.360
17/05/2016 00:00,       1.354
18/05/2016 00:00,       1.357
19/05/2016 00:00,       1.351
20/05/2016 00:00,       1.354
21/05/2016 00:00,       1.355
22/05/2016 00:00,       1.357
23/05/2016 00:00,       1.355
24/05/2016 00:00,       1.357
25/05/2016 00:00,       1.365
26/05/2016 00:00,       1.371
27/05/2016 00:00,       1.376
28/05/2016 00:00,       1.376
29/05/2016 00:00,       1.375
30/05/2016 00:00,       1.374
31/05/2016 00:00,       1.373
01/06/2016 00:00,       1.365
02/06/2016 00:00,       1.360
03/06/2016 00:00,       1.355
04/06/2016 00:00,       1.352
05/06/2016 00:00,       1.351
06/06/2016 00:00,       1.360
07/06/2016 00:00,       1.355
08/06/2016 00:00,       1.370
09/06/2016 00:00,       1.374
10/06/2016 00:00,       1.373
11/06/2016 00:00,       1.371
12/06/2016 00:00,       1.375
13/06/2016 00:00,       1.378
14/06/2016 00:00,       1.378
15/06/2016 00:00,       1.379
16/06/2016 00:00,       1.387
17/06/2016 00:00,       1.386
18/06/2016 00:00,       1.387
19/06/2016 00:00,       1.387
20/06/2016 00:00,       1.387
21/06/2016 00:00,       1.390
22/06/2016 00:00,       1.396
23/06/2016 00:00,       1.458
24/06/2016 00:00,       1.495
25/06/2016 00:00,       1.567
26/06/2016 00:00,       1.603
27/06/2016 00:00,       1.625
28/06/2016 00:00,       1.654
29/06/2016 00:00,       1.687
30/06/2016 00:00,       1.681
01/07/2016 00:00,       1.732
02/07/2016 00:00,       1.820
03/07/2016 00:00,       1.939
04/07/2016 00:00,       2.046
05/07/2016 00:00,       2.161
06/07/2016 00:00,       2.253
07/07/2016 00:00,       2.314
08/07/2016 00:00,       2.351
09/07/2016 00:00,       2.381
10/07/2016 00:00,       2.429
11/07/2016 00:00,       2.156
12/07/2016 00:00,       1.229
13/07/2016 00:00,       1.352
14/07/2016 00:00,       2.125
15/07/2016 00:00,       2.049
16/07/2016 00:00,       1.931
17/07/2016 00:00,       1.894
18/07/2016 00:00,       1.892
19/07/2016 00:00,       1.925
20/07/2016 00:00,       1.931
21/07/2016 00:00,       1.936
22/07/2016 00:00,       1.925
23/07/2016 00:00,       1.962
24/07/2016 00:00,       1.999
25/07/2016 00:00,       1.938
26/07/2016 00:00,       1.858
27/07/2016 00:00,       1.517
28/07/2016 00:00,       1.153
29/07/2016 00:00,       1.176
30/07/2016 00:00,       1.160
31/07/2016 00:00,       1.121
01/08/2016 00:00,       1.074
02/08/2016 00:00,       1.011
03/08/2016 00:00,       1.371
04/08/2016 00:00,       1.834
05/08/2016 00:00,       1.543
06/08/2016 00:00,       1.408
07/08/2016 00:00,       1.320
08/08/2016 00:00,       1.254
09/08/2016 00:00,       1.097
10/08/2016 00:00,       0.989
11/08/2016 00:00,       0.990
12/08/2016 00:00,       0.992
13/08/2016 00:00,       0.997
14/08/2016 00:00,       1.006
15/08/2016 00:00,       0.997
16/08/2016 00:00,       0.987
17/08/2016 00:00,       0.977
18/08/2016 00:00,       1.022
19/08/2016 00:00,       1.193
20/08/2016 00:00,       1.220
21/08/2016 00:00,       1.226
22/08/2016 00:00,       1.168
23/08/2016 00:00,       1.139
24/08/2016 00:00,       1.161
25/08/2016 00:00,       1.126
26/08/2016 00:00,       1.095
27/08/2016 00:00,       1.045
28/08/2016 00:00,       0.998
29/08/2016 00:00,       0.962
30/08/2016 00:00,       0.945
31/08/2016 00:00,       0.943
01/09/2016 00:00,       0.971
02/09/2016 00:00,       1.242
03/09/2016 00:00,       1.562
04/09/2016 00:00,       1.576
05/09/2016 00:00,       1.610
06/09/2016 00:00,       1.595
07/09/2016 00:00,       1.347
08/09/2016 00:00,       1.009
09/09/2016 00:00,       1.133
10/09/2016 00:00,       1.310
11/09/2016 00:00,       1.506
12/09/2016 00:00,       1.438
13/09/2016 00:00,       1.418
14/09/2016 00:00,       1.436
15/09/2016 00:00,       1.423
16/09/2016 00:00,       1.404
17/09/2016 00:00,       1.399
18/09/2016 00:00,       1.385
19/09/2016 00:00,       1.370
20/09/2016 00:00,       1.358
21/09/2016 00:00,       1.342
22/09/2016 00:00,       1.313
23/09/2016 00:00,       1.212
24/09/2016 00:00,       1.165
25/09/2016 00:00,       1.183
26/09/2016 00:00,       1.174
27/09/2016 00:00,       1.231
28/09/2016 00:00,       1.276
29/09/2016 00:00,       1.284
30/09/2016 00:00,       1.285
01/10/2016 00:00,       1.322
02/10/2016 00:00,       1.340
03/10/2016 00:00,       1.375
04/10/2016 00:00,       1.393
05/10/2016 00:00,       1.417
06/10/2016 00:00,       1.429
07/10/2016 00:00,       1.428
08/10/2016 00:00,       1.420
09/10/2016 00:00,       1.416
10/10/2016 00:00,       1.405
11/10/2016 00:00,       1.387
12/10/2016 00:00,       1.375
13/10/2016 00:00,       1.360
14/10/2016 00:00,       1.345
15/10/2016 00:00,       1.326
16/10/2016 00:00,       1.307
17/10/2016 00:00,       1.287
18/10/2016 00:00,       1.280
19/10/2016 00:00,       1.262
20/10/2016 00:00,       1.219
21/10/2016 00:00,       1.473
22/10/2016 00:00,       1.453
23/10/2016 00:00,       1.427
24/10/2016 00:00,       1.645
25/10/2016 00:00,       2.185
26/10/2016 00:00,       2.447
27/10/2016 00:00,       2.564
28/10/2016 00:00,       2.553
29/10/2016 00:00,       2.555
30/10/2016 00:00,       2.525
31/10/2016 00:00,       2.532
01/11/2016 00:00,       2.531
02/11/2016 00:00,       2.529
03/11/2016 00:00,       2.524
04/11/2016 00:00,       2.506
05/11/2016 00:00,       2.498
06/11/2016 00:00,       2.506
07/11/2016 00:00,       2.504
08/11/2016 00:00,       2.497
09/11/2016 00:00,       2.504
10/11/2016 00:00,       2.559
11/11/2016 00:00,       2.603
12/11/2016 00:00,       2.618
13/11/2016 00:00,       2.626
14/11/2016 00:00,       2.651
15/11/2016 00:00,       2.656
16/11/2016 00:00,       2.656
17/11/2016 00:00,       2.648
18/11/2016 00:00,       2.640
19/11/2016 00:00,       2.634
20/11/2016 00:00,       2.632
21/11/2016 00:00,       2.626
22/11/2016 00:00,       2.621
23/11/2016 00:00,       2.614
24/11/2016 00:00,       2.608
25/11/2016 00:00,       2.606
26/11/2016 00:00,       2.603
27/11/2016 00:00,       2.603
28/11/2016 00:00,       2.600
29/11/2016 00:00,       2.594
30/11/2016 00:00,       2.591
01/12/2016 00:00,       2.588
02/12/2016 00:00,       2.580
03/12/2016 00:00,       2.578
04/12/2016 00:00,       2.575
05/12/2016 00:00,       2.562
06/12/2016 00:00,       2.556
07/12/2016 00:00,       2.558
08/12/2016 00:00,       2.524
09/12/2016 00:00,       2.539
10/12/2016 00:00,       2.536
11/12/2016 00:00,       2.532
12/12/2016 00:00,       2.526
13/12/2016 00:00,       2.517
14/12/2016 00:00,       2.506
15/12/2016 00:00,       2.501
16/12/2016 00:00,       2.491
17/12/2016 00:00,       2.473
18/12/2016 00:00,       2.476
19/12/2016 00:00,       2.471
20/12/2016 00:00,       2.453
21/12/2016 00:00,       2.450
22/12/2016 00:00,       2.447
23/12/2016 00:00,       2.440
24/12/2016 00:00,       2.428
25/12/2016 00:00,       2.421
26/12/2016 00:00,       2.417
27/12/2016 00:00,       2.426
28/12/2016 00:00,       2.446
29/12/2016 00:00,       2.437
30/12/2016 00:00,       2.422
31/12/2016 00:00,       2.415
01/01/2017 00:00,       2.407
02/01/2017 00:00,       2.402
03/01/2017 00:00,       2.398
04/01/2017 00:00,       2.391
05/01/2017 00:00,       2.386
06/01/2017 00:00,       2.380
07/01/2017 00:00,       2.375
08/01/2017 00:00,       2.356
09/01/2017 00:00,       2.351
10/01/2017 00:00,       2.342
11/01/2017 00:00,       2.331
12/01/2017 00:00,       2.334
13/01/2017 00:00,       2.328
14/01/2017 00:00,       2.317
15/01/2017 00:00,       2.325
16/01/2017 00:00,       2.321
17/01/2017 00:00,       2.315
18/01/2017 00:00,       2.306
19/01/2017 00:00,       2.310
20/01/2017 00:00,       2.315
21/01/2017 00:00,       2.311
22/01/2017 00:00,       2.306
23/01/2017 00:00,       2.302
24/01/2017 00:00,       2.287
25/01/2017 00:00,       2.284
26/01/2017 00:00,       2.278
27/01/2017 00:00,       2.276
28/01/2017 00:00,       2.270
29/01/2017 00:00,       2.266
30/01/2017 00:00,       2.259
31/01/2017 00:00,       2.254
01/02/2017 00:00,       2.251
02/02/2017 00:00,       2.241
03/02/2017 00:00,       2.238
04/02/2017 00:00,       2.236
05/02/2017 00:00,       2.237
06/02/2017 00:00,       2.238
07/02/2017 00:00,       2.234
08/02/2017 00:00,       2.228
09/02/2017 00:00,       2.215
10/02/2017 00:00,       2.207
11/02/2017 00:00,       2.199
12/02/2017 00:00,       2.181
13/02/2017 00:00,       2.181
14/02/2017 00:00,       2.186
15/02/2017 00:00,       2.176
16/02/2017 00:00,       2.172
17/02/2017 00:00,       2.159
18/02/2017 00:00,       2.155
19/02/2017 00:00,       2.147
20/02/2017 00:00,       2.154
21/02/2017 00:00,       2.154
22/02/2017 00:00,       2.145
23/02/2017 00:00,       2.129
24/02/2017 00:00,       2.130
25/02/2017 00:00,       2.126
26/02/2017 00:00,       2.121
27/02/2017 00:00,       2.116
28/02/2017 00:00,       2.114
01/03/2017 00:00,       2.104
02/03/2017 00:00,       2.096
03/03/2017 00:00,       2.092
04/03/2017 00:00,       2.083
05/03/2017 00:00,       2.081
06/03/2017 00:00,       2.077
07/03/2017 00:00,       2.071
08/03/2017 00:00,       2.066
09/03/2017 00:00,       2.056
10/03/2017 00:00,       2.055
11/03/2017 00:00,       2.060
12/03/2017 00:00,       2.058
13/03/2017 00:00,       2.053
14/03/2017 00:00,       2.049
15/03/2017 00:00,       2.048
16/03/2017 00:00,       2.026
17/03/2017 00:00,       2.033
18/03/2017 00:00,       2.026
19/03/2017 00:00,       2.021
20/03/2017 00:00,       2.022
21/03/2017 00:00,       2.043
22/03/2017 00:00,       2.037
23/03/2017 00:00,       2.034
24/03/2017 00:00,       2.026
25/03/2017 00:00,       2.016
26/03/2017 00:00,       2.021
27/03/2017 00:00,       2.005
28/03/2017 00:00,       2.007
29/03/2017 00:00,       2.003
30/03/2017 00:00,       2.003
31/03/2017 00:00,       2.005
01/04/2017 00:00,       1.998
02/04/2017 00:00,       2.000
03/04/2017 00:00,       1.996
04/04/2017 00:00,       1.993
05/04/2017 00:00,       1.992
06/04/2017 00:00,       1.987
07/04/2017 00:00,       1.986
08/04/2017 00:00,       1.977
09/04/2017 00:00,       1.961
10/04/2017 00:00,       1.982
11/04/2017 00:00,       1.985
12/04/2017 00:00,       1.982
13/04/2017 00:00,       1.977
14/04/2017 00:00,       1.977
15/04/2017 00:00,       1.976
16/04/2017 00:00,       1.969
17/04/2017 00:00,       1.971
18/04/2017 00:00,       1.969
19/04/2017 00:00,       1.966
20/04/2017 00:00,       1.973
21/04/2017 00:00,       1.971
22/04/2017 00:00,       1.969
23/04/2017 00:00,       1.969
24/04/2017 00:00,       1.970
25/04/2017 00:00,       1.963
26/04/2017 00:00,       1.967
27/04/2017 00:00,       1.975
28/04/2017 00:00,       1.968
29/04/2017 00:00,       1.973
30/04/2017 00:00,       1.978
01/05/2017 00:00,       1.973
02/05/2017 00:00,       1.971
03/05/2017 00:00,       1.973
04/05/2017 00:00,       1.971
05/05/2017 00:00,       1.970
06/05/2017 00:00,       1.954
07/05/2017 00:00,       1.963
08/05/2017 00:00,       1.963
09/05/2017 00:00,       1.963
10/05/2017 00:00,       1.961
11/05/2017 00:00,       1.960
12/05/2017 00:00,       1.958
13/05/2017 00:00,       1.957
14/05/2017 00:00,       1.955
15/05/2017 00:00,       1.953
16/05/2017 00:00,       1.956
17/05/2017 00:00,       1.964
18/05/2017 00:00,       1.956
19/05/2017 00:00,       1.961
20/05/2017 00:00,       1.965
21/05/2017 00:00,       1.961
22/05/2017 00:00,       1.965
23/05/2017 00:00,       1.960
24/05/2017 00:00,       1.959
25/05/2017 00:00,       1.978
26/05/2017 00:00,       2.005
27/05/2017 00:00,       2.015
28/05/2017 00:00,       2.019
29/05/2017 00:00,       2.042
30/05/2017 00:00,       2.046
31/05/2017 00:00,       2.062
01/06/2017 00:00,       2.071
02/06/2017 00:00,       1.840
03/06/2017 00:00,       1.381
04/06/2017 00:00,       1.209
05/06/2017 00:00,       1.232
06/06/2017 00:00,       1.429
07/06/2017 00:00,       1.542
08/06/2017 00:00,       1.601
09/06/2017 00:00,       1.619
10/06/2017 00:00,       1.626
11/06/2017 00:00,       1.629
12/06/2017 00:00,       1.504
13/06/2017 00:00,       1.094
14/06/2017 00:00,       0.894
15/06/2017 00:00,       0.880
16/06/2017 00:00,       0.865
17/06/2017 00:00,       0.851
18/06/2017 00:00,       0.848
19/06/2017 00:00,       0.817
20/06/2017 00:00,       0.852
21/06/2017 00:00,       0.852
22/06/2017 00:00,       0.851
23/06/2017 00:00,       0.849
24/06/2017 00:00,       0.849
25/06/2017 00:00,       0.848
26/06/2017 00:00,       0.848
27/06/2017 00:00,       0.847
28/06/2017 00:00,       0.848
29/06/2017 00:00,       0.846
30/06/2017 00:00,       0.845
01/07/2017 00:00,       0.845
02/07/2017 00:00,       0.845
03/07/2017 00:00,       0.846
04/07/2017 00:00,       0.845
05/07/2017 00:00,       0.845
06/07/2017 00:00,       0.847
07/07/2017 00:00,       0.846
08/07/2017 00:00,       0.848
09/07/2017 00:00,       0.849
10/07/2017 00:00,       0.851
11/07/2017 00:00,       0.853
12/07/2017 00:00,       0.854
13/07/2017 00:00,       0.856
14/07/2017 00:00,       0.858
15/07/2017 00:00,       0.862
16/07/2017 00:00,       0.865
17/07/2017 00:00,       0.866
18/07/2017 00:00,       0.874
19/07/2017 00:00,       0.890
20/07/2017 00:00,       0.947
21/07/2017 00:00,       0.972
22/07/2017 00:00,       0.936
23/07/2017 00:00,       0.926
24/07/2017 00:00,       0.924
25/07/2017 00:00,       0.926
26/07/2017 00:00,       0.926
27/07/2017 00:00,       0.930
28/07/2017 00:00,       0.936
29/07/2017 00:00,       0.950
30/07/2017 00:00,       0.964
31/07/2017 00:00,       0.985
01/08/2017 00:00,       0.980
02/08/2017 00:00,       0.969
03/08/2017 00:00,       0.965
04/08/2017 00:00,       0.957
05/08/2017 00:00,       0.967
06/08/2017 00:00,       1.026
07/08/2017 00:00,       1.079
08/08/2017 00:00,       1.138
09/08/2017 00:00,       1.142
10/08/2017 00:00,       1.110
11/08/2017 00:00,       1.134
12/08/2017 00:00,       1.138
13/08/2017 00:00,       1.130
14/08/2017 00:00,       1.115
15/08/2017 00:00,       1.110
16/08/2017 00:00,       1.135
17/08/2017 00:00,       1.155
18/08/2017 00:00,       1.221
19/08/2017 00:00,       1.258
20/08/2017 00:00,       1.258
21/08/2017 00:00,       1.270
22/08/2017 00:00,       1.268
23/08/2017 00:00,       1.267
24/08/2017 00:00,       1.283
25/08/2017 00:00,       1.277
26/08/2017 00:00,       1.269
27/08/2017 00:00,       1.259
28/08/2017 00:00,       1.243
29/08/2017 00:00,       1.229
30/08/2017 00:00,       1.216
31/08/2017 00:00,       1.200
01/09/2017 00:00,       1.185
02/09/2017 00:00,       1.173
03/09/2017 00:00,       1.172
04/09/2017 00:00,       1.183
05/09/2017 00:00,       1.201
06/09/2017 00:00,       1.227
07/09/2017 00:00,       1.255
08/09/2017 00:00,       1.272
09/09/2017 00:00,       1.269
10/09/2017 00:00,       1.261
11/09/2017 00:00,       1.243
12/09/2017 00:00,       1.227
13/09/2017 00:00,       1.220
14/09/2017 00:00,       1.213
15/09/2017 00:00,       1.204
16/09/2017 00:00,       1.197
17/09/2017 00:00,       1.191
18/09/2017 00:00,       1.189
19/09/2017 00:00,       1.176
20/09/2017 00:00,       1.160
21/09/2017 00:00,       1.146
22/09/2017 00:00,       1.132
23/09/2017 00:00,       1.099
24/09/2017 00:00,       1.011
25/09/2017 00:00,       1.076
26/09/2017 00:00,       1.394
27/09/2017 00:00,       1.347
28/09/2017 00:00,       1.730
29/09/2017 00:00,       1.986
30/09/2017 00:00,       2.087
01/10/2017 00:00,       1.920
02/10/2017 00:00,       1.483
03/10/2017 00:00,       1.465
04/10/2017 00:00,       1.735
05/10/2017 00:00,""
06/10/2017 00:00,""
07/10/2017 00:00,""
08/10/2017 00:00,""
09/10/2017 00:00,""
10/10/2017 00:00,""
11/10/2017 00:00,""
12/10/2017 00:00,""
13/10/2017 00:00,""
14/10/2017 00:00,""
15/10/2017 00:00,""
16/10/2017 00:00,""
17/10/2017 00:00,""
18/10/2017 00:00,""
19/10/2017 00:00,""
20/10/2017 00:00,""
21/10/2017 00:00,""
22/10/2017 00:00,""
23/10/2017 00:00,""
24/10/2017 00:00,""
25/10/2017 00:00,""
26/10/2017 00:00,""
27/10/2017 00:00,""
28/10/2017 00:00,""
29/10/2017 00:00,""
30/10/2017 00:00,""
31/10/2017 00:00,""
01/11/2017 00:00,""
02/11/2017 00:00,""
03/11/2017 00:00,""
04/11/2017 00:00,""
05/11/2017 00:00,""
06/11/2017 00:00,""
07/11/2017 00:00,""
08/11/2017 00:00,""
09/11/2017 00:00,""
10/11/2017 00:00,""
11/11/2017 00:00,""
12/11/2017 00:00,""
13/11/2017 00:00,""
14/11/2017 00:00,""
15/11/2017 00:00,""
16/11/2017 00:00,""
17/11/2017 00:00,""
18/11/2017 00:00,""
19/11/2017 00:00,""
20/11/2017 00:00,""
21/11/2017 00:00,""
22/11/2017 00:00,""
23/11/2017 00:00,""
24/11/2017 00:00,""
25/11/2017 00:00,""
26/11/2017 00:00,""
27/11/2017 00:00,""
28/11/2017 00:00,""
29/11/2017 00:00,""
30/11/2017 00:00,""
01/12/2017 00:00,""
02/12/2017 00:00,""
03/12/2017 00:00,""
04/12/2017 00:00,""
05/12/2017 00:00,""
06/12/2017 00:00,""
07/12/2017 00:00,""
08/12/2017 00:00,""
09/12/2017 00:00,""
10/12/2017 00:00,""
11/12/2017 00:00,""
12/12/2017 00:00,""
13/12/2017 00:00,""
14/12/2017 00:00,""
15/12/2017 00:00,""
16/12/2017 00:00,""
17/12/2017 00:00,""
18/12/2017 00:00,""
19/12/2017 00:00,""
20/12/2017 00:00,""
21/12/2017 00:00,""
22/12/2017 00:00,""
23/12/2017 00:00,""
24/12/2017 00:00,""
25/12/2017 00:00,""
26/12/2017 00:00,""
27/12/2017 00:00,""
28/12/2017 00:00,""
29/12/2017 00:00,""
30/12/2017 00:00,""
31/12/2017 00:00,""
01/01/2018 00:00,""
02/01/2018 00:00,""
03/01/2018 00:00,""
04/01/2018 00:00,""
05/01/2018 00:00,""
06/01/2018 00:00,""
07/01/2018 00:00,""
08/01/2018 00:00,""
09/01/2018 00:00,""
10/01/2018 00:00,""
11/01/2018 00:00,""
12/01/2018 00:00,""
13/01/2018 00:00,""
14/01/2018 00:00,""
15/01/2018 00:00,""
16/01/2018 00:00,""
17/01/2018 00:00,""
18/01/2018 00:00,""
19/01/2018 00:00,""
20/01/2018 00:00,""
21/01/2018 00:00,""
22/01/2018 00:00,""
23/01/2018 00:00,""
24/01/2018 00:00,""
25/01/2018 00:00,""
26/01/2018 00:00,""
27/01/2018 00:00,""
28/01/2018 00:00,""
29/01/2018 00:00,""
30/01/2018 00:00,""
31/01/2018 00:00,""
01/02/2018 00:00,""
02/02/2018 00:00,""
03/02/2018 00:00,""
04/02/2018 00:00,""
05/02/2018 00:00,""
06/02/2018 00:00,""
07/02/2018 00:00,""
08/02/2018 00:00,""
09/02/2018 00:00,""
10/02/2018 00:00,""
11/02/2018 00:00,""
12/02/2018 00:00,""
13/02/2018 00:00,""
14/02/2018 00:00,""
15/02/2018 00:00,""
16/02/2018 00:00,""
17/02/2018 00:00,""
18/02/2018 00:00,""
19/02/2018 00:00,""
20/02/2018 00:00,""
21/02/2018 00:00,""
22/02/2018 00:00,""
23/02/2018 00:00,""
24/02/2018 00:00,""
25/02/2018 00:00,""
26/02/2018 00:00,""
27/02/2018 00:00,""
28/02/2018 00:00,""
01/03/2018 00:00,""
02/03/2018 00:00,""
03/03/2018 00:00,""
04/03/2018 00:00,""
05/03/2018 00:00,""
06/03/2018 00:00,""
07/03/2018 00:00,""
08/03/2018 00:00,""
09/03/2018 00:00,""
10/03/2018 00:00,""
11/03/2018 00:00,""
12/03/2018 00:00,""
13/03/2018 00:00,""
14/03/2018 00:00,""
15/03/2018 00:00,""
16/03/2018 00:00,""
17/03/2018 00:00,""
18/03/2018 00:00,""
19/03/2018 00:00,""
20/03/2018 00:00,""
21/03/2018 00:00,""
22/03/2018 00:00,""
23/03/2018 00:00,""
24/03/2018 00:00,""
25/03/2018 00:00,""
26/03/2018 00:00,""
27/03/2018 00:00,""
28/03/2018 00:00,""
29/03/2018 00:00,""
30/03/2018 00:00,""
31/03/2018 00:00,""
01/04/2018 00:00,""
02/04/2018 00:00,""
03/04/2018 00:00,""
04/04/2018 00:00,""
05/04/2018 00:00,""
06/04/2018 00:00,""
07/04/2018 00:00,""
08/04/2018 00:00,""
09/04/2018 00:00,""
10/04/2018 00:00,""
11/04/2018 00:00,""
12/04/2018 00:00,""
13/04/2018 00:00,""
14/04/2018 00:00,""
15/04/2018 00:00,""
16/04/2018 00:00,""
17/04/2018 00:00,""
18/04/2018 00:00,""
19/04/2018 00:00,""
20/04/2018 00:00,""
21/04/2018 00:00,""
22/04/2018 00:00,""
23/04/2018 00:00,""
24/04/2018 00:00,""
25/04/2018 00:00,""
26/04/2018 00:00,""
27/04/2018 00:00,""
28/04/2018 00:00,""
29/04/2018 00:00,""
30/04/2018 00:00,""
01/05/2018 00:00,""
02/05/2018 00:00,""
03/05/2018 00:00,""
04/05/2018 00:00,""
05/05/2018 00:00,""
06/05/2018 00:00,""
07/05/2018 00:00,""
08/05/2018 00:00,""
09/05/2018 00:00,""
10/05/2018 00:00,""
11/05/2018 00:00,""
12/05/2018 00:00,""
13/05/2018 00:00,""
14/05/2018 00:00,""
15/05/2018 00:00,""
16/05/2018 00:00,""
17/05/2018 00:00,""
18/05/2018 00:00,""
19/05/2018 00:00,""
20/05/2018 00:00,""
21/05/2018 00:00,""
22/05/2018 00:00,""
23/05/2018 00:00,""
24/05/2018 00:00,""
25/05/2018 00:00,""
26/05/2018 00:00,""
27/05/2018 00:00,""
28/05/2018 00:00,""
29/05/2018 00:00,""
30/05/2018 00:00,""
31/05/2018 00:00,""
01/06/2018 00:00,""
02/06/2018 00:00,""
03/06/2018 00:00,""
04/06/2018 00:00,""
05/06/2018 00:00,""
06/06/2018 00:00,""
07/06/2018 00:00,""
08/06/2018 00:00,""
09/06/2018 00:00,""
10/06/2018 00:00,""
11/06/2018 00:00,""
12/06/2018 00:00,""
13/06/2018 00:00,""
14/06/2018 00:00,""
15/06/2018 00:00,""
16/06/2018 00:00,""
17/06/2018 00:00,""
18/06/2018 00:00,""
19/06/2018 00:00,""
20/06/2018 00:00,""
21/06/2018 00:00,""
22/06/2018 00:00,""
23/06/2018 00:00,""
24/06/2018 00:00,""
25/06/2018 00:00,""
26/06/2018 00:00,""
27/06/2018 00:00,""
28/06/2018 00:00,""
29/06/2018 00:00,""
30/06/2018 00:00,""
01/07/2018 00:00,""
02/07/2018 00:00,""
03/07/2018 00:00,""
04/07/2018 00:00,""
05/07/2018 00:00,""
06/07/2018 00:00,""
07/07/2018 00:00,""
08/07/2018 00:00,""
09/07/2018 00:00,""
10/07/2018 00:00,""
11/07/2018 00:00,""
12/07/2018 00:00,""
13/07/2018 00:00,""
14/07/2018 00:00,""
15/07/2018 00:00,""
16/07/2018 00:00,""
17/07/2018 00:00,""
18/07/2018 00:00,""
19/07/2018 00:00,""
20/07/2018 00:00,""
21/07/2018 00:00,""
22/07/2018 00:00,""
23/07/2018 00:00,""
24/07/2018 00:00,""
25/07/2018 00:00,""
26/07/2018 00:00,""
27/07/2018 00:00,""
28/07/2018 00:00,""
29/07/2018 00:00,""
30/07/2018 00:00,""
31/07/2018 00:00,""
01/08/2018 00:00,""
02/08/2018 00:00,""
03/08/2018 00:00,""
04/08/2018 00:00,""
05/08/2018 00:00,""
06/08/2018 00:00,""
07/08/2018 00:00,""
08/08/2018 00:00,""
09/08/2018 00:00,""
10/08/2018 00:00,""
11/08/2018 00:00,""
12/08/2018 00:00,""
13/08/2018 00:00,""
14/08/2018 00:00,""
15/08/2018 00:00,""
16/08/2018 00:00,""
17/08/2018 00:00,""
18/08/2018 00:00,""
19/08/2018 00:00,""
20/08/2018 00:00,""
21/08/2018 00:00,""
22/08/2018 00:00,""
23/08/2018 00:00,""
24/08/2018 00:00,""
25/08/2018 00:00,""
26/08/2018 00:00,""
27/08/2018 00:00,""
28/08/2018 00:00,""
29/08/2018 00:00,""
30/08/2018 00:00,""
31/08/2018 00:00,""
01/09/2018 00:00,""
02/09/2018 00:00,""
03/09/2018 00:00,""
04/09/2018 00:00,""
05/09/2018 00:00,""
06/09/2018 00:00,""
07/09/2018 00:00,""
08/09/2018 00:00,""
09/09/2018 00:00,""
10/09/2018 00:00,""
11/09/2018 00:00,""
12/09/2018 00:00,""
13/09/2018 00:00,""
14/09/2018 00:00,""
15/09/2018 00:00,""
16/09/2018 00:00,""
17/09/2018 00:00,""
18/09/2018 00:00,""
19/09/2018 00:00,""
20/09/2018 00:00,""
21/09/2018 00:00,""
22/09/2018 00:00,""
23/09/2018 00:00,""
24/09/2018 00:00,""
25/09/2018 00:00,""
26/09/2018 00:00,""
27/09/2018 00:00,""
28/09/2018 00:00,""
29/09/2018 00:00,""
30/09/2018 00:00,""
01/10/2018 00:00,""
02/10/2018 00:00,""
03/10/2018 00:00,""
04/10/2018 00:00,""
05/10/2018 00:00,""
06/10/2018 00:00,""
07/10/2018 00:00,""
08/10/2018 00:00,""
09/10/2018 00:00,""
10/10/2018 00:00,""
11/10/2018 00:00,""
12/10/2018 00:00,""
13/10/2018 00:00,""
14/10/2018 00:00,""
15/10/2018 00:00,""
16/10/2018 00:00,""
17/10/2018 00:00,""
18/10/2018 00:00,""
19/10/2018 00:00,""
20/10/2018 00:00,""
21/10/2018 00:00,""
22/10/2018 00:00,""
23/10/2018 00:00,""
24/10/2018 00:00,""
25/10/2018 00:00,""
26/10/2018 00:00,""
27/10/2018 00:00,""
28/10/2018 00:00,""
29/10/2018 00:00,""
30/10/2018 00:00,""
31/10/2018 00:00,""
01/11/2018 00:00,""
02/11/2018 00:00,""
03/11/2018 00:00,""
04/11/2018 00:00,""
05/11/2018 00:00,""
06/11/2018 00:00,""
07/11/2018 00:00,""
08/11/2018 00:00,""
09/11/2018 00:00,""
10/11/2018 00:00,""
11/11/2018 00:00,""
12/11/2018 00:00,""
13/11/2018 00:00,""
14/11/2018 00:00,""
15/11/2018 00:00,""
16/11/2018 00:00,""
17/11/2018 00:00,""
18/11/2018 00:00,""
19/11/2018 00:00,""
20/11/2018 00:00,""
21/11/2018 00:00,""
22/11/2018 00:00,""
23/11/2018 00:00,""
24/11/2018 00:00,""
25/11/2018 00:00,""
26/11/2018 00:00,""
27/11/2018 00:00,""
28/11/2018 00:00,""
29/11/2018 00:00,""
30/11/2018 00:00,""
01/12/2018 00:00,""
02/12/2018 00:00,""
03/12/2018 00:00,""
04/12/2018 00:00,""
05/12/2018 00:00,""
06/12/2018 00:00,""
07/12/2018 00:00,""
08/12/2018 00:00,""
09/12/2018 00:00,""
10/12/2018 00:00,""
11/12/2018 00:00,""
12/12/2018 00:00,""
13/12/2018 00:00,""
14/12/2018 00:00,""
15/12/2018 00:00,""
16/12/2018 00:00,""
17/12/2018 00:00,""
18/12/2018 00:00,""
19/12/2018 00:00,""
20/12/2018 00:00,""
21/12/2018 00:00,""
22/12/2018 00:00,""
23/12/2018 00:00,""
24/12/2018 00:00,""
25/12/2018 00:00,""
26/12/2018 00:00,""
27/12/2018 00:00,""
28/12/2018 00:00,""
29/12/2018 00:00,""
30/12/2018 00:00,""
31/12/2018 00:00,""
01/01/2019 00:00,""
02/01/2019 00:00,""
03/01/2019 00:00,""
04/01/2019 00:00,""
05/01/2019 00:00,""
06/01/2019 00:00,""
07/01/2019 00:00,""
08/01/2019 00:00,""
09/01/2019 00:00,""
10/01/2019 00:00,""
11/01/2019 00:00,""
12/01/2019 00:00,""
13/01/2019 00:00,""
14/01/2019 00:00,""
15/01/2019 00:00,""
16/01/2019 00:00,""
17/01/2019 00:00,""
18/01/2019 00:00,""
19/01/2019 00:00,""
20/01/2019 00:00,""
21/01/2019 00:00,""
22/01/2019 00:00,""
23/01/2019 00:00,""
24/01/2019 00:00,""
25/01/2019 00:00,""
26/01/2019 00:00,""
27/01/2019 00:00,""
28/01/2019 00:00,""
29/01/2019 00:00,""
30/01/2019 00:00,""
31/01/2019 00:00,""
01/02/2019 00:00,""
02/02/2019 00:00,""
03/02/2019 00:00,""
04/02/2019 00:00,""
05/02/2019 00:00,""
06/02/2019 00:00,""
07/02/2019 00:00,""
08/02/2019 00:00,""
09/02/2019 00:00,""
10/02/2019 00:00,""
11/02/2019 00:00,""
12/02/2019 00:00,""
13/02/2019 00:00,""
14/02/2019 00:00,""
15/02/2019 00:00,""
16/02/2019 00:00,""
17/02/2019 00:00,""
18/02/2019 00:00,""
19/02/2019 00:00,""
20/02/2019 00:00,""
21/02/2019 00:00,""
22/02/2019 00:00,""
23/02/2019 00:00,""
24/02/2019 00:00,""
25/02/2019 00:00,""
26/02/2019 00:00,""
27/02/2019 00:00,""
28/02/2019 00:00,""
01/03/2019 00:00,""
02/03/2019 00:00,""
03/03/2019 00:00,""
04/03/2019 00:00,""
05/03/2019 00:00,""
06/03/2019 00:00,""
07/03/2019 00:00,""
08/03/2019 00:00,""
09/03/2019 00:00,""
10/03/2019 00:00,""
11/03/2019 00:00,""
12/03/2019 00:00,""
13/03/2019 00:00,""
14/03/2019 00:00,""
15/03/2019 00:00,""
16/03/2019 00:00,""
17/03/2019 00:00,""
18/03/2019 00:00,""
19/03/2019 00:00,""
20/03/2019 00:00,""
21/03/2019 00:00,""
22/03/2019 00:00,""
23/03/2019 00:00,""
24/03/2019 00:00,""
25/03/2019 00:00,""
26/03/2019 00:00,""
27/03/2019 00:00,""
28/03/2019 00:00,""
29/03/2019 00:00,""
30/03/2019 00:00,""
31/03/2019 00:00,""
01/04/2019 00:00,""
02/04/2019 00:00,""
03/04/2019 00:00,""
04/04/2019 00:00,""
05/04/2019 00:00,""
06/04/2019 00:00,""
07/04/2019 00:00,""
08/04/2019 00:00,""
09/04/2019 00:00,""
10/04/2019 00:00,""
11/04/2019 00:00,""
12/04/2019 00:00,""
13/04/2019 00:00,""
14/04/2019 00:00,""
15/04/2019 00:00,""
16/04/2019 00:00,""
17/04/2019 00:00,""
18/04/2019 00:00,""
19/04/2019 00:00,""
20/04/2019 00:00,""
21/04/2019 00:00,""
22/04/2019 00:00,""
23/04/2019 00:00,""
24/04/2019 00:00,""
25/04/2019 00:00,""
26/04/2019 00:00,""
27/04/2019 00:00,""
28/04/2019 00:00,""
29/04/2019 00:00,""
30/04/2019 00:00,""
01/05/2019 00:00,""
02/05/2019 00:00,""
03/05/2019 00:00,""
04/05/2019 00:00,""
05/05/2019 00:00,""
06/05/2019 00:00,""
07/05/2019 00:00,""
08/05/2019 00:00,""
09/05/2019 00:00,""
10/05/2019 00:00,""
11/05/2019 00:00,""
12/05/2019 00:00,""
13/05/2019 00:00,""
14/05/2019 00:00,""
15/05/2019 00:00,""
16/05/2019 00:00,""
17/05/2019 00:00,""
18/05/2019 00:00,""
19/05/2019 00:00,""
20/05/2019 00:00,""
21/05/2019 00:00,""
22/05/2019 00:00,""
23/05/2019 00:00,""
24/05/2019 00:00,""
25/05/2019 00:00,""
26/05/2019 00:00,""
27/05/2019 00:00,""
28/05/2019 00:00,""
29/05/2019 00:00,""
30/05/2019 00:00,""
31/05/2019 00:00,""
01/06/2019 00:00,""
02/06/2019 00:00,""
03/06/2019 00:00,""
04/06/2019 00:00,""
05/06/2019 00:00,""
06/06/2019 00:00,""
07/06/2019 00:00,""
08/06/2019 00:00,""
09/06/2019 00:00,""
10/06/2019 00:00,""
11/06/2019 00:00,""
12/06/2019 00:00,""
13/06/2019 00:00,""
14/06/2019 00:00,""
15/06/2019 00:00,""
16/06/2019 00:00,""
17/06/2019 00:00,""
18/06/2019 00:00,""
19/06/2019 00:00,""
20/06/2019 00:00,""
21/06/2019 00:00,""
22/06/2019 00:00,""
23/06/2019 00:00,""
24/06/2019 00:00,""
25/06/2019 00:00,""
26/06/2019 00:00,""
27/06/2019 00:00,""
28/06/2019 00:00,""
29/06/2019 00:00,""
30/06/2019 00:00,""
01/07/2019 00:00,""
02/07/2019 00:00,""
03/07/2019 00:00,""
04/07/2019 00:00,""
05/07/2019 00:00,""
06/07/2019 00:00,""
07/07/2019 00:00,""
08/07/2019 00:00,""
09/07/2019 00:00,""
10/07/2019 00:00,""
11/07/2019 00:00,""
12/07/2019 00:00,""
13/07/2019 00:00,""
14/07/2019 00:00,""
15/07/2019 00:00,""
16/07/2019 00:00,""
17/07/2019 00:00,""
18/07/2019 00:00,""
19/07/2019 00:00,""
20/07/2019 00:00,""
21/07/2019 00:00,""
22/07/2019 00:00,""
23/07/2019 00:00,""
24/07/2019 00:00,""
25/07/2019 00:00,""
26/07/2019 00:00,""
27/07/2019 00:00,""
28/07/2019 00:00,""
29/07/2019 00:00,""
30/07/2019 00:00,""
31/07/2019 00:00,""
01/08/2019 00:00,""
02/08/2019 00:00,""
03/08/2019 00:00,""
04/08/2019 00:00,""
05/08/2019 00:00,""
06/08/2019 00:00,""
07/08/2019 00:00,""
08/08/2019 00:00,""
09/08/2019 00:00,""
10/08/2019 00:00,""
11/08/2019 00:00,""
12/08/2019 00:00,""
13/08/2019 00:00,""
14/08/2019 00:00,""
15/08/2019 00:00,""
16/08/2019 00:00,""
17/08/2019 00:00,""
18/08/2019 00:00,""
19/08/2019 00:00,""
20/08/2019 00:00,""
21/08/2019 00:00,""
22/08/2019 00:00,""
23/08/2019 00:00,""
24/08/2019 00:00,""
25/08/2019 00:00,""
26/08/2019 00:00,""
27/08/2019 00:00,""
28/08/2019 00:00,""
29/08/2019 00:00,""
30/08/2019 00:00,""
31/08/2019 00:00,""
01/09/2019 00:00,""
02/09/2019 00:00,""
03/09/2019 00:00,""
04/09/2019 00:00,""
05/09/2019 00:00,""
06/09/2019 00:00,""
07/09/2019 00:00,""
08/09/2019 00:00,""
09/09/2019 00:00,""
10/09/2019 00:00,""
11/09/2019 00:00,""
12/09/2019 00:00,""
13/09/2019 00:00,""
14/09/2019 00:00,""
15/09/2019 00:00,""
16/09/2019 00:00,""
17/09/2019 00:00,""
18/09/2019 00:00,""
19/09/2019 00:00,""
20/09/2019 00:00,""
21/09/2019 00:00,""
22/09/2019 00:00,""
23/09/2019 00:00,""
24/09/2019 00:00,""
25/09/2019 00:00,""
26/09/2019 00:00,""
27/09/2019 00:00,""
28/09/2019 00:00,""
29/09/2019 00:00,""
30/09/2019 00:00,""
01/10/2019 00:00,""
02/10/2019 00:00,""
03/10/2019 00:00,""
04/10/2019 00:00,""
05/10/2019 00:00,""
06/10/2019 00:00,""
07/10/2019 00:00,""
08/10/2019 00:00,""
09/10/2019 00:00,""
10/10/2019 00:00,""
11/10/2019 00:00,""
12/10/2019 00:00,""
13/10/2019 00:00,""
14/10/2019 00:00,""
15/10/2019 00:00,""
16/10/2019 00:00,""
17/10/2019 00:00,""
18/10/2019 00:00,""
19/10/2019 00:00,""
20/10/2019 00:00,""
21/10/2019 00:00,""
22/10/2019 00:00,""
23/10/2019 00:00,""
24/10/2019 00:00,""
25/10/2019 00:00,""
26/10/2019 00:00,""
27/10/2019 00:00,""
28/10/2019 00:00,""
29/10/2019 00:00,""
30/10/2019 00:00,""
31/10/2019 00:00,""
01/11/2019 00:00,""
02/11/2019 00:00,""
03/11/2019 00:00,""
04/11/2019 00:00,""
05/11/2019 00:00,""
06/11/2019 00:00,""
07/11/2019 00:00,""
08/11/2019 00:00,""
09/11/2019 00:00,""
10/11/2019 00:00,""
11/11/2019 00:00,""
12/11/2019 00:00,""
13/11/2019 00:00,""
14/11/2019 00:00,""
15/11/2019 00:00,""
16/11/2019 00:00,""
17/11/2019 00:00,""
18/11/2019 00:00,""
19/11/2019 00:00,""
20/11/2019 00:00,""
21/11/2019 00:00,""
22/11/2019 00:00,""
23/11/2019 00:00,""
24/11/2019 00:00,""
25/11/2019 00:00,""
26/11/2019 00:00,""
27/11/2019 00:00,""
28/11/2019 00:00,""
29/11/2019 00:00,""
30/11/2019 00:00,""
01/12/2019 00:00,""
02/12/2019 00:00,""
03/12/2019 00:00,""
04/12/2019 00:00,""
05/12/2019 00:00,""
06/12/2019 00:00,""
07/12/2019 00:00,""
08/12/2019 00:00,""
09/12/2019 00:00,""
10/12/2019 00:00,""
11/12/2019 00:00,""
12/12/2019 00:00,""
13/12/2019 00:00,""
14/12/2019 00:00,""
15/12/2019 00:00,""
16/12/2019 00:00,""
17/12/2019 00:00,""
18/12/2019 00:00,""
19/12/2019 00:00,""
20/12/2019 00:00,""
21/12/2019 00:00,""
22/12/2019 00:00,""
23/12/2019 00:00,""
24/12/2019 00:00,""
25/12/2019 00:00,""
26/12/2019 00:00,""
27/12/2019 00:00,""
28/12/2019 00:00,""
29/12/2019 00:00,""
30/12/2019 00:00,""
31/12/2019 00:00,""
01/01/2020 00:00,""
02/01/2020 00:00,""
03/01/2020 00:00,""
04/01/2020 00:00,""
05/01/2020 00:00,""
06/01/2020 00:00,""
07/01/2020 00:00,""
08/01/2020 00:00,""
09/01/2020 00:00,""
10/01/2020 00:00,""
11/01/2020 00:00,""
12/01/2020 00:00,""
13/01/2020 00:00,""
14/01/2020 00:00,""
15/01/2020 00:00,""
16/01/2020 00:00,""
17/01/2020 00:00,""
18/01/2020 00:00,""
19/01/2020 00:00,""
20/01/2020 00:00,""
21/01/2020 00:00,""
22/01/2020 00:00,""
23/01/2020 00:00,""
24/01/2020 00:00,""
25/01/2020 00:00,""
26/01/2020 00:00,""
27/01/2020 00:00,""
28/01/2020 00:00,""
29/01/2020 00:00,""
30/01/2020 00:00,""
31/01/2020 00:00,""
01/02/2020 00:00,""
02/02/2020 00:00,""
03/02/2020 00:00,""
04/02/2020 00:00,""
05/02/2020 00:00,""
06/02/2020 00:00,""
07/02/2020 00:00,""
08/02/2020 00:00,""
09/02/2020 00:00,""
10/02/2020 00:00,""
11/02/2020 00:00,""
12/02/2020 00:00,""
13/02/2020 00:00,""
14/02/2020 00:00,""
15/02/2020 00:00,""
16/02/2020 00:00,""
17/02/2020 00:00,""
18/02/2020 00:00,""
19/02/2020 00:00,""
20/02/2020 00:00,""
21/02/2020 00:00,""
22/02/2020 00:00,""
23/02/2020 00:00,""
24/02/2020 00:00,""
25/02/2020 00:00,""
26/02/2020 00:00,""
27/02/2020 00:00,""
28/02/2020 00:00,""
29/02/2020 00:00,""
01/03/2020 00:00,""
02/03/2020 00:00,""
03/03/2020 00:00,""
04/03/2020 00:00,""
05/03/2020 00:00,""
06/03/2020 00:00,""
07/03/2020 00:00,""
08/03/2020 00:00,""
09/03/2020 00:00,""
10/03/2020 00:00,""
11/03/2020 00:00,""
12/03/2020 00:00,""
13/03/2020 00:00,""
14/03/2020 00:00,""
15/03/2020 00:00,""
16/03/2020 00:00,""
17/03/2020 00:00,""
18/03/2020 00:00,""
19/03/2020 00:00,""
20/03/2020 00:00,""
21/03/2020 00:00,""
22/03/2020 00:00,""
23/03/2020 00:00,""
24/03/2020 00:00,""
25/03/2020 00:00,""
26/03/2020 00:00,""
27/03/2020 00:00,""
28/03/2020 00:00,""
29/03/2020 00:00,""
30/03/2020 00:00,""
31/03/2020 00:00,""
01/04/2020 00:00,""
02/04/2020 00:00,""
03/04/2020 00:00,""
04/04/2020 00:00,""
05/04/2020 00:00,""
06/04/2020 00:00,""
07/04/2020 00:00,""
08/04/2020 00:00,""
09/04/2020 00:00,""
10/04/2020 00:00,""
11/04/2020 00:00,""
12/04/2020 00:00,""
13/04/2020 00:00,""
14/04/2020 00:00,""
15/04/2020 00:00,""
16/04/2020 00:00,""
17/04/2020 00:00,""
18/04/2020 00:00,""
19/04/2020 00:00,""
20/04/2020 00:00,""
21/04/2020 00:00,""
22/04/2020 00:00,""
23/04/2020 00:00,""
24/04/2020 00:00,""
25/04/2020 00:00,""
26/04/2020 00:00,""
27/04/2020 00:00,""
28/04/2020 00:00,""
29/04/2020 00:00,""
30/04/2020 00:00,""
01/05/2020 00:00,""
02/05/2020 00:00,""
03/05/2020 00:00,""
04/05/2020 00:00,""
05/05/2020 00:00,""
06/05/2020 00:00,""
07/05/2020 00:00,""
08/05/2020 00:00,""
09/05/2020 00:00,""
10/05/2020 00:00,""
11/05/2020 00:00,""
12/05/2020 00:00,""
13/05/2020 00:00,""
14/05/2020 00:00,""
15/05/2020 00:00,""
16/05/2020 00:00,""
17/05/2020 00:00,""
18/05/2020 00:00,""
19/05/2020 00:00,""
20/05/2020 00:00,""
21/05/2020 00:00,""
22/05/2020 00:00,""
23/05/2020 00:00,""
24/05/2020 00:00,""
25/05/2020 00:00,""
26/05/2020 00:00,""
27/05/2020 00:00,""
28/05/2020 00:00,""
29/05/2020 00:00,""
30/05/2020 00:00,""
31/05/2020 00:00,""
01/06/2020 00:00,""
02/06/2020 00:00,""
03/06/2020 00:00,""
04/06/2020 00:00,""
05/06/2020 00:00,""
06/06/2020 00:00,""
07/06/2020 00:00,""
08/06/2020 00:00,""
09/06/2020 00:00,""
10/06/2020 00:00,""
11/06/2020 00:00,""
12/06/2020 00:00,""
13/06/2020 00:00,""
14/06/2020 00:00,""
15/06/2020 00:00,""
16/06/2020 00:00,""
17/06/2020 00:00,""
18/06/2020 00:00,""
19/06/2020 00:00,""
20/06/2020 00:00,""
21/06/2020 00:00,""
22/06/2020 00:00,""
23/06/2020 00:00,""
24/06/2020 00:00,""
25/06/2020 00:00,""
26/06/2020 00:00,""
27/06/2020 00:00,""
28/06/2020 00:00,""
29/06/2020 00:00,""
30/06/2020 00:00,""
01/07/2020 00:00,""
02/07/2020 00:00,""
03/07/2020 00:00,""
04/07/2020 00:00,""
05/07/2020 00:00,""
06/07/2020 00:00,""
07/07/2020 00:00,""
08/07/2020 00:00,""
09/07/2020 00:00,""
10/07/2020 00:00,""
11/07/2020 00:00,""
12/07/2020 00:00,""
13/07/2020 00:00,""
14/07/2020 00:00,""
15/07/2020 00:00,""
16/07/2020 00:00,""
17/07/2020 00:00,""
18/07/2020 00:00,""
19/07/2020 00:00,""
20/07/2020 00:00,""
21/07/2020 00:00,""
22/07/2020 00:00,""
23/07/2020 00:00,""
24/07/2020 00:00,""
25/07/2020 00:00,""
26/07/2020 00:00,""
27/07/2020 00:00,""
28/07/2020 00:00,""
29/07/2020 00:00,""
30/07/2020 00:00,""
31/07/2020 00:00,""
01/08/2020 00:00,""
02/08/2020 00:00,""
03/08/2020 00:00,""
04/08/2020 00:00,""
05/08/2020 00:00,""
06/08/2020 00:00,""
07/08/2020 00:00,""
08/08/2020 00:00,""
09/08/2020 00:00,""
10/08/2020 00:00,""
11/08/2020 00:00,""
12/08/2020 00:00,""
13/08/2020 00:00,""
14/08/2020 00:00,""
15/08/2020 00:00,""
16/08/2020 00:00,""
17/08/2020 00:00,""
18/08/2020 00:00,""
19/08/2020 00:00,""
20/08/2020 00:00,""
21/08/2020 00:00,""
22/08/2020 00:00,""
23/08/2020 00:00,""
24/08/2020 00:00,""
25/08/2020 00:00,""
26/08/2020 00:00,""
27/08/2020 00:00,""
28/08/2020 00:00,""
29/08/2020 00:00,""
30/08/2020 00:00,""
31/08/2020 00:00,""
01/09/2020 00:00,""
02/09/2020 00:00,""
03/09/2020 00:00,""
04/09/2020 00:00,""
05/09/2020 00:00,""
06/09/2020 00:00,""
07/09/2020 00:00,""
08/09/2020 00:00,""
09/09/2020 00:00,""
10/09/2020 00:00,""
11/09/2020 00:00,""
12/09/2020 00:00,""
13/09/2020 00:00,""
14/09/2020 00:00,""
15/09/2020 00:00,""
16/09/2020 00:00,""
17/09/2020 00:00,""
18/09/2020 00:00,""
19/09/2020 00:00,""
20/09/2020 00:00,""
21/09/2020 00:00,""
22/09/2020 00:00,""
23/09/2020 00:00,""
24/09/2020 00:00,""
25/09/2020 00:00,""
26/09/2020 00:00,""
27/09/2020 00:00,""
28/09/2020 00:00,""
29/09/2020 00:00,""
30/09/2020 00:00,""
01/10/2020 00:00,""
02/10/2020 00:00,""
03/10/2020 00:00,""
04/10/2020 00:00,""
05/10/2020 00:00,""
06/10/2020 00:00,""
07/10/2020 00:00,""
08/10/2020 00:00,""
09/10/2020 00:00,""
10/10/2020 00:00,""
11/10/2020 00:00,""
12/10/2020 00:00,""
13/10/2020 00:00,""
14/10/2020 00:00,""
15/10/2020 00:00,""
16/10/2020 00:00,""
17/10/2020 00:00,""
18/10/2020 00:00,""
19/10/2020 00:00,""
20/10/2020 00:00,""
21/10/2020 00:00,""
22/10/2020 00:00,""
23/10/2020 00:00,""
24/10/2020 00:00,""
25/10/2020 00:00,""
26/10/2020 00:00,""
27/10/2020 00:00,""
28/10/2020 00:00,""
29/10/2020 00:00,""
30/10/2020 00:00,""
31/10/2020 00:00,""
01/11/2020 00:00,""
02/11/2020 00:00,""
03/11/2020 00:00,""
04/11/2020 00:00,""
05/11/2020 00:00,""
06/11/2020 00:00,""
07/11/2020 00:00,""
08/11/2020 00:00,""
09/11/2020 00:00,""
10/11/2020 00:00,""
11/11/2020 00:00,""
12/11/2020 00:00,""
13/11/2020 00:00,""
14/11/2020 00:00,""
15/11/2020 00:00,""
16/11/2020 00:00,""
17/11/2020 00:00,""
18/11/2020 00:00,""
19/11/2020 00:00,""
20/11/2020 00:00,""
21/11/2020 00:00,""
22/11/2020 00:00,""
23/11/2020 00:00,""
24/11/2020 00:00,""
25/11/2020 00:00,""
26/11/2020 00:00,""
27/11/2020 00:00,""
28/11/2020 00:00,""
29/11/2020 00:00,""
30/11/2020 00:00,""
01/12/2020 00:00,""
02/12/2020 00:00,""
03/12/2020 00:00,""
04/12/2020 00:00,""
05/12/2020 00:00,""
06/12/2020 00:00,""
07/12/2020 00:00,""
08/12/2020 00:00,""
09/12/2020 00:00,""
10/12/2020 00:00,""
11/12/2020 00:00,""
12/12/2020 00:00,""
13/12/2020 00:00,""
14/12/2020 00:00,""
15/12/2020 00:00,""
16/12/2020 00:00,""
17/12/2020 00:00,""
18/12/2020 00:00,""
19/12/2020 00:00,""
20/12/2020 00:00,""
21/12/2020 00:00,""
22/12/2020 00:00,""
23/12/2020 00:00,""
24/12/2020 00:00,""
25/12/2020 00:00,""
26/12/2020 00:00,""
27/12/2020 00:00,""
28/12/2020 00:00,""
29/12/2020 00:00,""
30/12/2020 00:00,""
31/12/2020 00:00,""
01/01/2021 00:00,""
02/01/2021 00:00,""
03/01/2021 00:00,""
04/01/2021 00:00,""
05/01/2021 00:00,""
06/01/2021 00:00,""
07/01/2021 00:00,""
08/01/2021 00:00,""
09/01/2021 00:00,""
10/01/2021 00:00,""
11/01/2021 00:00,""
12/01/2021 00:00,""
13/01/2021 00:00,""
14/01/2021 00:00,""
15/01/2021 00:00,""
16/01/2021 00:00,""
17/01/2021 00:00,""
18/01/2021 00:00,""
19/01/2021 00:00,""
20/01/2021 00:00,""
21/01/2021 00:00,""
22/01/2021 00:00,""
23/01/2021 00:00,""
24/01/2021 00:00,""
25/01/2021 00:00,""
26/01/2021 00:00,""
27/01/2021 00:00,""
28/01/2021 00:00,""
29/01/2021 00:00,""
30/01/2021 00:00,""
31/01/2021 00:00,""
01/02/2021 00:00,""
02/02/2021 00:00,""
03/02/2021 00:00,""
04/02/2021 00:00,""
05/02/2021 00:00,""
06/02/2021 00:00,""
07/02/2021 00:00,""
08/02/2021 00:00,""
09/02/2021 00:00,""
10/02/2021 00:00,""
11/02/2021 00:00,""
12/02/2021 00:00,""
13/02/2021 00:00,""
14/02/2021 00:00,""
15/02/2021 00:00,""
16/02/2021 00:00,""
17/02/2021 00:00,""
18/02/2021 00:00,""
19/02/2021 00:00,""
20/02/2021 00:00,""
21/02/2021 00:00,""
22/02/2021 00:00,""
23/02/2021 00:00,""
24/02/2021 00:00,""
25/02/2021 00:00,""
26/02/2021 00:00,""
27/02/2021 00:00,""
28/02/2021 00:00,""
01/03/2021 00:00,""
02/03/2021 00:00,""
03/03/2021 00:00,""
04/03/2021 00:00,""
05/03/2021 00:00,""
06/03/2021 00:00,""
07/03/2021 00:00,""
08/03/2021 00:00,""
