ISOTime,Precip
01/01/2016 00:00:00,0.0000
02/01/2016 00:00:00,0.0000
03/01/2016 00:00:00,0.0000
04/01/2016 00:00:00,0.0000
05/01/2016 00:00:00,0.0000
06/01/2016 00:00:00,0.0000
07/01/2016 00:00:00,0.0000
08/01/2016 00:00:00,0.0000
09/01/2016 00:00:00,0.0000
10/01/2016 00:00:00,0.0000
11/01/2016 00:00:00,0.0002
12/01/2016 00:00:00,0.0000
13/01/2016 00:00:00,0.0000
14/01/2016 00:00:00,0.0000
15/01/2016 00:00:00,0.0000
16/01/2016 00:00:00,0.0000
17/01/2016 00:00:00,0.0000
18/01/2016 00:00:00,0.0000
19/01/2016 00:00:00,0.0000
20/01/2016 00:00:00,0.0000
21/01/2016 00:00:00,0.0084
22/01/2016 00:00:00,0.0000
23/01/2016 00:00:00,0.0000
24/01/2016 00:00:00,0.0000
25/01/2016 00:00:00,0.0000
26/01/2016 00:00:00,0.0000
27/01/2016 00:00:00,0.0000
28/01/2016 00:00:00,0.0008
29/01/2016 00:00:00,0.0202
30/01/2016 00:00:00,0.0000
31/01/2016 00:00:00,0.0000
01/02/2016 00:00:00,0.0056
02/02/2016 00:00:00,0.0076
03/02/2016 00:00:00,0.0000
04/02/2016 00:00:00,0.0000
05/02/2016 00:00:00,0.0000
06/02/2016 00:00:00,0.0000
07/02/2016 00:00:00,0.0000
08/02/2016 00:00:00,0.0000
09/02/2016 00:00:00,0.0000
10/02/2016 00:00:00,0.0000
11/02/2016 00:00:00,0.0000
12/02/2016 00:00:00,0.0000
13/02/2016 00:00:00,0.0002
14/02/2016 00:00:00,0.0000
15/02/2016 00:00:00,0.0008
16/02/2016 00:00:00,0.0000
17/02/2016 00:00:00,0.0000
18/02/2016 00:00:00,0.0000
19/02/2016 00:00:00,0.0000
20/02/2016 00:00:00,0.0000
21/02/2016 00:00:00,0.0000
22/02/2016 00:00:00,0.0000
23/02/2016 00:00:00,0.0000
24/02/2016 00:00:00,0.0000
25/02/2016 00:00:00,0.0000
26/02/2016 00:00:00,0.0000
27/02/2016 00:00:00,0.0000
28/02/2016 00:00:00,0.0000
29/02/2016 00:00:00,0.0000
01/03/2016 00:00:00,0.0000
02/03/2016 00:00:00,0.0002
03/03/2016 00:00:00,0.0000
04/03/2016 00:00:00,0.0000
05/03/2016 00:00:00,0.0000
06/03/2016 00:00:00,0.0002
07/03/2016 00:00:00,0.0000
08/03/2016 00:00:00,0.0000
09/03/2016 00:00:00,0.0030
10/03/2016 00:00:00,0.0002
11/03/2016 00:00:00,0.0000
12/03/2016 00:00:00,0.0000
13/03/2016 00:00:00,0.0000
14/03/2016 00:00:00,0.0000
15/03/2016 00:00:00,0.0000
16/03/2016 00:00:00,0.0000
17/03/2016 00:00:00,0.0016
18/03/2016 00:00:00,0.0000
19/03/2016 00:00:00,0.0000
20/03/2016 00:00:00,0.0000
21/03/2016 00:00:00,0.0000
22/03/2016 00:00:00,0.0000
23/03/2016 00:00:00,0.0000
24/03/2016 00:00:00,0.0000
25/03/2016 00:00:00,0.0000
26/03/2016 00:00:00,0.0000
27/03/2016 00:00:00,0.0000
28/03/2016 00:00:00,0.0000
29/03/2016 00:00:00,0.0000
30/03/2016 00:00:00,0.0000
31/03/2016 00:00:00,0.0000
01/04/2016 00:00:00,0.0000
02/04/2016 00:00:00,0.0000
03/04/2016 00:00:00,0.0000
04/04/2016 00:00:00,0.0000
05/04/2016 00:00:00,0.0002
06/04/2016 00:00:00,0.0000
07/04/2016 00:00:00,0.0000
08/04/2016 00:00:00,0.0000
09/04/2016 00:00:00,0.0000
10/04/2016 00:00:00,0.0000
11/04/2016 00:00:00,0.0000
12/04/2016 00:00:00,0.0000
13/04/2016 00:00:00,0.0000
14/04/2016 00:00:00,0.0000
15/04/2016 00:00:00,0.0000
16/04/2016 00:00:00,0.0000
17/04/2016 00:00:00,0.0000
18/04/2016 00:00:00,0.0000
19/04/2016 00:00:00,0.0000
20/04/2016 00:00:00,0.0000
21/04/2016 00:00:00,0.0000
22/04/2016 00:00:00,0.0000
23/04/2016 00:00:00,0.0000
24/04/2016 00:00:00,0.0000
25/04/2016 00:00:00,0.0000
26/04/2016 00:00:00,0.0000
27/04/2016 00:00:00,0.0000
28/04/2016 00:00:00,0.0002
29/04/2016 00:00:00,0.0002
30/04/2016 00:00:00,0.0002
01/05/2016 00:00:00,0.0000
02/05/2016 00:00:00,0.0000
03/05/2016 00:00:00,0.0008
04/05/2016 00:00:00,0.0000
05/05/2016 00:00:00,0.0000
06/05/2016 00:00:00,0.0000
07/05/2016 00:00:00,0.0006
08/05/2016 00:00:00,0.0000
09/05/2016 00:00:00,0.0002
10/05/2016 00:00:00,0.0000
11/05/2016 00:00:00,0.0000
12/05/2016 00:00:00,0.0000
13/05/2016 00:00:00,0.0000
14/05/2016 00:00:00,0.0000
15/05/2016 00:00:00,0.0000
16/05/2016 00:00:00,0.0004
17/05/2016 00:00:00,0.0000
18/05/2016 00:00:00,0.0000
19/05/2016 00:00:00,0.0000
20/05/2016 00:00:00,0.0002
21/05/2016 00:00:00,0.0000
22/05/2016 00:00:00,0.0002
23/05/2016 00:00:00,0.0000
24/05/2016 00:00:00,0.0012
25/05/2016 00:00:00,0.0020
26/05/2016 00:00:00,0.0048
27/05/2016 00:00:00,0.0060
28/05/2016 00:00:00,0.0000
29/05/2016 00:00:00,0.0000
30/05/2016 00:00:00,0.0006
31/05/2016 00:00:00,0.0006
01/06/2016 00:00:00,0.0000
02/06/2016 00:00:00,0.0000
03/06/2016 00:00:00,0.0000
04/06/2016 00:00:00,0.0000
05/06/2016 00:00:00,0.0030
06/06/2016 00:00:00,0.0010
07/06/2016 00:00:00,0.0010
08/06/2016 00:00:00,0.0000
09/06/2016 00:00:00,0.0008
10/06/2016 00:00:00,0.0004
11/06/2016 00:00:00,0.0000
12/06/2016 00:00:00,0.0000
13/06/2016 00:00:00,0.0000
14/06/2016 00:00:00,0.0000
15/06/2016 00:00:00,0.0002
16/06/2016 00:00:00,0.0000
17/06/2016 00:00:00,0.0000
18/06/2016 00:00:00,0.0000
19/06/2016 00:00:00,0.0002
20/06/2016 00:00:00,0.0008
21/06/2016 00:00:00,0.0014
22/06/2016 00:00:00,0.0000
23/06/2016 00:00:00,0.0042
24/06/2016 00:00:00,0.0002
25/06/2016 00:00:00,0.0000
26/06/2016 00:00:00,0.0002
27/06/2016 00:00:00,0.0000
28/06/2016 00:00:00,0.0000
29/06/2016 00:00:00,0.0000
30/06/2016 00:00:00,0.0018
01/07/2016 00:00:00,0.0000
02/07/2016 00:00:00,0.0008
03/07/2016 00:00:00,0.0000
04/07/2016 00:00:00,0.0026
05/07/2016 00:00:00,0.0018
06/07/2016 00:00:00,0.0004
07/07/2016 00:00:00,0.0002
08/07/2016 00:00:00,0.0000
09/07/2016 00:00:00,0.0032
10/07/2016 00:00:00,0.0000
11/07/2016 00:00:00,0.0010
12/07/2016 00:00:00,0.0044
13/07/2016 00:00:00,0.0002
14/07/2016 00:00:00,0.0000
15/07/2016 00:00:00,0.0000
16/07/2016 00:00:00,0.0000
17/07/2016 00:00:00,0.0000
18/07/2016 00:00:00,0.0000
19/07/2016 00:00:00,0.0012
20/07/2016 00:00:00,0.0000
21/07/2016 00:00:00,0.0006
22/07/2016 00:00:00,0.0006
23/07/2016 00:00:00,0.0000
24/07/2016 00:00:00,0.0014
25/07/2016 00:00:00,0.0000
26/07/2016 00:00:00,0.0010
27/07/2016 00:00:00,0.0000
28/07/2016 00:00:00,0.0000
29/07/2016 00:00:00,0.0000
30/07/2016 00:00:00,0.0006
31/07/2016 00:00:00,0.0044
01/08/2016 00:00:00,0.0000
02/08/2016 00:00:00,0.0004
03/08/2016 00:00:00,0.0000
04/08/2016 00:00:00,0.0000
05/08/2016 00:00:00,0.0000
06/08/2016 00:00:00,0.0000
07/08/2016 00:00:00,0.0000
08/08/2016 00:00:00,0.0000
09/08/2016 00:00:00,0.0006
10/08/2016 00:00:00,0.0000
11/08/2016 00:00:00,0.0000
12/08/2016 00:00:00,0.0000
13/08/2016 00:00:00,0.0002
14/08/2016 00:00:00,0.0002
15/08/2016 00:00:00,0.0000
16/08/2016 00:00:00,0.0002
17/08/2016 00:00:00,0.0000
18/08/2016 00:00:00,0.0002
19/08/2016 00:00:00,0.0006
20/08/2016 00:00:00,0.0000
21/08/2016 00:00:00,0.0000
22/08/2016 00:00:00,0.0000
23/08/2016 00:00:00,0.0000
24/08/2016 00:00:00,0.0000
25/08/2016 00:00:00,0.0000
26/08/2016 00:00:00,0.0000
27/08/2016 00:00:00,0.0000
28/08/2016 00:00:00,0.0002
29/08/2016 00:00:00,0.0010
30/08/2016 00:00:00,0.0028
31/08/2016 00:00:00,0.0002
01/09/2016 00:00:00,0.0000
02/09/2016 00:00:00,0.0004
03/09/2016 00:00:00,0.0004
04/09/2016 00:00:00,0.0000
05/09/2016 00:00:00,0.0000
06/09/2016 00:00:00,0.0004
07/09/2016 00:00:00,0.0000
08/09/2016 00:00:00,0.0064
09/09/2016 00:00:00,0.0000
10/09/2016 00:00:00,0.0000
11/09/2016 00:00:00,0.0010
12/09/2016 00:00:00,0.0030
13/09/2016 00:00:00,0.0036
14/09/2016 00:00:00,0.0030
15/09/2016 00:00:00,0.0000
16/09/2016 00:00:00,0.0000
17/09/2016 00:00:00,0.0004
18/09/2016 00:00:00,0.0000
19/09/2016 00:00:00,0.0000
20/09/2016 00:00:00,0.0006
21/09/2016 00:00:00,0.0000
22/09/2016 00:00:00,0.0000
23/09/2016 00:00:00,0.0000
24/09/2016 00:00:00,0.0002
25/09/2016 00:00:00,0.0000
26/09/2016 00:00:00,0.0012
27/09/2016 00:00:00,0.0000
28/09/2016 00:00:00,0.0034
29/09/2016 00:00:00,0.0194
30/09/2016 00:00:00,0.0000
01/10/2016 00:00:00,0.0000
02/10/2016 00:00:00,0.0008
03/10/2016 00:00:00,0.0038
04/10/2016 00:00:00,0.0000
05/10/2016 00:00:00,0.0000
06/10/2016 00:00:00,0.0000
07/10/2016 00:00:00,0.0000
08/10/2016 00:00:00,0.0000
09/10/2016 00:00:00,0.0004
10/10/2016 00:00:00,0.0004
11/10/2016 00:00:00,0.0006
12/10/2016 00:00:00,0.0002
13/10/2016 00:00:00,0.0000
14/10/2016 00:00:00,0.0000
15/10/2016 00:00:00,0.0000
16/10/2016 00:00:00,0.0034
17/10/2016 00:00:00,0.0008
18/10/2016 00:00:00,0.0000
19/10/2016 00:00:00,0.0000
20/10/2016 00:00:00,0.0030
21/10/2016 00:00:00,0.0004
22/10/2016 00:00:00,0.0000
23/10/2016 00:00:00,0.0000
24/10/2016 00:00:00,0.0000
25/10/2016 00:00:00,0.0000
26/10/2016 00:00:00,0.0000
27/10/2016 00:00:00,0.0000
28/10/2016 00:00:00,0.0000
29/10/2016 00:00:00,0.0000
30/10/2016 00:00:00,0.0004
31/10/2016 00:00:00,0.0000
01/11/2016 00:00:00,0.0000
02/11/2016 00:00:00,0.0000
03/11/2016 00:00:00,0.0000
04/11/2016 00:00:00,0.0000
05/11/2016 00:00:00,0.0000
06/11/2016 00:00:00,0.0000
07/11/2016 00:00:00,0.0000
08/11/2016 00:00:00,0.0000
09/11/2016 00:00:00,0.0000
10/11/2016 00:00:00,0.0000
11/11/2016 00:00:00,0.0006
12/11/2016 00:00:00,0.0020
13/11/2016 00:00:00,0.0004
14/11/2016 00:00:00,0.0000
15/11/2016 00:00:00,0.0000
16/11/2016 00:00:00,0.0000
17/11/2016 00:00:00,0.0000
18/11/2016 00:00:00,0.0000
19/11/2016 00:00:00,0.0000
20/11/2016 00:00:00,0.0000
21/11/2016 00:00:00,0.0000
22/11/2016 00:00:00,0.0000
23/11/2016 00:00:00,0.0000
24/11/2016 00:00:00,0.0000
25/11/2016 00:00:00,0.0000
26/11/2016 00:00:00,0.0000
27/11/2016 00:00:00,0.0000
28/11/2016 00:00:00,0.0000
29/11/2016 00:00:00,0.0000
30/11/2016 00:00:00,0.0000
01/12/2016 00:00:00,0.0000
02/12/2016 00:00:00,0.0000
03/12/2016 00:00:00,0.0000
04/12/2016 00:00:00,0.0000
05/12/2016 00:00:00,0.0000
06/12/2016 00:00:00,0.0000
07/12/2016 00:00:00,0.0018
08/12/2016 00:00:00,0.0000
09/12/2016 00:00:00,0.0000
10/12/2016 00:00:00,0.0000
11/12/2016 00:00:00,0.0000
12/12/2016 00:00:00,0.0000
13/12/2016 00:00:00,0.0000
14/12/2016 00:00:00,0.0000
15/12/2016 00:00:00,0.0000
16/12/2016 00:00:00,0.0000
17/12/2016 00:00:00,0.0000
18/12/2016 00:00:00,0.0000
19/12/2016 00:00:00,0.0000
20/12/2016 00:00:00,0.0000
21/12/2016 00:00:00,0.0000
22/12/2016 00:00:00,0.0000
23/12/2016 00:00:00,0.0000
24/12/2016 00:00:00,0.0000
25/12/2016 00:00:00,0.0006
26/12/2016 00:00:00,0.0004
27/12/2016 00:00:00,0.0110
28/12/2016 00:00:00,0.0004
29/12/2016 00:00:00,0.0000
30/12/2016 00:00:00,0.0000
31/12/2016 00:00:00,0.0000
01/01/2017 00:00:00,0.0000
02/01/2017 00:00:00,0.0000
03/01/2017 00:00:00,0.0000
04/01/2017 00:00:00,0.0000
05/01/2017 00:00:00,0.0000
06/01/2017 00:00:00,0.0000
07/01/2017 00:00:00,0.0000
08/01/2017 00:00:00,0.0000
09/01/2017 00:00:00,0.0000
10/01/2017 00:00:00,0.0000
11/01/2017 00:00:00,0.0000
12/01/2017 00:00:00,0.0018
13/01/2017 00:00:00,0.0008
14/01/2017 00:00:00,0.0000
15/01/2017 00:00:00,0.0000
16/01/2017 00:00:00,0.0000
17/01/2017 00:00:00,0.0000
18/01/2017 00:00:00,0.0000
19/01/2017 00:00:00,0.0048
20/01/2017 00:00:00,0.0000
21/01/2017 00:00:00,0.0000
22/01/2017 00:00:00,0.0000
23/01/2017 00:00:00,0.0028
24/01/2017 00:00:00,0.0000
25/01/2017 00:00:00,0.0000
26/01/2017 00:00:00,0.0000
27/01/2017 00:00:00,0.0000
28/01/2017 00:00:00,0.0000
29/01/2017 00:00:00,0.0000
30/01/2017 00:00:00,0.0000
31/01/2017 00:00:00,0.0000
01/02/2017 00:00:00,0.0000
02/02/2017 00:00:00,0.0000
03/02/2017 00:00:00,0.0000
04/02/2017 00:00:00,0.0010
05/02/2017 00:00:00,0.0034
06/02/2017 00:00:00,0.0000
07/02/2017 00:00:00,0.0000
08/02/2017 00:00:00,0.0000
09/02/2017 00:00:00,0.0000
10/02/2017 00:00:00,0.0000
11/02/2017 00:00:00,0.0000
12/02/2017 00:00:00,0.0000
13/02/2017 00:00:00,0.0000
14/02/2017 00:00:00,0.0000
15/02/2017 00:00:00,0.0000
16/02/2017 00:00:00,0.0000
17/02/2017 00:00:00,0.0000
18/02/2017 00:00:00,0.0000
19/02/2017 00:00:00,0.0000
20/02/2017 00:00:00,0.0000
21/02/2017 00:00:00,0.0000
22/02/2017 00:00:00,0.0000
23/02/2017 00:00:00,0.0000
24/02/2017 00:00:00,0.0000
25/02/2017 00:00:00,0.0000
26/02/2017 00:00:00,0.0000
27/02/2017 00:00:00,0.0000
28/02/2017 00:00:00,0.0000
01/03/2017 00:00:00,0.0000
02/03/2017 00:00:00,0.0000
03/03/2017 00:00:00,0.0000
04/03/2017 00:00:00,0.0000
05/03/2017 00:00:00,0.0000
06/03/2017 00:00:00,0.0000
07/03/2017 00:00:00,0.0000
08/03/2017 00:00:00,0.0000
09/03/2017 00:00:00,0.0000
10/03/2017 00:00:00,0.0000
11/03/2017 00:00:00,0.0000
12/03/2017 00:00:00,0.0078
13/03/2017 00:00:00,0.0000
14/03/2017 00:00:00,0.0000
15/03/2017 00:00:00,0.0000
16/03/2017 00:00:00,0.0000
17/03/2017 00:00:00,0.0000
18/03/2017 00:00:00,0.0000
19/03/2017 00:00:00,0.0000
20/03/2017 00:00:00,0.0000
21/03/2017 00:00:00,0.0000
22/03/2017 00:00:00,0.0000
23/03/2017 00:00:00,0.0000
24/03/2017 00:00:00,0.0000
25/03/2017 00:00:00,0.0000
26/03/2017 00:00:00,0.0000
27/03/2017 00:00:00,0.0000
28/03/2017 00:00:00,0.0000
29/03/2017 00:00:00,0.0002
30/03/2017 00:00:00,0.0000
31/03/2017 00:00:00,0.0002
01/04/2017 00:00:00,0.0002
02/04/2017 00:00:00,0.0000
03/04/2017 00:00:00,0.0000
04/04/2017 00:00:00,0.0000
05/04/2017 00:00:00,0.0000
06/04/2017 00:00:00,0.0000
07/04/2017 00:00:00,0.0000
08/04/2017 00:00:00,0.0016
09/04/2017 00:00:00,0.0014
10/04/2017 00:00:00,0.0000
11/04/2017 00:00:00,0.0000
12/04/2017 00:00:00,0.0000
13/04/2017 00:00:00,0.0000
14/04/2017 00:00:00,0.0000
15/04/2017 00:00:00,0.0000
16/04/2017 00:00:00,0.0000
17/04/2017 00:00:00,0.0000
18/04/2017 00:00:00,0.0004
19/04/2017 00:00:00,0.0018
20/04/2017 00:00:00,0.0058
21/04/2017 00:00:00,0.0000
22/04/2017 00:00:00,0.0000
23/04/2017 00:00:00,0.0078
24/04/2017 00:00:00,0.0000
25/04/2017 00:00:00,0.0024
26/04/2017 00:00:00,0.0006
27/04/2017 00:00:00,0.0000
28/04/2017 00:00:00,0.0000
29/04/2017 00:00:00,0.0004
30/04/2017 00:00:00,0.0000
01/05/2017 00:00:00,0.0004
02/05/2017 00:00:00,0.0006
03/05/2017 00:00:00,0.0000
04/05/2017 00:00:00,0.0000
05/05/2017 00:00:00,0.0000
06/05/2017 00:00:00,0.0000
07/05/2017 00:00:00,0.0000
08/05/2017 00:00:00,0.0000
09/05/2017 00:00:00,0.0000
10/05/2017 00:00:00,0.0000
11/05/2017 00:00:00,0.0000
12/05/2017 00:00:00,0.0000
13/05/2017 00:00:00,0.0002
14/05/2017 00:00:00,0.0000
15/05/2017 00:00:00,0.0000
16/05/2017 00:00:00,0.0000
17/05/2017 00:00:00,0.0002
18/05/2017 00:00:00,0.0012
19/05/2017 00:00:00,0.0068
20/05/2017 00:00:00,0.0000
21/05/2017 00:00:00,0.0000
22/05/2017 00:00:00,0.0000
23/05/2017 00:00:00,0.0004
24/05/2017 00:00:00,0.0000
25/05/2017 00:00:00,0.0008
26/05/2017 00:00:00,0.0004
27/05/2017 00:00:00,0.0054
28/05/2017 00:00:00,0.0040
29/05/2017 00:00:00,0.0032
30/05/2017 00:00:00,0.0004
31/05/2017 00:00:00,0.0000
01/06/2017 00:00:00,0.0000
02/06/2017 00:00:00,0.0000
03/06/2017 00:00:00,0.0000
04/06/2017 00:00:00,0.0000
05/06/2017 00:00:00,0.0000
06/06/2017 00:00:00,0.0000
07/06/2017 00:00:00,0.0004
08/06/2017 00:00:00,0.0000
09/06/2017 00:00:00,0.0000
10/06/2017 00:00:00,0.0000
11/06/2017 00:00:00,0.0000
12/06/2017 00:00:00,0.0000
13/06/2017 00:00:00,0.0000
14/06/2017 00:00:00,0.0000
15/06/2017 00:00:00,0.0000
16/06/2017 00:00:00,0.0000
17/06/2017 00:00:00,0.0000
18/06/2017 00:00:00,0.0000
19/06/2017 00:00:00,0.0000
20/06/2017 00:00:00,0.0000
21/06/2017 00:00:00,0.0000
22/06/2017 00:00:00,0.0000
23/06/2017 00:00:00,0.0000
24/06/2017 00:00:00,0.0000
25/06/2017 00:00:00,0.0000
26/06/2017 00:00:00,0.0016
27/06/2017 00:00:00,0.0000
28/06/2017 00:00:00,0.0016
29/06/2017 00:00:00,0.0014
30/06/2017 00:00:00,0.0000
01/07/2017 00:00:00,0.0000
02/07/2017 00:00:00,0.0002
03/07/2017 00:00:00,0.0010
04/07/2017 00:00:00,0.0042
05/07/2017 00:00:00,0.0000
06/07/2017 00:00:00,0.0010
07/07/2017 00:00:00,0.0028
08/07/2017 00:00:00,0.0016
09/07/2017 00:00:00,0.0000
10/07/2017 00:00:00,0.0000
11/07/2017 00:00:00,0.0000
12/07/2017 00:00:00,0.0004
13/07/2017 00:00:00,0.0006
14/07/2017 00:00:00,0.0006
15/07/2017 00:00:00,0.0000
16/07/2017 00:00:00,0.0017
17/07/2017 00:00:00,0.0074
18/07/2017 00:00:00,0.0064
19/07/2017 00:00:00,0.0000
20/07/2017 00:00:00,0.0000
21/07/2017 00:00:00,0.0000
22/07/2017 00:00:00,0.0000
23/07/2017 00:00:00,0.0008
24/07/2017 00:00:00,0.0000
25/07/2017 00:00:00,0.0000
26/07/2017 00:00:00,0.0000
27/07/2017 00:00:00,0.0004
28/07/2017 00:00:00,0.0000
29/07/2017 00:00:00,0.0004
30/07/2017 00:00:00,0.0004
31/07/2017 00:00:00,0.0000
01/08/2017 00:00:00,0.0000
02/08/2017 00:00:00,0.0016
03/08/2017 00:00:00,0.0004
04/08/2017 00:00:00,0.0016
05/08/2017 00:00:00,0.0040
06/08/2017 00:00:00,0.0010
07/08/2017 00:00:00,0.0004
08/08/2017 00:00:00,0.0000
09/08/2017 00:00:00,0.0000
10/08/2017 00:00:00,0.0004
11/08/2017 00:00:00,0.0000
12/08/2017 00:00:00,0.0000
13/08/2017 00:00:00,0.0000
14/08/2017 00:00:00,0.0004
15/08/2017 00:00:00,0.0052
16/08/2017 00:00:00,0.0000
17/08/2017 00:00:00,0.0008
18/08/2017 00:00:00,0.0000
19/08/2017 00:00:00,0.0000
20/08/2017 00:00:00,0.0046
21/08/2017 00:00:00,0.0000
22/08/2017 00:00:00,0.0000
23/08/2017 00:00:00,0.0004
24/08/2017 00:00:00,0.0000
25/08/2017 00:00:00,0.0000
26/08/2017 00:00:00,0.0000
27/08/2017 00:00:00,0.0000
28/08/2017 00:00:00,0.0000
29/08/2017 00:00:00,0.0000
30/08/2017 00:00:00,0.0000
31/08/2017 00:00:00,0.0000
01/09/2017 00:00:00,0.0016
02/09/2017 00:00:00,0.0024
03/09/2017 00:00:00,0.0004
04/09/2017 00:00:00,0.0086
05/09/2017 00:00:00,0.0018
06/09/2017 00:00:00,0.0020
07/09/2017 00:00:00,0.0028
08/09/2017 00:00:00,0.0000
09/09/2017 00:00:00,0.0000
10/09/2017 00:00:00,0.0000
11/09/2017 00:00:00,0.0012
12/09/2017 00:00:00,0.0000
13/09/2017 00:00:00,0.0012
14/09/2017 00:00:00,0.0000
15/09/2017 00:00:00,0.0012
16/09/2017 00:00:00,0.0004
17/09/2017 00:00:00,0.0000
18/09/2017 00:00:00,0.0022
19/09/2017 00:00:00,0.0000
20/09/2017 00:00:00,0.0000
21/09/2017 00:00:00,0.0000
22/09/2017 00:00:00,0.0000
23/09/2017 00:00:00,0.0008
24/09/2017 00:00:00,0.0000
25/09/2017 00:00:00,0.0000
26/09/2017 00:00:00,0.0000
27/09/2017 00:00:00,0.0000
28/09/2017 00:00:00,0.0000
29/09/2017 00:00:00,0.0000
30/09/2017 00:00:00,0.0000
01/10/2017 00:00:00,0.0000
02/10/2017 00:00:00,0.0000
03/10/2017 00:00:00,0.0000
04/10/2017 00:00:00,0.0000
05/10/2017 00:00:00,0.0000
06/10/2017 00:00:00,0.0004
07/10/2017 00:00:00,0.0000
08/10/2017 00:00:00,0.0000
09/10/2017 00:00:00,0.0000
10/10/2017 00:00:00,0.0000
11/10/2017 00:00:00,0.0022
12/10/2017 00:00:00,0.0000
13/10/2017 00:00:00,0.0000
14/10/2017 00:00:00,0.0000
15/10/2017 00:00:00,0.0000
16/10/2017 00:00:00,0.0000
17/10/2017 00:00:00,0.0000
18/10/2017 00:00:00,0.0010
19/10/2017 00:00:00,0.0000
20/10/2017 00:00:00,0.0000
21/10/2017 00:00:00,0.0000
22/10/2017 00:00:00,0.0000
23/10/2017 00:00:00,0.0000
24/10/2017 00:00:00,0.0000
25/10/2017 00:00:00,0.0000
26/10/2017 00:00:00,0.0000
27/10/2017 00:00:00,0.0000
28/10/2017 00:00:00,0.0000
29/10/2017 00:00:00,0.0004
30/10/2017 00:00:00,0.0000
31/10/2017 00:00:00,0.0000
01/11/2017 00:00:00,0.0000
02/11/2017 00:00:00,0.0000
03/11/2017 00:00:00,0.0000
04/11/2017 00:00:00,0.0000
05/11/2017 00:00:00,0.0000
06/11/2017 00:00:00,0.0000
07/11/2017 00:00:00,0.0000
08/11/2017 00:00:00,0.0000
09/11/2017 00:00:00,0.0000
10/11/2017 00:00:00,0.0000
11/11/2017 00:00:00,0.0000
12/11/2017 00:00:00,0.0000
13/11/2017 00:00:00,0.0000
14/11/2017 00:00:00,0.0048
15/11/2017 00:00:00,0.0070
16/11/2017 00:00:00,0.0012
17/11/2017 00:00:00,0.0004
18/11/2017 00:00:00,0.0002
19/11/2017 00:00:00,0.0000
20/11/2017 00:00:00,0.0000
21/11/2017 00:00:00,0.0000
22/11/2017 00:00:00,0.0000
23/11/2017 00:00:00,0.0000
24/11/2017 00:00:00,0.0000
25/11/2017 00:00:00,0.0000
26/11/2017 00:00:00,0.0000
27/11/2017 00:00:00,0.0000
28/11/2017 00:00:00,0.0000
29/11/2017 00:00:00,0.0000
30/11/2017 00:00:00,0.0044
01/12/2017 00:00:00,0.0008
02/12/2017 00:00:00,0.0000
03/12/2017 00:00:00,0.0000
04/12/2017 00:00:00,0.0000
05/12/2017 00:00:00,0.0000
06/12/2017 00:00:00,0.0000
07/12/2017 00:00:00,0.0002
08/12/2017 00:00:00,0.0000
09/12/2017 00:00:00,0.0000
10/12/2017 00:00:00,0.0000
11/12/2017 00:00:00,0.0000
12/12/2017 00:00:00,0.0000
13/12/2017 00:00:00,0.0000
14/12/2017 00:00:00,0.0000
15/12/2017 00:00:00,0.0000
16/12/2017 00:00:00,0.0000
17/12/2017 00:00:00,0.0000
18/12/2017 00:00:00,0.0012
19/12/2017 00:00:00,0.0000
20/12/2017 00:00:00,0.0000
21/12/2017 00:00:00,0.0000
22/12/2017 00:00:00,0.0000
23/12/2017 00:00:00,0.0002
24/12/2017 00:00:00,0.0000
25/12/2017 00:00:00,0.0000
26/12/2017 00:00:00,0.0000
27/12/2017 00:00:00,0.0000
28/12/2017 00:00:00,0.0000
29/12/2017 00:00:00,0.0000
30/12/2017 00:00:00,0.0000
31/12/2017 00:00:00,0.0000
01/01/2018 00:00:00,0.0000
02/01/2018 00:00:00,0.0000
03/01/2018 00:00:00,0.0000
04/01/2018 00:00:00,0.0000
05/01/2018 00:00:00,0.0000
06/01/2018 00:00:00,0.0000
07/01/2018 00:00:00,0.0000
08/01/2018 00:00:00,0.0000
09/01/2018 00:00:00,0.0000
10/01/2018 00:00:00,0.0000
11/01/2018 00:00:00,0.0000
12/01/2018 00:00:00,0.0002
13/01/2018 00:00:00,0.0000
14/01/2018 00:00:00,0.0000
15/01/2018 00:00:00,0.0000
16/01/2018 00:00:00,0.0000
17/01/2018 00:00:00,0.0000
18/01/2018 00:00:00,0.0000
19/01/2018 00:00:00,0.0000
20/01/2018 00:00:00,0.0000
21/01/2018 00:00:00,0.0000
22/01/2018 00:00:00,0.0000
23/01/2018 00:00:00,0.0000
24/01/2018 00:00:00,0.0000
25/01/2018 00:00:00,0.0000
26/01/2018 00:00:00,0.0000
27/01/2018 00:00:00,0.0000
28/01/2018 00:00:00,0.0000
29/01/2018 00:00:00,0.0018
30/01/2018 00:00:00,0.0000
31/01/2018 00:00:00,0.0000
01/02/2018 00:00:00,0.0000
02/02/2018 00:00:00,0.0000
03/02/2018 00:00:00,0.0000
04/02/2018 00:00:00,0.0000
05/02/2018 00:00:00,0.0000
06/02/2018 00:00:00,0.0000
07/02/2018 00:00:00,0.0000
08/02/2018 00:00:00,0.0000
09/02/2018 00:00:00,0.0000
10/02/2018 00:00:00,0.0000
11/02/2018 00:00:00,0.0000
12/02/2018 00:00:00,0.0000
13/02/2018 00:00:00,0.0000
14/02/2018 00:00:00,0.0000
15/02/2018 00:00:00,0.0000
16/02/2018 00:00:00,0.0000
17/02/2018 00:00:00,0.0000
18/02/2018 00:00:00,0.0000
19/02/2018 00:00:00,0.0000
20/02/2018 00:00:00,0.0000
21/02/2018 00:00:00,0.0000
22/02/2018 00:00:00,0.0000
23/02/2018 00:00:00,0.0000
24/02/2018 00:00:00,0.0000
25/02/2018 00:00:00,0.0000
26/02/2018 00:00:00,0.0000
27/02/2018 00:00:00,0.0000
28/02/2018 00:00:00,0.0000
01/03/2018 00:00:00,0.0000
02/03/2018 00:00:00,0.0000
03/03/2018 00:00:00,0.0000
04/03/2018 00:00:00,0.0000
05/03/2018 00:00:00,0.0000
06/03/2018 00:00:00,0.0000
07/03/2018 00:00:00,0.0000
08/03/2018 00:00:00,0.0000
09/03/2018 00:00:00,0.0000
10/03/2018 00:00:00,0.0000
11/03/2018 00:00:00,0.0000
12/03/2018 00:00:00,0.0000
13/03/2018 00:00:00,0.0000
14/03/2018 00:00:00,0.0000
15/03/2018 00:00:00,0.0000
16/03/2018 00:00:00,0.0002
17/03/2018 00:00:00,0.0003
18/03/2018 00:00:00,0.0000
19/03/2018 00:00:00,0.0000
20/03/2018 00:00:00,0.0000
21/03/2018 00:00:00,0.0000
22/03/2018 00:00:00,0.0000
23/03/2018 00:00:00,0.0000
24/03/2018 00:00:00,0.0000
25/03/2018 00:00:00,0.0006
26/03/2018 00:00:00,0.0000
27/03/2018 00:00:00,0.0000
28/03/2018 00:00:00,0.0000
29/03/2018 00:00:00,0.0000
30/03/2018 00:00:00,0.0000
31/03/2018 00:00:00,0.0000
01/04/2018 00:00:00,0.0000
02/04/2018 00:00:00,0.0000
03/04/2018 00:00:00,0.0000
04/04/2018 00:00:00,0.0000
05/04/2018 00:00:00,0.0000
06/04/2018 00:00:00,0.0000
07/04/2018 00:00:00,0.0000
08/04/2018 00:00:00,0.0000
09/04/2018 00:00:00,0.0000
10/04/2018 00:00:00,0.0000
11/04/2018 00:00:00,0.0000
12/04/2018 00:00:00,0.0000
13/04/2018 00:00:00,0.0006
14/04/2018 00:00:00,0.0004
15/04/2018 00:00:00,0.0004
16/04/2018 00:00:00,0.0000
17/04/2018 00:00:00,0.0000
18/04/2018 00:00:00,0.0000
19/04/2018 00:00:00,0.0000
20/04/2018 00:00:00,0.0002
21/04/2018 00:00:00,0.0000
22/04/2018 00:00:00,0.0000
23/04/2018 00:00:00,0.0000
24/04/2018 00:00:00,0.0000
25/04/2018 00:00:00,0.0004
26/04/2018 00:00:00,0.0000
27/04/2018 00:00:00,0.0000
28/04/2018 00:00:00,0.0000
29/04/2018 00:00:00,0.0000
30/04/2018 00:00:00,0.0000
01/05/2018 00:00:00,0.0000
02/05/2018 00:00:00,0.0004
03/05/2018 00:00:00,0.0048
04/05/2018 00:00:00,0.0004
05/05/2018 00:00:00,0.0002
06/05/2018 00:00:00,0.0000
07/05/2018 00:00:00,0.0000
08/05/2018 00:00:00,0.0000
09/05/2018 00:00:00,0.0022
10/05/2018 00:00:00,0.0008
11/05/2018 00:00:00,0.0000
12/05/2018 00:00:00,0.0000
13/05/2018 00:00:00,0.0000
14/05/2018 00:00:00,0.0000
15/05/2018 00:00:00,0.0010
16/05/2018 00:00:00,0.0000
17/05/2018 00:00:00,0.0020
18/05/2018 00:00:00,0.0012
19/05/2018 00:00:00,0.0000
20/05/2018 00:00:00,0.0000
21/05/2018 00:00:00,0.0000
22/05/2018 00:00:00,0.0000
23/05/2018 00:00:00,0.0000
24/05/2018 00:00:00,0.0000
25/05/2018 00:00:00,0.0000
26/05/2018 00:00:00,0.0000
27/05/2018 00:00:00,0.0000
28/05/2018 00:00:00,0.0002
29/05/2018 00:00:00,0.0036
30/05/2018 00:00:00,0.0000
31/05/2018 00:00:00,0.0000
01/06/2018 00:00:00,0.0000
02/06/2018 00:00:00,0.0000
03/06/2018 00:00:00,0.0000
04/06/2018 00:00:00,0.0000
05/06/2018 00:00:00,0.0000
06/06/2018 00:00:00,0.0000
07/06/2018 00:00:00,0.0004
08/06/2018 00:00:00,0.0000
09/06/2018 00:00:00,0.0000
10/06/2018 00:00:00,0.0000
11/06/2018 00:00:00,0.0000
12/06/2018 00:00:00,0.0002
13/06/2018 00:00:00,0.0012
14/06/2018 00:00:00,0.0002
15/06/2018 00:00:00,0.0002
16/06/2018 00:00:00,0.0048
17/06/2018 00:00:00,0.0002
18/06/2018 00:00:00,0.0000
19/06/2018 00:00:00,0.0000
20/06/2018 00:00:00,0.0000
21/06/2018 00:00:00,0.0000
22/06/2018 00:00:00,0.0000
23/06/2018 00:00:00,0.0000
24/06/2018 00:00:00,0.0000
25/06/2018 00:00:00,0.0000
26/06/2018 00:00:00,0.0000
27/06/2018 00:00:00,0.0000
28/06/2018 00:00:00,0.0000
29/06/2018 00:00:00,0.0008
30/06/2018 00:00:00,0.0002
01/07/2018 00:00:00,0.0000
02/07/2018 00:00:00,0.0000
03/07/2018 00:00:00,0.0000
04/07/2018 00:00:00,0.0000
05/07/2018 00:00:00,0.0006
06/07/2018 00:00:00,0.0028
07/07/2018 00:00:00,0.0000
08/07/2018 00:00:00,0.0000
09/07/2018 00:00:00,0.0000
10/07/2018 00:00:00,0.0022
11/07/2018 00:00:00,0.0000
12/07/2018 00:00:00,0.0000
13/07/2018 00:00:00,0.0000
14/07/2018 00:00:00,0.0000
15/07/2018 00:00:00,0.0000
16/07/2018 00:00:00,0.0000
17/07/2018 00:00:00,0.0000
18/07/2018 00:00:00,0.0002
19/07/2018 00:00:00,0.0056
20/07/2018 00:00:00,0.0002
21/07/2018 00:00:00,0.0000
22/07/2018 00:00:00,0.0000
23/07/2018 00:00:00,0.0006
24/07/2018 00:00:00,0.0002
25/07/2018 00:00:00,0.0002
26/07/2018 00:00:00,0.0000
27/07/2018 00:00:00,0.0000
28/07/2018 00:00:00,0.0020
29/07/2018 00:00:00,0.0008
30/07/2018 00:00:00,0.0000
31/07/2018 00:00:00,0.0002
01/08/2018 00:00:00,0.0000
02/08/2018 00:00:00,0.0012
03/08/2018 00:00:00,0.0000
04/08/2018 00:00:00,0.0002
05/08/2018 00:00:00,0.0026
06/08/2018 00:00:00,0.0000
07/08/2018 00:00:00,0.0000
08/08/2018 00:00:00,0.0000
09/08/2018 00:00:00,0.0000
10/08/2018 00:00:00,0.0034
11/08/2018 00:00:00,0.0008
12/08/2018 00:00:00,0.0014
13/08/2018 00:00:00,0.0000
14/08/2018 00:00:00,0.0000
15/08/2018 00:00:00,0.0000
16/08/2018 00:00:00,0.0000
17/08/2018 00:00:00,0.0028
18/08/2018 00:00:00,0.0014
19/08/2018 00:00:00,0.0000
20/08/2018 00:00:00,0.0000
21/08/2018 00:00:00,0.0000
22/08/2018 00:00:00,0.0000
23/08/2018 00:00:00,0.0000
24/08/2018 00:00:00,0.0000
25/08/2018 00:00:00,0.0000
26/08/2018 00:00:00,0.0000
27/08/2018 00:00:00,0.0000
28/08/2018 00:00:00,0.0000
29/08/2018 00:00:00,0.0000
30/08/2018 00:00:00,0.0018
31/08/2018 00:00:00,0.0006
01/09/2018 00:00:00,0.0000
02/09/2018 00:00:00,0.0000
03/09/2018 00:00:00,0.0002
04/09/2018 00:00:00,0.0000
05/09/2018 00:00:00,0.0000
06/09/2018 00:00:00,0.0008
07/09/2018 00:00:00,0.0000
08/09/2018 00:00:00,0.0000
09/09/2018 00:00:00,0.0000
10/09/2018 00:00:00,0.0002
11/09/2018 00:00:00,0.0000
12/09/2018 00:00:00,0.0000
13/09/2018 00:00:00,0.0000
14/09/2018 00:00:00,0.0000
15/09/2018 00:00:00,0.0002
16/09/2018 00:00:00,0.0000
17/09/2018 00:00:00,0.0000
18/09/2018 00:00:00,0.0006
19/09/2018 00:00:00,0.0012
20/09/2018 00:00:00,0.0000
21/09/2018 00:00:00,0.0000
22/09/2018 00:00:00,0.0000
23/09/2018 00:00:00,0.0000
24/09/2018 00:00:00,0.0000
25/09/2018 00:00:00,0.0000
26/09/2018 00:00:00,0.0000
27/09/2018 00:00:00,0.0008
28/09/2018 00:00:00,0.0000
29/09/2018 00:00:00,0.0000
30/09/2018 00:00:00,0.0000
01/10/2018 00:00:00,0.0000
02/10/2018 00:00:00,0.0000
03/10/2018 00:00:00,0.0000
04/10/2018 00:00:00,0.0000
05/10/2018 00:00:00,0.0000
06/10/2018 00:00:00,0.0004
07/10/2018 00:00:00,0.0000
08/10/2018 00:00:00,0.0000
09/10/2018 00:00:00,0.0000
10/10/2018 00:00:00,0.0000
11/10/2018 00:00:00,0.0000
12/10/2018 00:00:00,0.0000
13/10/2018 00:00:00,0.0002
14/10/2018 00:00:00,0.0002
15/10/2018 00:00:00,0.0082
16/10/2018 00:00:00,0.0006
17/10/2018 00:00:00,0.0010
18/10/2018 00:00:00,0.0000
19/10/2018 00:00:00,0.0000
20/10/2018 00:00:00,0.0000
21/10/2018 00:00:00,0.0000
22/10/2018 00:00:00,0.0000
23/10/2018 00:00:00,0.0000
24/10/2018 00:00:00,0.0000
25/10/2018 00:00:00,0.0000
26/10/2018 00:00:00,0.0000
27/10/2018 00:00:00,0.0000
28/10/2018 00:00:00,0.0000
29/10/2018 00:00:00,0.0000
30/10/2018 00:00:00,0.0000
31/10/2018 00:00:00,0.0000
01/11/2018 00:00:00,0.0012
02/11/2018 00:00:00,0.0000
03/11/2018 00:00:00,0.0000
04/11/2018 00:00:00,0.0008
05/11/2018 00:00:00,0.0008
06/11/2018 00:00:00,0.0000
07/11/2018 00:00:00,0.0004
08/11/2018 00:00:00,0.0000
09/11/2018 00:00:00,0.0000
10/11/2018 00:00:00,0.0000
11/11/2018 00:00:00,0.0000
12/11/2018 00:00:00,0.0000
13/11/2018 00:00:00,0.0000
14/11/2018 00:00:00,0.0000
15/11/2018 00:00:00,0.0000
16/11/2018 00:00:00,0.0000
17/11/2018 00:00:00,0.0000
18/11/2018 00:00:00,0.0000
19/11/2018 00:00:00,0.0000
20/11/2018 00:00:00,0.0012
21/11/2018 00:00:00,0.0064
22/11/2018 00:00:00,0.0006
23/11/2018 00:00:00,0.0000
24/11/2018 00:00:00,0.0000
25/11/2018 00:00:00,0.0000
26/11/2018 00:00:00,0.0000
27/11/2018 00:00:00,0.0000
28/11/2018 00:00:00,0.0000
29/11/2018 00:00:00,0.0000
30/11/2018 00:00:00,0.0000
01/12/2018 00:00:00,0.0000
02/12/2018 00:00:00,0.0000
03/12/2018 00:00:00,0.0000
04/12/2018 00:00:00,0.0000
05/12/2018 00:00:00,0.0000
06/12/2018 00:00:00,0.0000
07/12/2018 00:00:00,0.0000
08/12/2018 00:00:00,0.0000
09/12/2018 00:00:00,0.0000
10/12/2018 00:00:00,0.0000
11/12/2018 00:00:00,0.0000
12/12/2018 00:00:00,0.0004
13/12/2018 00:00:00,0.0020
14/12/2018 00:00:00,0.0000
15/12/2018 00:00:00,0.0006
16/12/2018 00:00:00,0.0000
17/12/2018 00:00:00,0.0002
18/12/2018 00:00:00,0.0006
19/12/2018 00:00:00,0.0000
20/12/2018 00:00:00,0.0000
21/12/2018 00:00:00,0.0000
22/12/2018 00:00:00,0.0000
23/12/2018 00:00:00,0.0000
24/12/2018 00:00:00,0.0000
25/12/2018 00:00:00,0.0000
26/12/2018 00:00:00,0.0000
27/12/2018 00:00:00,0.0000
28/12/2018 00:00:00,0.0000
29/12/2018 00:00:00,0.0000
30/12/2018 00:00:00,0.0000
31/12/2018 00:00:00,0.0000
01/01/2019 00:00:00,0.0000
02/01/2019 00:00:00,0.0000
03/01/2019 00:00:00,0.0000
04/01/2019 00:00:00,0.0000
05/01/2019 00:00:00,0.0000
06/01/2019 00:00:00,0.0000
07/01/2019 00:00:00,0.0000
08/01/2019 00:00:00,0.0000
09/01/2019 00:00:00,0.0000
10/01/2019 00:00:00,0.0000
11/01/2019 00:00:00,0.0000
12/01/2019 00:00:00,0.0000
13/01/2019 00:00:00,0.0000
14/01/2019 00:00:00,0.0000
15/01/2019 00:00:00,0.0000
16/01/2019 00:00:00,0.0000
17/01/2019 00:00:00,0.0000
18/01/2019 00:00:00,0.0000
19/01/2019 00:00:00,0.0000
20/01/2019 00:00:00,0.0000
21/01/2019 00:00:00,0.0000
22/01/2019 00:00:00,0.0000
23/01/2019 00:00:00,0.0000
24/01/2019 00:00:00,0.0000
25/01/2019 00:00:00,0.0000
26/01/2019 00:00:00,0.0000
27/01/2019 00:00:00,0.0000
28/01/2019 00:00:00,0.0000
29/01/2019 00:00:00,0.0000
30/01/2019 00:00:00,0.0000
31/01/2019 00:00:00,0.0000
01/02/2019 00:00:00,0.0000
02/02/2019 00:00:00,0.0000
03/02/2019 00:00:00,0.0000
04/02/2019 00:00:00,0.0000
05/02/2019 00:00:00,0.0008
06/02/2019 00:00:00,0.0002
07/02/2019 00:00:00,0.0000
08/02/2019 00:00:00,0.0000
09/02/2019 00:00:00,0.0000
10/02/2019 00:00:00,0.0000
11/02/2019 00:00:00,0.0006
12/02/2019 00:00:00,0.0000
13/02/2019 00:00:00,0.0000
14/02/2019 00:00:00,0.0000
15/02/2019 00:00:00,0.0000
16/02/2019 00:00:00,0.0000
17/02/2019 00:00:00,0.0000
18/02/2019 00:00:00,0.0000
19/02/2019 00:00:00,0.0000
20/02/2019 00:00:00,0.0000
21/02/2019 00:00:00,0.0000
22/02/2019 00:00:00,0.0000
23/02/2019 00:00:00,0.0000
24/02/2019 00:00:00,0.0000
25/02/2019 00:00:00,0.0000
26/02/2019 00:00:00,0.0000
27/02/2019 00:00:00,0.0000
28/02/2019 00:00:00,0.0000
01/03/2019 00:00:00,0.0000
02/03/2019 00:00:00,0.0000
03/03/2019 00:00:00,0.0000
04/03/2019 00:00:00,0.0000
05/03/2019 00:00:00,0.0002
06/03/2019 00:00:00,0.0000
07/03/2019 00:00:00,0.0000
08/03/2019 00:00:00,0.0000
09/03/2019 00:00:00,0.0000
10/03/2019 00:00:00,0.0000
11/03/2019 00:00:00,0.0000
12/03/2019 00:00:00,0.0002
13/03/2019 00:00:00,0.0000
14/03/2019 00:00:00,0.0000
15/03/2019 00:00:00,0.0000
16/03/2019 00:00:00,0.0000
17/03/2019 00:00:00,0.0000
18/03/2019 00:00:00,0.0002
19/03/2019 00:00:00,0.0000
20/03/2019 00:00:00,0.0002
21/03/2019 00:00:00,0.0000
22/03/2019 00:00:00,0.0000
23/03/2019 00:00:00,0.0000
24/03/2019 00:00:00,0.0000
25/03/2019 00:00:00,0.0002
26/03/2019 00:00:00,0.0000
27/03/2019 00:00:00,0.0000
28/03/2019 00:00:00,0.0000
29/03/2019 00:00:00,0.0000
30/03/2019 00:00:00,0.0000
31/03/2019 00:00:00,0.0000
01/04/2019 00:00:00,0.0000
02/04/2019 00:00:00,0.0000
03/04/2019 00:00:00,0.0000
04/04/2019 00:00:00,0.0000
05/04/2019 00:00:00,0.0000
06/04/2019 00:00:00,0.0000
07/04/2019 00:00:00,0.0000
08/04/2019 00:00:00,0.0000
09/04/2019 00:00:00,0.0002
10/04/2019 00:00:00,0.0000
11/04/2019 00:00:00,0.0000
12/04/2019 00:00:00,0.0000
13/04/2019 00:00:00,0.0000
14/04/2019 00:00:00,0.0000
15/04/2019 00:00:00,0.0000
16/04/2019 00:00:00,0.0000
17/04/2019 00:00:00,0.0000
18/04/2019 00:00:00,0.0000
19/04/2019 00:00:00,0.0000
20/04/2019 00:00:00,0.0000
21/04/2019 00:00:00,0.0000
22/04/2019 00:00:00,0.0000
23/04/2019 00:00:00,0.0000
24/04/2019 00:00:00,0.0000
25/04/2019 00:00:00,0.0000
26/04/2019 00:00:00,0.0000
27/04/2019 00:00:00,0.0000
28/04/2019 00:00:00,0.0000
29/04/2019 00:00:00,0.0000
30/04/2019 00:00:00,0.0000
01/05/2019 00:00:00,0.0000
02/05/2019 00:00:00,0.0000
03/05/2019 00:00:00,0.0000
04/05/2019 00:00:00,0.0000
05/05/2019 00:00:00,0.0000
06/05/2019 00:00:00,0.0000
07/05/2019 00:00:00,0.0028
08/05/2019 00:00:00,0.0024
09/05/2019 00:00:00,0.0018
10/05/2019 00:00:00,0.0016
11/05/2019 00:00:00,0.0000
12/05/2019 00:00:00,0.0000
13/05/2019 00:00:00,0.0000
14/05/2019 00:00:00,0.0000
15/05/2019 00:00:00,0.0000
16/05/2019 00:00:00,0.0000
17/05/2019 00:00:00,0.0000
18/05/2019 00:00:00,0.0000
19/05/2019 00:00:00,0.0000
20/05/2019 00:00:00,0.0000
21/05/2019 00:00:00,0.0000
22/05/2019 00:00:00,0.0002
23/05/2019 00:00:00,0.0000
24/05/2019 00:00:00,0.0000
25/05/2019 00:00:00,0.0000
26/05/2019 00:00:00,0.0002
27/05/2019 00:00:00,0.0000
28/05/2019 00:00:00,0.0000
29/05/2019 00:00:00,0.0000
30/05/2019 00:00:00,0.0000
31/05/2019 00:00:00,0.0000
01/06/2019 00:00:00,0.0000
02/06/2019 00:00:00,0.0000
03/06/2019 00:00:00,0.0000
04/06/2019 00:00:00,0.0000
05/06/2019 00:00:00,0.0000
06/06/2019 00:00:00,0.0000
07/06/2019 00:00:00,0.0000
08/06/2019 00:00:00,0.0000
09/06/2019 00:00:00,0.0014
10/06/2019 00:00:00,0.0000
11/06/2019 00:00:00,0.0000
12/06/2019 00:00:00,0.0002
13/06/2019 00:00:00,0.0000
14/06/2019 00:00:00,0.0000
15/06/2019 00:00:00,0.0000
16/06/2019 00:00:00,0.0000
17/06/2019 00:00:00,0.0010
18/06/2019 00:00:00,0.0000
19/06/2019 00:00:00,0.0000
20/06/2019 00:00:00,0.0000
21/06/2019 00:00:00,0.0000
22/06/2019 00:00:00,0.0000
23/06/2019 00:00:00,0.0000
24/06/2019 00:00:00,0.0000
25/06/2019 00:00:00,0.0000
26/06/2019 00:00:00,0.0000
27/06/2019 00:00:00,0.0000
28/06/2019 00:00:00,0.0004
29/06/2019 00:00:00,0.0004
30/06/2019 00:00:00,0.0000
01/07/2019 00:00:00,0.0000
02/07/2019 00:00:00,0.0000
03/07/2019 00:00:00,0.0000
04/07/2019 00:00:00,0.0002
05/07/2019 00:00:00,0.0000
06/07/2019 00:00:00,0.0008
07/07/2019 00:00:00,0.0000
08/07/2019 00:00:00,0.0000
09/07/2019 00:00:00,0.0000
10/07/2019 00:00:00,0.0038
11/07/2019 00:00:00,0.0004
12/07/2019 00:00:00,0.0036
13/07/2019 00:00:00,0.0002
14/07/2019 00:00:00,0.0002
15/07/2019 00:00:00,0.0006
16/07/2019 00:00:00,0.0000
17/07/2019 00:00:00,0.0002
18/07/2019 00:00:00,0.0000
19/07/2019 00:00:00,0.0002
20/07/2019 00:00:00,0.0000
21/07/2019 00:00:00,0.0000
22/07/2019 00:00:00,0.0002
23/07/2019 00:00:00,0.0002
24/07/2019 00:00:00,0.0000
25/07/2019 00:00:00,0.0000
26/07/2019 00:00:00,0.0006
27/07/2019 00:00:00,0.0000
28/07/2019 00:00:00,0.0004
29/07/2019 00:00:00,0.0000
30/07/2019 00:00:00,0.0000
31/07/2019 00:00:00,0.0000
01/08/2019 00:00:00,0.0002
02/08/2019 00:00:00,0.0000
03/08/2019 00:00:00,0.0000
04/08/2019 00:00:00,0.0000
05/08/2019 00:00:00,0.0000
06/08/2019 00:00:00,0.0000
07/08/2019 00:00:00,0.0044
08/08/2019 00:00:00,0.0034
09/08/2019 00:00:00,0.0010
10/08/2019 00:00:00,0.0006
11/08/2019 00:00:00,0.0008
12/08/2019 00:00:00,0.0006
13/08/2019 00:00:00,0.0000
14/08/2019 00:00:00,0.0000
15/08/2019 00:00:00,0.0000
16/08/2019 00:00:00,0.0000
17/08/2019 00:00:00,0.0002
18/08/2019 00:00:00,0.0002
19/08/2019 00:00:00,0.0000
20/08/2019 00:00:00,0.0000
21/08/2019 00:00:00,0.0000
22/08/2019 00:00:00,0.0000
23/08/2019 00:00:00,0.0002
24/08/2019 00:00:00,0.0000
25/08/2019 00:00:00,0.0000
26/08/2019 00:00:00,0.0002
27/08/2019 00:00:00,0.0000
28/08/2019 00:00:00,0.0000
29/08/2019 00:00:00,0.0000
30/08/2019 00:00:00,0.0000
31/08/2019 00:00:00,0.0010
01/09/2019 00:00:00,0.0002
02/09/2019 00:00:00,0.0000
03/09/2019 00:00:00,0.0002
04/09/2019 00:00:00,0.0000
05/09/2019 00:00:00,0.0002
06/09/2019 00:00:00,0.0004
07/09/2019 00:00:00,0.0004
08/09/2019 00:00:00,0.0000
09/09/2019 00:00:00,0.0000
10/09/2019 00:00:00,0.0000
11/09/2019 00:00:00,0.0000
12/09/2019 00:00:00,0.0000
13/09/2019 00:00:00,0.0000
14/09/2019 00:00:00,0.0000
15/09/2019 00:00:00,0.0016
16/09/2019 00:00:00,0.0000
17/09/2019 00:00:00,0.0000
18/09/2019 00:00:00,0.0000
19/09/2019 00:00:00,0.0000
20/09/2019 00:00:00,0.0038
21/09/2019 00:00:00,0.0000
22/09/2019 00:00:00,0.0020
23/09/2019 00:00:00,0.0000
24/09/2019 00:00:00,0.0000
25/09/2019 00:00:00,0.0000
26/09/2019 00:00:00,0.0000
27/09/2019 00:00:00,0.0000
28/09/2019 00:00:00,0.0000
29/09/2019 00:00:00,0.0000
30/09/2019 00:00:00,0.0000
01/10/2019 00:00:00,0.0000
02/10/2019 00:00:00,0.0000
03/10/2019 00:00:00,0.0000
04/10/2019 00:00:00,0.0000
05/10/2019 00:00:00,0.0000
06/10/2019 00:00:00,0.0004
07/10/2019 00:00:00,0.0016
08/10/2019 00:00:00,0.0000
09/10/2019 00:00:00,0.0000
10/10/2019 00:00:00,0.0000
11/10/2019 00:00:00,0.0000
12/10/2019 00:00:00,0.0000
13/10/2019 00:00:00,0.0004
14/10/2019 00:00:00,0.0000
15/10/2019 00:00:00,0.0040
16/10/2019 00:00:00,0.0002
17/10/2019 00:00:00,0.0000
18/10/2019 00:00:00,0.0000
19/10/2019 00:00:00,0.0000
20/10/2019 00:00:00,0.0000
21/10/2019 00:00:00,0.0000
22/10/2019 00:00:00,0.0000
23/10/2019 00:00:00,0.0000
24/10/2019 00:00:00,0.0000
25/10/2019 00:00:00,0.0000
26/10/2019 00:00:00,0.0000
27/10/2019 00:00:00,0.0000
28/10/2019 00:00:00,0.0000
29/10/2019 00:00:00,0.0000
30/10/2019 00:00:00,0.0000
31/10/2019 00:00:00,0.0000
01/11/2019 00:00:00,0.0016
02/11/2019 00:00:00,0.0000
03/11/2019 00:00:00,0.0002
04/11/2019 00:00:00,0.0000
05/11/2019 00:00:00,0.0000
06/11/2019 00:00:00,0.0000
07/11/2019 00:00:00,0.0002
08/11/2019 00:00:00,0.0000
09/11/2019 00:00:00,0.0000
10/11/2019 00:00:00,0.0000
11/11/2019 00:00:00,0.0000
12/11/2019 00:00:00,0.0000
13/11/2019 00:00:00,0.0000
14/11/2019 00:00:00,0.0000
15/11/2019 00:00:00,0.0000
16/11/2019 00:00:00,0.0000
17/11/2019 00:00:00,0.0000
18/11/2019 00:00:00,0.0000
19/11/2019 00:00:00,0.0000
20/11/2019 00:00:00,0.0000
21/11/2019 00:00:00,0.0000
22/11/2019 00:00:00,0.0000
23/11/2019 00:00:00,0.0000
24/11/2019 00:00:00,0.0000
25/11/2019 00:00:00,0.0000
26/11/2019 00:00:00,0.0000
27/11/2019 00:00:00,0.0000
28/11/2019 00:00:00,0.0000
29/11/2019 00:00:00,0.0004
30/11/2019 00:00:00,0.0000
01/12/2019 00:00:00,0.0010
02/12/2019 00:00:00,0.0000
03/12/2019 00:00:00,0.0000
04/12/2019 00:00:00,0.0000
05/12/2019 00:00:00,0.0000
06/12/2019 00:00:00,0.0000
07/12/2019 00:00:00,0.0000
08/12/2019 00:00:00,0.0000
09/12/2019 00:00:00,0.0000
10/12/2019 00:00:00,0.0000
11/12/2019 00:00:00,0.0000
12/12/2019 00:00:00,0.0000
13/12/2019 00:00:00,0.0000
14/12/2019 00:00:00,0.0000
15/12/2019 00:00:00,0.0000
16/12/2019 00:00:00,0.0000
17/12/2019 00:00:00,0.0000
18/12/2019 00:00:00,0.0000
19/12/2019 00:00:00,0.0000
20/12/2019 00:00:00,0.0000
21/12/2019 00:00:00,0.0000
22/12/2019 00:00:00,0.0000
23/12/2019 00:00:00,0.0000
24/12/2019 00:00:00,0.0000
25/12/2019 00:00:00,0.0000
26/12/2019 00:00:00,0.0000
27/12/2019 00:00:00,0.0000
28/12/2019 00:00:00,0.0000
29/12/2019 00:00:00,0.0000
30/12/2019 00:00:00,0.0000
31/12/2019 00:00:00,0.0000
01/01/2020 00:00:00,0.0000
02/01/2020 00:00:00,0.0000
03/01/2020 00:00:00,0.0000
04/01/2020 00:00:00,0.0006
05/01/2020 00:00:00,0.0000
06/01/2020 00:00:00,0.0002
07/01/2020 00:00:00,0.0000
08/01/2020 00:00:00,0.0000
09/01/2020 00:00:00,0.0000
10/01/2020 00:00:00,0.0006
11/01/2020 00:00:00,0.0000
12/01/2020 00:00:00,0.0000
13/01/2020 00:00:00,0.0000
14/01/2020 00:00:00,0.0000
15/01/2020 00:00:00,0.0000
16/01/2020 00:00:00,0.0000
17/01/2020 00:00:00,0.0000
18/01/2020 00:00:00,0.0000
19/01/2020 00:00:00,0.0000
20/01/2020 00:00:00,0.0000
21/01/2020 00:00:00,0.0000
22/01/2020 00:00:00,0.0006
23/01/2020 00:00:00,0.0000
24/01/2020 00:00:00,0.0000
25/01/2020 00:00:00,0.0000
26/01/2020 00:00:00,0.0000
27/01/2020 00:00:00,0.0000
28/01/2020 00:00:00,0.0000
29/01/2020 00:00:00,0.0000
30/01/2020 00:00:00,0.0000
31/01/2020 00:00:00,0.0074
01/02/2020 00:00:00,0.0000
02/02/2020 00:00:00,0.0000
03/02/2020 00:00:00,0.0000
04/02/2020 00:00:00,0.0000
05/02/2020 00:00:00,0.0000
06/02/2020 00:00:00,0.0000
07/02/2020 00:00:00,0.0000
08/02/2020 00:00:00,0.0000
09/02/2020 00:00:00,0.0000
10/02/2020 00:00:00,0.0000
11/02/2020 00:00:00,0.0000
12/02/2020 00:00:00,0.0000
13/02/2020 00:00:00,0.0000
14/02/2020 00:00:00,0.0006
15/02/2020 00:00:00,0.0000
16/02/2020 00:00:00,0.0000
17/02/2020 00:00:00,0.0000
18/02/2020 00:00:00,0.0000
19/02/2020 00:00:00,0.0000
20/02/2020 00:00:00,0.0000
21/02/2020 00:00:00,0.0000
22/02/2020 00:00:00,0.0000
23/02/2020 00:00:00,0.0000
24/02/2020 00:00:00,0.0000
25/02/2020 00:00:00,0.0002
26/02/2020 00:00:00,0.0000
27/02/2020 00:00:00,0.0000
28/02/2020 00:00:00,0.0000
29/02/2020 00:00:00,0.0000
01/03/2020 00:00:00,0.0000
02/03/2020 00:00:00,0.0000
03/03/2020 00:00:00,0.0000
04/03/2020 00:00:00,0.0000
05/03/2020 00:00:00,0.0000
06/03/2020 00:00:00,0.0000
07/03/2020 00:00:00,0.0000
08/03/2020 00:00:00,0.0000
09/03/2020 00:00:00,0.0000
10/03/2020 00:00:00,0.0000
11/03/2020 00:00:00,0.0000
12/03/2020 00:00:00,0.0000
13/03/2020 00:00:00,0.0000
14/03/2020 00:00:00,0.0000
15/03/2020 00:00:00,0.0000
16/03/2020 00:00:00,0.0000
17/03/2020 00:00:00,0.0000
18/03/2020 00:00:00,0.0000
19/03/2020 00:00:00,0.0000
20/03/2020 00:00:00,0.0000
21/03/2020 00:00:00,0.0000
22/03/2020 00:00:00,0.0000
23/03/2020 00:00:00,0.0000
24/03/2020 00:00:00,0.0000
25/03/2020 00:00:00,0.0000
26/03/2020 00:00:00,0.0000
27/03/2020 00:00:00,0.0000
28/03/2020 00:00:00,0.0002
29/03/2020 00:00:00,0.0000
30/03/2020 00:00:00,0.0000
31/03/2020 00:00:00,0.0000
01/04/2020 00:00:00,0.0014
02/04/2020 00:00:00,0.0004
03/04/2020 00:00:00,0.0066
04/04/2020 00:00:00,0.0002
05/04/2020 00:00:00,0.0008
06/04/2020 00:00:00,0.0008
07/04/2020 00:00:00,0.0000
08/04/2020 00:00:00,0.0000
09/04/2020 00:00:00,0.0000
10/04/2020 00:00:00,0.0000
11/04/2020 00:00:00,0.0000
12/04/2020 00:00:00,0.0000
13/04/2020 00:00:00,0.0000
14/04/2020 00:00:00,0.0000
15/04/2020 00:00:00,0.0000
16/04/2020 00:00:00,0.0000
17/04/2020 00:00:00,0.0012
18/04/2020 00:00:00,0.0004
19/04/2020 00:00:00,0.0002
20/04/2020 00:00:00,0.0000
21/04/2020 00:00:00,0.0000
22/04/2020 00:00:00,0.0000
23/04/2020 00:00:00,0.0008
24/04/2020 00:00:00,0.0000
25/04/2020 00:00:00,0.0042
26/04/2020 00:00:00,0.0000
27/04/2020 00:00:00,0.0000
28/04/2020 00:00:00,0.0014
29/04/2020 00:00:00,0.0074
30/04/2020 00:00:00,0.0014
01/05/2020 00:00:00,0.0008
02/05/2020 00:00:00,0.0002
03/05/2020 00:00:00,0.0000
04/05/2020 00:00:00,0.0000
05/05/2020 00:00:00,0.0000
06/05/2020 00:00:00,0.0000
07/05/2020 00:00:00,0.0000
08/05/2020 00:00:00,0.0042
09/05/2020 00:00:00,0.0006
10/05/2020 00:00:00,0.0000
11/05/2020 00:00:00,0.0000
12/05/2020 00:00:00,0.0012
13/05/2020 00:00:00,0.0000
14/05/2020 00:00:00,0.0000
15/05/2020 00:00:00,0.0000
16/05/2020 00:00:00,0.0000
17/05/2020 00:00:00,0.0000
18/05/2020 00:00:00,0.0000
19/05/2020 00:00:00,0.0004
20/05/2020 00:00:00,0.0030
21/05/2020 00:00:00,0.0010
22/05/2020 00:00:00,0.0020
23/05/2020 00:00:00,0.0000
24/05/2020 00:00:00,0.0000
25/05/2020 00:00:00,0.0000
26/05/2020 00:00:00,0.0000
27/05/2020 00:00:00,0.0000
28/05/2020 00:00:00,0.0002
29/05/2020 00:00:00,0.0000
30/05/2020 00:00:00,0.0004
31/05/2020 00:00:00,0.0012
01/06/2020 00:00:00,0.0006
02/06/2020 00:00:00,0.0000
03/06/2020 00:00:00,0.0000
04/06/2020 00:00:00,0.0000
05/06/2020 00:00:00,0.0000
06/06/2020 00:00:00,0.0000
07/06/2020 00:00:00,0.0000
08/06/2020 00:00:00,0.0000
09/06/2020 00:00:00,0.0000
10/06/2020 00:00:00,0.0000
11/06/2020 00:00:00,0.0000
12/06/2020 00:00:00,0.0000
13/06/2020 00:00:00,0.0006
14/06/2020 00:00:00,0.0004
15/06/2020 00:00:00,0.0000
16/06/2020 00:00:00,0.0004
17/06/2020 00:00:00,0.0000
18/06/2020 00:00:00,0.0000
19/06/2020 00:00:00,0.0006
20/06/2020 00:00:00,0.0018
21/06/2020 00:00:00,0.0006
22/06/2020 00:00:00,0.0004
23/06/2020 00:00:00,0.0004
24/06/2020 00:00:00,0.0000
25/06/2020 00:00:00,0.0000
26/06/2020 00:00:00,0.0002
27/06/2020 00:00:00,0.0000
28/06/2020 00:00:00,0.0000
29/06/2020 00:00:00,0.0000
30/06/2020 00:00:00,0.0000
01/07/2020 00:00:00,0.0012
02/07/2020 00:00:00,0.0000
03/07/2020 00:00:00,0.0012
04/07/2020 00:00:00,0.0000
05/07/2020 00:00:00,0.0000
06/07/2020 00:00:00,0.0000
07/07/2020 00:00:00,0.0000
08/07/2020 00:00:00,0.0000
09/07/2020 00:00:00,0.0000
10/07/2020 00:00:00,0.0008
11/07/2020 00:00:00,0.0002
12/07/2020 00:00:00,0.0000
13/07/2020 00:00:00,0.0000
14/07/2020 00:00:00,0.0002
15/07/2020 00:00:00,0.0000
16/07/2020 00:00:00,0.0000
17/07/2020 00:00:00,0.0000
18/07/2020 00:00:00,0.0000
19/07/2020 00:00:00,0.0000
20/07/2020 00:00:00,0.0000
21/07/2020 00:00:00,0.0000
22/07/2020 00:00:00,0.0000
23/07/2020 00:00:00,0.0002
24/07/2020 00:00:00,0.0000
25/07/2020 00:00:00,0.0000
26/07/2020 00:00:00,0.0002
27/07/2020 00:00:00,0.0000
28/07/2020 00:00:00,0.0000
29/07/2020 00:00:00,0.0002
30/07/2020 00:00:00,0.0002
31/07/2020 00:00:00,0.0000
01/08/2020 00:00:00,0.0000
02/08/2020 00:00:00,0.0000
03/08/2020 00:00:00,0.0002
04/08/2020 00:00:00,0.0000
05/08/2020 00:00:00,0.0000
06/08/2020 00:00:00,0.0000
07/08/2020 00:00:00,0.0004
08/08/2020 00:00:00,0.0000
09/08/2020 00:00:00,0.0002
10/08/2020 00:00:00,0.0000
11/08/2020 00:00:00,0.0014
12/08/2020 00:00:00,0.0000
13/08/2020 00:00:00,0.0000
14/08/2020 00:00:00,0.0000
15/08/2020 00:00:00,0.0002
16/08/2020 00:00:00,0.0000
17/08/2020 00:00:00,0.0000
18/08/2020 00:00:00,0.0008
19/08/2020 00:00:00,0.0032
20/08/2020 00:00:00,0.0010
21/08/2020 00:00:00,0.0018
22/08/2020 00:00:00,0.0020
23/08/2020 00:00:00,0.0006
24/08/2020 00:00:00,0.0000
25/08/2020 00:00:00,0.0000
26/08/2020 00:00:00,0.0000
27/08/2020 00:00:00,0.0000
28/08/2020 00:00:00,0.0000
29/08/2020 00:00:00,0.0000
30/08/2020 00:00:00,0.0000
31/08/2020 00:00:00,0.0000
01/09/2020 00:00:00,0.0000
02/09/2020 00:00:00,0.0000
03/09/2020 00:00:00,0.0000
04/09/2020 00:00:00,0.0004
05/09/2020 00:00:00,0.0000
06/09/2020 00:00:00,0.0000
07/09/2020 00:00:00,0.0000
08/09/2020 00:00:00,0.0000
09/09/2020 00:00:00,0.0000
10/09/2020 00:00:00,0.0000
11/09/2020 00:00:00,0.0000
12/09/2020 00:00:00,0.0028
13/09/2020 00:00:00,0.0002
14/09/2020 00:00:00,0.0002
15/09/2020 00:00:00,0.0000
16/09/2020 00:00:00,0.0000
17/09/2020 00:00:00,0.0002
18/09/2020 00:00:00,0.0000
19/09/2020 00:00:00,0.0000
20/09/2020 00:00:00,0.0000
21/09/2020 00:00:00,0.0000
22/09/2020 00:00:00,0.0000
23/09/2020 00:00:00,0.0000
24/09/2020 00:00:00,0.0010
25/09/2020 00:00:00,0.0004
26/09/2020 00:00:00,0.0000
27/09/2020 00:00:00,0.0000
28/09/2020 00:00:00,0.0000
29/09/2020 00:00:00,0.0026
30/09/2020 00:00:00,0.0002
01/10/2020 00:00:00,0.0000
02/10/2020 00:00:00,0.0000
03/10/2020 00:00:00,0.0000
04/10/2020 00:00:00,0.0036
05/10/2020 00:00:00,0.0000
06/10/2020 00:00:00,0.0004
07/10/2020 00:00:00,0.0032
08/10/2020 00:00:00,0.0000
09/10/2020 00:00:00,0.0000
10/10/2020 00:00:00,0.0000
11/10/2020 00:00:00,0.0000
12/10/2020 00:00:00,0.0000
13/10/2020 00:00:00,0.0000
14/10/2020 00:00:00,0.0000
15/10/2020 00:00:00,0.0008
16/10/2020 00:00:00,0.0000
17/10/2020 00:00:00,0.0000
18/10/2020 00:00:00,0.0000
19/10/2020 00:00:00,0.0000
20/10/2020 00:00:00,0.0000
21/10/2020 00:00:00,0.0000
22/10/2020 00:00:00,0.0000
23/10/2020 00:00:00,0.0008
24/10/2020 00:00:00,0.0002
25/10/2020 00:00:00,0.0000
26/10/2020 00:00:00,0.0006
27/10/2020 00:00:00,0.0000
28/10/2020 00:00:00,0.0000
29/10/2020 00:00:00,0.0012
30/10/2020 00:00:00,0.0000
31/10/2020 00:00:00,0.0000
01/11/2020 00:00:00,0.0000
02/11/2020 00:00:00,0.0000
03/11/2020 00:00:00,0.0000
04/11/2020 00:00:00,0.0000
05/11/2020 00:00:00,0.0000
06/11/2020 00:00:00,0.0000
07/11/2020 00:00:00,0.0000
08/11/2020 00:00:00,0.0000
09/11/2020 00:00:00,0.0000
10/11/2020 00:00:00,0.0006
11/11/2020 00:00:00,0.0004
12/11/2020 00:00:00,0.0002
13/11/2020 00:00:00,0.0000
14/11/2020 00:00:00,0.0000
15/11/2020 00:00:00,0.0000
16/11/2020 00:00:00,0.0000
17/11/2020 00:00:00,0.0000
18/11/2020 00:00:00,0.0000
19/11/2020 00:00:00,0.0000
20/11/2020 00:00:00,0.0000
21/11/2020 00:00:00,0.0000
22/11/2020 00:00:00,0.0000
23/11/2020 00:00:00,0.0000
24/11/2020 00:00:00,0.0000
25/11/2020 00:00:00,0.0000
26/11/2020 00:00:00,0.0000
27/11/2020 00:00:00,0.0000
28/11/2020 00:00:00,0.0002
29/11/2020 00:00:00,0.0000
30/11/2020 00:00:00,0.0000
01/12/2020 00:00:00,0.0000
02/12/2020 00:00:00,0.0000
03/12/2020 00:00:00,0.0000
04/12/2020 00:00:00,0.0000
05/12/2020 00:00:00,0.0000
06/12/2020 00:00:00,0.0004
07/12/2020 00:00:00,0.0004
08/12/2020 00:00:00,0.0000
09/12/2020 00:00:00,0.0000
10/12/2020 00:00:00,0.0000
11/12/2020 00:00:00,0.0000
12/12/2020 00:00:00,0.0000
13/12/2020 00:00:00,0.0000
14/12/2020 00:00:00,0.0000
15/12/2020 00:00:00,0.0014
16/12/2020 00:00:00,0.0000
17/12/2020 00:00:00,0.0000
18/12/2020 00:00:00,0.0000
19/12/2020 00:00:00,0.0000
20/12/2020 00:00:00,0.0002
21/12/2020 00:00:00,0.0004
22/12/2020 00:00:00,0.0000
23/12/2020 00:00:00,0.0000
24/12/2020 00:00:00,0.0000
25/12/2020 00:00:00,0.0000
26/12/2020 00:00:00,0.0000
27/12/2020 00:00:00,0.0000
28/12/2020 00:00:00,0.0000
29/12/2020 00:00:00,0.0000
30/12/2020 00:00:00,0.0000
31/12/2020 00:00:00,0.0000
01/01/2021 00:00:00,0.0000
02/01/2021 00:00:00,0.0000
03/01/2021 00:00:00,0.0000
04/01/2021 00:00:00,0.0000
05/01/2021 00:00:00,0.0000
06/01/2021 00:00:00,0.0000
07/01/2021 00:00:00,0.0000
08/01/2021 00:00:00,0.0000
09/01/2021 00:00:00,0.0000
10/01/2021 00:00:00,0.0000
11/01/2021 00:00:00,0.0000
12/01/2021 00:00:00,0.0000
13/01/2021 00:00:00,0.0002
14/01/2021 00:00:00,0.0004
15/01/2021 00:00:00,0.0000
16/01/2021 00:00:00,0.0000
17/01/2021 00:00:00,0.0000
18/01/2021 00:00:00,0.0000
19/01/2021 00:00:00,0.0000
20/01/2021 00:00:00,0.0000
21/01/2021 00:00:00,0.0000
22/01/2021 00:00:00,0.0000
23/01/2021 00:00:00,0.0000
24/01/2021 00:00:00,0.0000
25/01/2021 00:00:00,0.0014
26/01/2021 00:00:00,0.0000
27/01/2021 00:00:00,0.0000
28/01/2021 00:00:00,0.0000
29/01/2021 00:00:00,0.0000
30/01/2021 00:00:00,0.0000
31/01/2021 00:00:00,0.0000
01/02/2021 00:00:00,0.0000
02/02/2021 00:00:00,0.0000
03/02/2021 00:00:00,0.0000
04/02/2021 00:00:00,0.0010
05/02/2021 00:00:00,0.0018
06/02/2021 00:00:00,0.0004
07/02/2021 00:00:00,0.0000
08/02/2021 00:00:00,0.0000
09/02/2021 00:00:00,0.0000
10/02/2021 00:00:00,0.0000
11/02/2021 00:00:00,0.0000
12/02/2021 00:00:00,0.0000
13/02/2021 00:00:00,0.0000
14/02/2021 00:00:00,0.0000
15/02/2021 00:00:00,0.0000
16/02/2021 00:00:00,0.0000
17/02/2021 00:00:00,0.0000
18/02/2021 00:00:00,0.0000
19/02/2021 00:00:00,0.0000
20/02/2021 00:00:00,0.0000
21/02/2021 00:00:00,0.0000
22/02/2021 00:00:00,0.0000
23/02/2021 00:00:00,0.0000
24/02/2021 00:00:00,0.0000
25/02/2021 00:00:00,0.0000
26/02/2021 00:00:00,0.0000
27/02/2021 00:00:00,0.0000
28/02/2021 00:00:00,0.0000
01/03/2021 00:00:00,0.0000
02/03/2021 00:00:00,0.0000
03/03/2021 00:00:00,0.0000
04/03/2021 00:00:00,0.0000
05/03/2021 00:00:00,0.0000
06/03/2021 00:00:00,0.0004
07/03/2021 00:00:00,0.0002
08/03/2021 00:00:00,0.0000
09/03/2021 00:00:00,0.0000
10/03/2021 00:00:00,0.0002
11/03/2021 00:00:00,0.0000
12/03/2021 00:00:00,0.0006
13/03/2021 00:00:00,0.0004
14/03/2021 00:00:00,0.0000
15/03/2021 00:00:00,0.0000
16/03/2021 00:00:00,0.0000
17/03/2021 00:00:00,0.0000
18/03/2021 00:00:00,0.0000
19/03/2021 00:00:00,0.0000
20/03/2021 00:00:00,0.0000
21/03/2021 00:00:00,0.0000
22/03/2021 00:00:00,0.0000
23/03/2021 00:00:00,0.0004
24/03/2021 00:00:00,0.0010
25/03/2021 00:00:00,0.0000
26/03/2021 00:00:00,0.0000
27/03/2021 00:00:00,0.0000
28/03/2021 00:00:00,0.0000
29/03/2021 00:00:00,0.0000
30/03/2021 00:00:00,0.0000
31/03/2021 00:00:00,0.0000
01/04/2021 00:00:00,0.0000
02/04/2021 00:00:00,0.0000
03/04/2021 00:00:00,0.0000
04/04/2021 00:00:00,0.0000
05/04/2021 00:00:00,0.0000
06/04/2021 00:00:00,0.0000
07/04/2021 00:00:00,0.0000
08/04/2021 00:00:00,0.0010
09/04/2021 00:00:00,0.0004
10/04/2021 00:00:00,0.0000
11/04/2021 00:00:00,0.0000
12/04/2021 00:00:00,0.0000
13/04/2021 00:00:00,0.0000
14/04/2021 00:00:00,0.0002
15/04/2021 00:00:00,0.0002
16/04/2021 00:00:00,0.0000
17/04/2021 00:00:00,0.0000
18/04/2021 00:00:00,0.0000
19/04/2021 00:00:00,0.0026
20/04/2021 00:00:00,0.0000
21/04/2021 00:00:00,0.0000
22/04/2021 00:00:00,0.0006
23/04/2021 00:00:00,0.0002
24/04/2021 00:00:00,0.0000
25/04/2021 00:00:00,0.0000
26/04/2021 00:00:00,0.0000
27/04/2021 00:00:00,0.0000
28/04/2021 00:00:00,0.0000
29/04/2021 00:00:00,0.0000
30/04/2021 00:00:00,0.0000
01/05/2021 00:00:00,0.0000
02/05/2021 00:00:00,0.0000
03/05/2021 00:00:00,0.0000
04/05/2021 00:00:00,0.0000
05/05/2021 00:00:00,0.0000
06/05/2021 00:00:00,0.0000
07/05/2021 00:00:00,0.0000
08/05/2021 00:00:00,0.0000
09/05/2021 00:00:00,0.0008
10/05/2021 00:00:00,0.0004
11/05/2021 00:00:00,0.0000
12/05/2021 00:00:00,0.0000
13/05/2021 00:00:00,0.0000
14/05/2021 00:00:00,0.0000
15/05/2021 00:00:00,0.0000
16/05/2021 00:00:00,0.0000
17/05/2021 00:00:00,0.0000
18/05/2021 00:00:00,0.0000
19/05/2021 00:00:00,0.0000
20/05/2021 00:00:00,0.0000
21/05/2021 00:00:00,0.0000
22/05/2021 00:00:00,0.0000
23/05/2021 00:00:00,0.0000
24/05/2021 00:00:00,0.0012
25/05/2021 00:00:00,0.0002
26/05/2021 00:00:00,0.0002
27/05/2021 00:00:00,0.0000
28/05/2021 00:00:00,0.0000
29/05/2021 00:00:00,0.0000
30/05/2021 00:00:00,0.0000
31/05/2021 00:00:00,0.0000
01/06/2021 00:00:00,0.0000
