X,Y,Z,ID
358538.0250,6017914.5000,0.0000,1
368771.9750,6005693.9750,0.0000,2
300756.2910,6062565.1950,-17.6857,3
300968.5185,6062924.2350,-15.5463,4
301181.3430,6062325.5400,-19.0738,5
301173.9500,6063286.6800,-14.4428,6
301379.2388,6063649.0325,-13.7107,7
301402.9645,6062690.5575,-16.7305,8
301606.3950,6062085.8850,-19.6735,9
301935.0225,6064615.5300,-5.6281,10
302051.3357,6064820.0700,-4.4295,11
302149.0140,6064995.1225,-3.4163,12
302238.5393,6065159.0650,-1.9823,13
313396.5370,6055342.8825,-27.4258,14
301812.9965,6064401.5625,-7.7281,15
301555.5645,6063951.4675,-12.6162,16
301604.1980,6063065.7900,-14.7250,17
301805.0043,6063440.7500,-13.7286,18
301837.4105,6062456.8800,-17.5555,19
302031.4468,6061846.2275,-20.6775,20
302361.9868,6064424.1325,-5.0782,21
302477.6950,6064634.3775,-3.8442,22
302574.7975,6064813.9750,-3.0473,23
302663.5365,6064981.3950,-1.9666,24
301462.1543,6066638.1625,-2.1080,25
301394.5755,6066245.2500,-4.2943,26
313667.9655,6055815.9975,-23.7473,27
312970.8500,6055588.3475,-27.4304,28
302240.8065,6064205.5725,-7.7322,29
301690.1435,6064186.7650,-10.4665,30
301985.2343,6063748.0275,-12.3820,31
302034.4463,6062844.8975,-14.8405,32
302230.7700,6063232.4650,-13.5879,33
302271.8565,6062223.2000,-18.5690,34
302456.4965,6061606.5675,-22.2024,35
302788.9510,6064232.7350,-4.9282,36
302904.0543,6064448.6825,-3.7083,37
303000.5807,6064632.8275,-2.8637,38
303088.5335,6064803.7250,-1.3796,39
301768.4337,6066590.5125,-0.7961,40
301837.8833,6066807.4167,-0.1751,41
301428.1860,6066440.7375,-4.7243,42
302180.8920,6066843.2025,-0.4954,43
301717.6890,6066189.0800,-0.4370,44
313946.2477,6056285.1800,-18.7229,45
313231.6145,6056067.1025,-24.0644,46
312545.1630,6055833.8125,-27.2679,47
314224.6920,6056754.2800,-15.1464,48
302668.6165,6064009.5850,-7.9131,49
302118.8410,6063987.2200,-10.4288,50
302414.9040,6063544.5900,-12.2376,51
302464.6945,6062624.0050,-15.2687,52
302656.5358,6063024.1775,-13.6719,53
302706.2965,6061989.5100,-19.6311,54
302881.5400,6061366.8925,-23.9035,55
303215.9150,6064041.3350,-4.7668,56
303330.4138,6064262.9900,-3.7321,57
303426.3645,6064451.6825,-2.9207,58
303513.5305,6064626.0525,-1.3423,59
302204.2362,6066516.7225,-1.1491,60
301754.0590,6066373.0950,-2.3183,61
302582.8808,6066779.0525,-0.4041,62
302176.2577,6066079.8850,-0.2959,63
313512.9400,6056534.0600,-18.0965,64
312795.2635,6056318.2075,-24.2604,65
312119.5088,6056079.3325,-27.3293,66
313794.7505,6057000.7625,-15.0574,67
314453.4165,6057152.1150,-12.1963,68
303096.4263,6063813.5925,-7.5262,69
302547.5385,6063787.6775,-10.5005,70
302844.5737,6063341.1475,-12.2258,71
302894.9385,6062403.1075,-15.6337,72
303082.3013,6062815.8950,-13.7182,73
303140.7168,6061755.7775,-21.3658,74
303306.5787,6061127.2075,-25.1007,75
303632.9908,6063830.0350,-4.7916,76
303774.5007,6063939.5267,-4.1035,77
303765.7785,6064095.6725,-3.6109,78
303844.9828,6064255.5725,-2.9205,79
304263.6663,6064059.1725,-2.9876,80
304201.1775,6063928.9750,-3.5214,81
303945.6930,6064463.3475,-1.0122,82
302527.9420,6066509.9600,-0.9201,83
302222.1933,6066260.9075,-2.2009,84
302809.9730,6066367.6750,-0.8525,85
302876.3433,6066633.5500,-0.0059,86
302635.4170,6065978.5150,-0.4108,87
313079.6323,6056782.9400,-18.2514,88
312359.0100,6056569.4800,-24.7771,89
311694.0285,6056325.1525,-27.7021,90
313364.8090,6057247.2450,-15.0959,91
314016.9842,6057399.8425,-12.2601,92
314624.1410,6057448.8625,-9.5649,93
304050.2090,6063618.4225,-4.8131,94
304129.5403,6063781.7300,-4.0869,95
303524.2363,6063617.6025,-7.2324,96
302976.2360,6063588.1300,-10.4227,97
303274.2435,6063137.7075,-12.1645,98
303325.1508,6062182.1425,-16.2262,99
303508.0235,6062607.5200,-13.7917,100
303575.1227,6061522.0150,-23.2423,101
303731.6173,6060887.5250,-25.8094,102
303966.2363,6064329.5600,-2.4104,103
304689.7037,6063877.7500,-2.9108,104
304627.6055,6063744.5225,-3.4778,105
304320.7280,6064180.0550,-2.3823,106
304377.7900,6064300.9350,-0.2965,107
302685.8150,6066132.2550,-2.4282,108
303273.6410,6066247.4075,-0.6496,109
303146.9053,6065833.5375,-0.9244,110
312646.3897,6057031.9300,-18.7129,111
311923.2785,6056821.6475,-25.6715,112
311268.7810,6056571.3700,-28.2958,113
312934.8680,6057493.7250,-15.1351,114
313580.5505,6057647.5675,-12.3131,115
314185.3755,6057694.7750,-9.7171,116
314767.3500,6057697.8650,-7.4260,117
304477.4583,6063426.4000,-4.8932,118
304556.4360,6063593.8425,-4.0911,119
303952.0388,6063421.6000,-6.9903,120
303404.9335,6063388.5850,-10.2484,121
303703.8727,6062934.1825,-12.1323,122
303755.3345,6061961.1175,-17.0083,123
303933.7015,6062399.0500,-13.9232,124
304009.5285,6061288.2525,-24.2700,125
304156.6558,6060647.8400,-26.1463,126
305115.9877,6063696.9375,-3.0042,127
305054.0330,6063560.0675,-3.5765,128
304746.4865,6064001.5575,-2.2516,129
304803.2697,6064125.3625,-0.1547,130
304214.1910,6066149.8700,-0.1062,131
303863.8193,6066304.2233,0.1229,132
303767.4045,6066066.3200,-1.0018,133
303188.4963,6065968.8950,-2.4373,134
303672.0307,6065618.0425,-1.0231,135
312213.8733,6057282.1650,-19.1690,136
311488.2462,6057075.0125,-26.0937,137
310843.6253,6056817.7450,-28.6100,138
312505.8093,6057741.7200,-15.1675,139
313144.1158,6057895.2925,-12.3075,140
313746.6070,6057940.6825,-9.6203,141
314327.3742,6057943.7175,-7.3733,142
314915.3090,6057956.0000,-5.5238,143
304904.7078,6063234.3750,-5.1746,144
304983.3315,6063405.9525,-4.2256,145
304379.8332,6063225.5800,-7.1654,146
303833.6077,6063188.9925,-10.1041,147
304133.4605,6062730.5675,-12.1118,148
304185.5178,6061740.0900,-17.7553,149
304359.3783,6062190.5800,-14.0647,150
304443.9343,6061054.4875,-24.2107,151
304577.7605,6060410.0350,-26.4954,152
305542.3957,6063516.4350,-3.1005,153
305480.4605,6063375.6150,-3.7614,154
305172.9853,6063824.8900,-2.1284,155
305229.9830,6063952.8400,0.1232,156
305422.8192,6065351.1925,0.1402,157
305228.3028,6065473.6875,0.4128,158
304976.9500,6065560.9000,0.3680,159
304512.9687,6065926.7367,0.2441,160
304411.4660,6065725.0550,-0.6112,161
304120.5893,6065942.8467,-0.9161,162
303732.6283,6065784.6400,-2.4007,163
305174.0460,6065383.5575,0.5405,164
305361.6032,6065250.1950,0.2238,165
304181.5952,6065414.8750,-0.3292,166
311782.5715,6057534.4850,-20.1061,167
311053.4888,6057328.8500,-26.5861,168
310418.4695,6057064.1225,-28.7522,169
312078.4970,6057992.7125,-15.1920,170
312708.4948,6058144.4125,-12.3032,171
313307.8360,6058186.5875,-9.3602,172
313887.3970,6058189.5675,-7.1972,173
314474.2300,6058203.2600,-5.2033,174
315064.2577,6058216.6175,-4.1639,175
305331.9570,6063042.3475,-5.8732,176
305410.2267,6063218.0600,-4.5274,177
304807.6277,6063029.5550,-7.6089,178
304262.2580,6062989.3475,-10.0672,179
304563.0473,6062526.9525,-12.0971,180
304551.8953,6061644.6100,-17.3289,181
304785.0550,6061982.1075,-14.2325,182
304826.3397,6061413.4325,-18.4068,183
304866.5393,6060826.3675,-24.9841,184
304992.1985,6060174.9825,-27.2561,185
305968.5463,6063335.3050,-3.1643,186
305906.8885,6063191.1600,-3.8849,187
305599.8560,6063649.1425,-2.1429,188
305657.3160,6063781.8500,0.3400,189
305610.0295,6065215.6750,0.3104,190
304726.6320,6065560.4267,0.1450,191
304257.9510,6065560.1025,-2.6833,192
304868.0158,6065375.5950,-1.3632,193
305548.5533,6065108.7100,0.2095,194
305293.7735,6065165.2500,0.5266,195
304657.6690,6065204.0450,-0.1478,196
311351.8233,6057787.7525,-20.9732,197
310618.7312,6057582.6875,-27.0233,198
309993.1542,6057310.2250,-28.7757,199
311652.0490,6058245.1825,-15.2435,200
312274.4890,6058396.3025,-12.3191,201
312869.5173,6058433.2700,-9.0750,202
313447.4188,6058435.4125,-6.8073,203
314033.1513,6058450.5200,-5.2045,204
314622.2822,6058466.7500,-3.9844,205
315206.0197,6058466.6975,-2.9440,206
305759.2062,6062850.3250,-6.5854,207
305837.1225,6063030.1700,-4.8411,208
305235.4223,6062833.5300,-8.1915,209
304690.9078,6062789.7000,-10.1108,210
304992.6340,6062323.3375,-12.0691,211
305210.7323,6061773.6375,-14.4474,212
305230.3653,6061204.9175,-18.8965,213
305269.1440,6060606.5000,-25.9690,214
305403.7390,6059940.4700,-27.7574,215
306276.4707,6063199.6275,-3.2153,216
306212.1400,6063053.3125,-3.9495,217
306025.9535,6063471.5225,-2.0272,218
306083.3605,6063607.7400,0.4605,219
305634.2250,6064913.1250,0.4322,220
305640.5947,6065023.1300,0.2395,221
305707.1947,6065010.0633,0.2268,222
305756.5130,6065063.6700,0.2627,223
304718.3435,6065295.8025,-2.8299,224
305029.1223,6065265.8667,-0.3736,225
305224.4842,6065046.3025,-1.6433,226
305093.5990,6064844.7700,-0.6648,227
311225.6010,6058497.6525,-15.2746,228
310921.0750,6058041.0175,-21.6781,229
310183.4955,6057835.7000,-27.0955,230
309567.5242,6057555.7825,-28.7552,231
311841.2875,6058649.5700,-12.3653,232
312432.1025,6058681.5000,-8.8468,233
313007.5830,6058681.5050,-6.3210,234
313592.0725,6058697.7800,-5.0493,235
314180.3070,6058716.8850,-4.0159,236
314762.0928,6058716.9825,-2.9253,237
315356.8983,6058734.6625,-0.8807,238
306077.3340,6062700.0100,-6.7683,239
306138.3655,6062890.6275,-4.9937,240
305663.2167,6062637.5100,-8.4705,241
305119.5575,6062590.0525,-10.2257,242
305422.2210,6062119.7250,-12.0695,243
305593.7310,6061585.5800,-14.7364,244
305602.0203,6061009.1550,-20.1201,245
305663.0558,6060388.2525,-26.8490,246
305812.1227,6059707.1050,-28.1772,247
306466.4178,6063110.0125,-3.2499,248
306396.1538,6062962.1050,-3.9724,249
306335.0153,6063337.7125,-2.1523,250
306393.5598,6063475.8000,0.2619,251
305622.0255,6064775.3525,0.5358,252
305816.8500,6064881.3500,0.4643,253
306014.6352,6064755.9875,0.3643,254
305159.3083,6064920.6475,-3.0098,255
305452.4567,6064821.4700,-0.2292,256
305427.3180,6064521.7225,-2.7764,257
311408.0930,6058902.8475,-12.3570,258
310799.1530,6058750.1275,-15.2105,259
310633.9277,6058316.2733,-20.1170,260
310278.2145,6058416.8000,-21.6381,261
309747.3148,6058087.0850,-27.1191,262
309141.7240,6057801.0475,-28.7806,263
311995.1453,6058930.5150,-8.9079,264
312568.0340,6058928.0875,-5.8988,265
313150.9935,6058945.0400,-4.8189,266
313738.3315,6058967.0225,-3.9377,267
314318.1657,6058967.2700,-2.8869,268
314909.3725,6058981.6175,-0.9371,269
306240.1390,6062653.7900,-6.4325,270
306313.8310,6062799.4925,-5.0156,271
305999.8965,6062475.1675,-8.4230,272
305548.2075,6062390.4075,-10.2839,273
305802.0085,6061935.5050,-12.0751,274
305932.3102,6061414.4425,-15.0949,275
305966.8390,6060812.3875,-21.8247,276
306047.4970,6060173.4500,-27.4571,277
306224.9927,6059471.3200,-28.5165,278
306371.8675,6062546.3975,-6.7442,279
306489.0465,6062708.4800,-5.0343,280
306656.1485,6063019.9175,-3.3431,281
306580.0452,6062870.9575,-4.0447,282
306527.7870,6063249.5375,-2.2144,283
306589.1560,6063389.0650,0.1698,284
305715.0673,6064744.7700,0.2304,285
305575.4942,6064671.0850,-0.8166,286
305872.3510,6064736.4667,0.5648,287
305859.6138,6064643.9275,0.2918,288
305498.7875,6064592.7750,-3.0209,289
305670.6630,6064321.3175,-2.2545,290
311558.2013,6059179.5525,-9.3121,291
310974.9055,6059156.1400,-12.2692,292
310370.7815,6058999.2875,-15.1449,293
309844.7643,6058665.4150,-21.5376,294
309310.6235,6058337.5925,-27.3172,295
308715.9093,6058046.2900,-28.9812,296
311689.2368,6059421.7700,-6.1417,297
312128.6323,6059174.9225,-5.7507,298
312709.9148,6059192.2975,-4.5908,299
313296.3560,6059217.1575,-3.7916,300
313874.2390,6059217.5575,-2.8619,301
314461.8465,6059228.5700,-0.9167,302
306245.3117,6062346.2050,-8.3968,303
305905.5658,6062215.3400,-10.3164,304
306130.3650,6061767.4050,-12.1113,305
306268.4605,6061238.4400,-15.4358,306
306314.4470,6060622.8175,-22.9781,307
306445.3972,6059951.3850,-27.6769,308
306635.1250,6059236.9600,-28.7006,309
306577.0580,6062439.7050,-6.6109,310
306653.6553,6062622.7950,-5.0422,311
306828.0065,6062937.7750,-2.9139,312
306746.7645,6062788.2000,-4.0947,313
306719.9103,6063159.9250,-2.4975,314
306783.6717,6063299.9325,-0.0937,315
305801.9983,6064518.4650,-0.8813,316
305728.9365,6064402.6500,-2.6731,317
306024.5940,6064165.8150,-2.0955,318
311121.2708,6059428.6100,-9.6855,319
310539.9370,6059406.3650,-12.2050,320
309940.2430,6059244.7150,-15.1211,321
309410.8695,6058913.2650,-21.7827,322
308873.8887,6058588.0275,-27.6538,323
308289.8632,6058291.1050,-29.5259,324
312256.2335,6059415.1150,-4.5278,325
311802.7278,6059637.8700,-4.7249,326
311249.8475,6059668.6250,-6.9106,327
312271.5137,6059628.6100,-3.9444,328
311902.6028,6059834.2850,-4.0025,329
312854.3810,6059467.2900,-3.6351,330
313430.3120,6059467.8425,-2.7726,331
314014.3208,6059475.5225,-0.8823,332
306490.4657,6062216.7200,-8.2008,333
306136.1330,6062146.3300,-9.9637,334
306312.7770,6061997.2725,-10.2546,335
306456.4302,6061594.7175,-12.1792,336
306579.1843,6061073.8725,-15.6037,337
306687.9165,6060419.5725,-23.4518,338
306835.0843,6059733.5925,-27.8200,339
307041.5345,6059004.5400,-28.7587,340
306732.4767,6062396.2200,-6.2103,341
306807.9072,6062542.3125,-5.0655,342
306978.7025,6062865.6950,-3.2687,343
306896.4333,6062713.7675,-4.0789,344
306899.1455,6063074.7125,-2.2975,345
307058.9620,6063326.8375,1.8894,346
306970.2558,6063211.7400,0.1335,347
306160.1215,6064409.6075,-0.7799,348
309994.2712,6064763.9300,-1.0259,349
309902.9770,6064929.4975,-0.1894,350
309789.8183,6065119.9675,-0.0730,351
306072.2655,6064263.1975,-2.7901,352
306450.5000,6064085.2500,-2.1227,353
310683.3403,6059675.9475,-9.8666,354
310102.9557,6059653.1250,-12.1697,355
309509.4610,6059489.7225,-15.1277,356
308976.9455,6059161.0650,-22.1992,357
308436.4603,6058837.1825,-27.9823,358
307869.0467,6058531.9400,-29.6859,359
311362.0002,6059885.0025,-5.0887,360
310810.1403,6059914.9325,-7.4166,361
311461.1745,6060083.2875,-4.2075,362
312423.6250,6059739.4650,-3.4337,363
311992.8908,6060012.0475,-3.3417,364
312986.3852,6059718.1275,-2.6757,365
313566.7950,6059722.4775,-0.8938,366
306857.3210,6062293.3350,-6.3885,367
306735.4388,6062086.8725,-7.9542,368
306596.7120,6061842.5125,-10.1792,369
306756.7878,6061436.1500,-12.2127,370
306929.3152,6060888.6975,-15.5996,371
307047.1485,6060223.7400,-23.8737,372
307213.6038,6059521.6175,-27.9256,373
307454.6775,6058768.6100,-29.1306,374
306962.3177,6062461.9500,-5.0848,375
307123.0510,6062796.9425,-3.3991,376
307046.0722,6062639.6775,-4.1199,377
307055.6270,6063000.2400,-2.5633,378
307223.2330,6063248.2875,2.2210,379
307132.4678,6063135.0400,0.3625,380
307142.6510,6063432.3175,2.0897,381
306577.3750,6064350.8500,-0.9869,382
309793.4110,6064625.2675,-0.8135,383
309753.5360,6064827.1900,0.0048,384
309709.6480,6065012.1200,-0.0010,385
306500.7500,6064200.5000,-2.8062,386
306867.3438,6063975.8900,-0.9526,387
307183.4140,6063551.4350,2.0148,388
310244.2710,6059921.3275,-9.9223,389
309665.7445,6059899.4875,-12.1077,390
309078.6787,6059734.7300,-15.1411,391
308541.7315,6059406.4900,-22.6784,392
308014.7207,6059074.4000,-28.1937,393
310921.2730,6060132.1350,-5.3759,394
310370.0690,6060160.6150,-7.6168,395
311019.7465,6060332.2900,-4.3469,396
311550.9590,6060262.9950,-3.4483,397
312531.8347,6059947.8875,-2.6392,398
312077.5840,6060177.9250,-2.6626,399
313119.2692,6059969.4325,-0.8552,400
307048.3033,6062195.0175,-6.0956,401
306975.3340,6061961.2450,-7.5976,402
306881.0463,6061690.9775,-9.9009,403
307093.1880,6061261.1950,-12.1094,404
307259.0018,6060714.1725,-15.6514,405
307384.9545,6060039.0675,-23.7524,406
307612.3235,6059299.1175,-28.0719,407
307129.9293,6062376.7925,-4.9933,408
307258.7732,6062731.9950,-3.2655,409
307198.6040,6062564.7150,-4.1403,410
307193.4202,6062934.7875,-2.4809,411
307350.4768,6063187.4400,2.2080,412
307263.6432,6063073.0400,-0.5057,413
307308.2225,6063350.8925,2.2010,414
306991.1368,6064247.0425,-1.3846,415
309562.1798,6064626.9675,-0.7398,416
309611.9333,6064779.8333,-0.0493,417
309498.7000,6064918.1000,-0.1729,418
309604.0667,6065064.9333,-0.1024,419
306935.7695,6064120.4325,-2.5591,420
307171.2978,6063886.6850,-1.2322,421
307113.3897,6063760.2000,0.3565,422
307241.6105,6063694.2925,0.4229,423
307352.1142,6063471.1950,2.0238,424
309805.0668,6060166.4750,-9.8932,425
309228.5292,6060145.8425,-11.9771,426
308645.9657,6059976.1875,-15.1291,427
308134.4950,6059631.0125,-23.1780,428
310480.5460,6060379.2650,-5.5706,429
309929.9533,6060406.2225,-7.6114,430
310578.3185,6060581.2900,-4.4359,431
311109.0272,6060513.9425,-3.5213,432
311634.2568,6060428.7675,-2.7170,433
312532.8133,6060133.8367,-2.0039,434
312161.3748,6060341.0200,-1.8887,435
312682.3673,6060236.9100,-0.5337,436
307228.4122,6062103.3275,-5.7028,437
307154.2617,6061922.1167,-6.8157,438
307202.7697,6061524.2425,-9.0915,439
307410.1167,6061096.2650,-11.1946,440
307556.0657,6060556.6425,-15.4378,441
307758.4990,6059835.7775,-23.6275,442
307310.6165,6062286.8950,-4.7508,443
307388.5685,6062669.5750,-3.3996,444
307324.5707,6062540.4667,-3.9555,445
307323.1547,6062872.9850,-2.7419,446
307452.8677,6063138.8150,1.9658,447
307380.0983,6063017.9300,-1.1162,448
307436.4738,6063287.8175,2.2715,449
307317.9715,6064146.5250,-1.9165,450
309371.4000,6064753.3000,-0.9944,451
309350.6030,6065061.7833,-0.5948,452
309321.4230,6065180.0900,-0.4706,453
309108.0125,6065282.3275,-0.4358,454
307262.4948,6064035.6200,-2.9991,455
307352.9460,6063831.9500,-1.3536,456
307394.9367,6063605.9875,0.6612,457
307482.7890,6063409.0400,1.7144,458
309365.8557,6060411.6100,-9.6795,459
308789.5058,6060388.8750,-11.7365,460
308254.1282,6060187.4400,-15.1957,461
310039.8185,6060626.3975,-5.6392,462
309489.8345,6060651.8250,-7.3218,463
310136.8903,6060830.2925,-4.4612,464
310667.0955,6060764.8875,-3.5688,465
311190.9295,6060679.6100,-2.7388,466
311715.6482,6060589.6400,-1.9283,467
312245.1653,6060504.1100,-0.1176,468
307408.4910,6062011.7175,-5.1725,469
307312.3515,6061787.2875,-6.5856,470
307512.8093,6061363.2425,-7.2871,471
307701.7640,6060947.1375,-10.7699,472
307905.0970,6060372.0400,-15.2600,473
307418.7480,6062457.8650,-3.9907,474
307491.2128,6062197.2350,-4.4228,475
307518.2115,6062607.5575,-3.1344,476
307452.9410,6062811.0025,-2.6957,477
307545.7932,6063095.0425,1.4450,478
307495.3642,6062963.3300,-1.4242,479
307534.2683,6063240.7475,2.1187,480
307515.1430,6064068.3075,-0.8918,481
308846.6702,6065377.1850,-0.4118,482
309238.6728,6064988.6775,-1.2738,483
309048.5478,6065206.4275,-1.6620,484
307459.8507,6063955.7450,-3.2103,485
307481.2490,6063713.4600,0.0270,486
307557.8105,6063553.0925,0.5895,487
307490.8960,6063520.5100,0.7041,488
307580.9360,6063363.0650,1.7385,489
308925.6018,6060654.8275,-9.2610,490
308395.6258,6060596.4375,-11.1039,491
309599.0910,6060873.5300,-5.4888,492
309049.3780,6060896.8050,-6.7512,493
309695.4620,6061079.2975,-4.4077,494
310225.1638,6061015.8325,-3.5577,495
310747.5830,6060930.4125,-2.7864,496
311269.9217,6060838.2600,-1.9056,497
311797.0398,6060750.5100,0.0313,498
307588.5700,6061920.1125,-4.9405,499
307506.9687,6061740.1433,-5.5576,500
307645.4728,6061614.7775,-5.4987,501
307798.2783,6061219.6775,-7.0874,502
308048.6943,6060771.8475,-10.3749,503
307671.8092,6062107.5775,-4.4552,504
307573.9590,6062382.4525,-4.4000,505
307647.8545,6062545.5400,-4.1500,506
307582.6358,6062749.2625,-2.3515,507
307639.9308,6063050.7150,0.6225,508
307587.6490,6062948.4833,-1.2827,509
307615.6297,6063202.7075,1.7574,510
307691.3720,6063953.5575,0.2239,511
308625.6000,6065384.6333,-0.2907,512
308850.1333,6065303.9000,-1.6963,513
309160.4273,6064974.0200,-0.4891,514
308996.3562,6065119.0750,-0.3551,515
307625.0207,6063829.0750,-2.7365,516
307570.4440,6063727.4033,-0.8655,517
307643.3393,6063579.4625,0.4158,518
307607.7340,6063452.1100,0.7361,519
307679.6678,6063441.9900,0.7148,520
307659.1420,6063327.1975,1.6473,521
308550.3318,6060851.3075,-8.3574,522
309158.3640,6061120.6625,-5.1113,523
308695.2363,6061086.2100,-6.0850,524
309254.0340,6061328.3025,-4.2147,525
309783.2320,6061266.7800,-3.5203,526
310304.1180,6061180.9975,-2.8023,527
310824.1373,6061086.7700,-1.8158,528
311348.9143,6060996.9100,0.0803,529
307768.4880,6061828.1800,-4.8467,530
307892.7573,6061488.9325,-5.2845,531
308107.5243,6061068.3875,-7.1795,532
307851.9287,6062018.3500,-4.4551,533
307729.1700,6062307.0425,-3.7913,534
307777.4975,6062483.5250,-2.9475,535
307661.0023,6062885.0500,-1.7190,536
307712.3303,6062687.5250,-3.8000,537
307735.5065,6063005.7275,-0.4857,538
307700.5345,6063163.0475,1.5421,539
307843.7745,6063863.5575,0.4226,540
308708.9333,6065266.2000,-1.2810,541
308557.2000,6065308.3333,-1.2602,542
308363.4680,6065217.4650,-1.1572,543
308707.6468,6065162.4850,-0.1700,544
307830.0357,6063738.8567,-0.4395,545
307760.6110,6063672.2150,-2.7855,546
307725.4457,6063576.4300,-0.3764,547
307822.3733,6063497.0200,-0.9807,548
307773.2995,6063407.2250,0.6615,549
307743.6175,6063288.4800,1.3637,550
308342.3277,6061006.2733,-7.1173,551
308822.1585,6061302.2525,-4.8646,552
308427.7462,6061220.6550,-5.8914,553
308931.9688,6061500.9850,-4.1154,554
309341.3003,6061517.7275,-3.4663,555
309860.5535,6061431.4000,-2.7388,556
310377.9967,6061334.6250,-1.8253,557
310900.6915,6061243.1300,0.1952,558
307967.4085,6061727.4625,-4.6993,559
308160.2480,6061355.0775,-5.6597,560
308023.0460,6061934.6725,-4.2550,561
307948.3700,6062201.7750,-4.0727,562
307850.9293,6062286.1833,-3.6500,563
307907.1405,6062421.5100,-2.9500,564
307842.0250,6062625.7850,-2.3481,565
307776.2375,6062830.5325,-1.7386,566
307830.0242,6062961.2275,-1.7214,567
307789.6437,6063121.4675,0.6107,568
307975.6255,6063823.1150,0.5209,569
308167.7845,6065023.7250,-1.0148,570
308465.9003,6065077.0050,-0.1916,571
308070.7660,6064763.4000,-1.0930,572
307926.5297,6063677.6500,-0.1084,573
307882.2608,6063568.1775,-1.7450,574
307928.1387,6063445.6300,-1.5378,575
307869.2615,6063362.2850,0.7779,576
307835.5343,6063246.3825,1.3703,577
308669.9490,6061420.5967,-4.8623,578
308493.2222,6061465.3425,-5.1484,579
308729.4570,6061597.2525,-4.3325,580
309012.4163,6061694.4250,-3.5207,581
309416.9508,6061681.7300,-2.8237,582
309931.5583,6061581.9325,-1.5076,583
310451.8752,6061488.2550,0.4162,584
308268.9628,6061578.1250,-5.1089,585
308129.6100,6061687.3867,-4.7539,586
308185.1785,6061857.3250,-4.4339,587
308100.5372,6062128.5350,-3.7925,588
308035.9905,6062360.7900,-3.5888,589
307971.7197,6062564.0450,-2.4000,590
307891.4727,6062776.0125,-1.9932,591
307923.5530,6062917.1575,-2.1617,592
307875.6590,6063081.3025,-1.0644,593
308104.1258,6063804.2075,0.4970,594
308258.3533,6064958.5300,-0.2761,595
308219.1580,6064765.6200,-0.2342,596
308358.9390,6064962.2033,-0.1404,597
308117.8638,6064512.6875,-1.0567,598
308087.8423,6063708.6267,0.3233,599
308036.0467,6063621.9400,-0.0963,600
308188.7805,6063682.9475,0.5726,601
308234.1040,6063797.0200,0.3192,602
307994.0885,6063517.1700,-0.6960,603
307993.0190,6063396.0367,-0.0164,604
307959.4805,6063320.0450,1.0972,605
307921.9757,6063206.7750,0.7759,606
308527.6595,6061693.9075,-4.5455,607
308796.6740,6061796.8300,-3.6851,608
309084.3850,6061859.8400,-2.9703,609
309485.0052,6061829.0225,-1.6617,610
310002.5630,6061732.4650,0.4951,611
308346.5187,6061780.8650,-4.5991,612
308250.7030,6062057.1525,-3.9919,613
308169.8515,6062297.0325,-3.3849,614
308100.9372,6062503.0875,-3.1526,615
308057.1110,6062697.7300,-2.7507,616
307986.1287,6062760.2467,-3.1204,617
308017.0083,6062873.0425,-0.9006,618
307958.7805,6063042.3975,-2.1150,619
308380.3333,6064788.7700,-0.0731,620
308218.7907,6064584.2300,-0.2165,621
308291.8908,6064330.7800,-1.0794,622
308350.0497,6063716.1567,0.5268,623
308298.0030,6063634.5150,0.4446,624
308349.9043,6063801.9825,0.1926,625
308144.7747,6063567.9900,-0.0408,626
308104.1802,6063467.0275,-1.6160,627
308073.2970,6063375.2550,-1.7060,628
308044.2395,6063280.2675,-0.9931,629
308003.2975,6063169.3950,-1.2896,630
308581.6625,6061900.0725,-3.8944,631
308861.4097,6061966.5875,-3.0375,632
309151.1190,6062004.9650,-2.1794,633
309553.0598,6061976.3150,0.6922,634
308399.9950,6061987.3100,-4.0359,635
308310.8195,6062230.1625,-3.5403,636
308230.3230,6062441.8950,-3.0816,637
308172.1875,6062643.4725,-1.9507,638
308112.0620,6062828.1250,0.4568,639
308041.6845,6063003.3650,-0.7647,640
308442.7802,6063712.7850,0.3166,641
308463.7813,6063819.9425,0.2063,642
308402.4877,6064473.2575,-0.1747,643
308515.1885,6064611.7725,-0.0631,644
308538.1595,6064241.8225,-0.9895,645
308445.8913,6063630.0267,0.1640,646
308398.8560,6063564.1275,-0.1061,647
308252.0690,6063521.8825,-0.6955,648
308213.7957,6063419.0775,-2.5104,649
308172.3530,6063330.1850,-1.6918,650
308128.4742,6063241.4300,-1.8663,651
308084.2430,6063131.8100,-1.8585,652
308638.5745,6062074.5275,-3.2466,653
308925.5693,6062112.3300,-2.3803,654
309217.7688,6062149.9150,0.6136,655
308454.9620,6062163.0200,-3.4710,656
308365.3592,6062378.4500,-3.0460,657
308289.9090,6062587.9100,-1.2870,658
308209.7200,6062781.9850,1.5340,659
308129.2655,6062961.9825,0.7737,660
308576.3697,6063803.1425,0.2269,661
308552.6275,6063709.2350,0.2528,662
308583.4930,6064358.2133,-0.2195,663
308715.5087,6064546.5067,-0.0768,664
308780.9917,6064443.4100,-0.1902,665
308808.1025,6064290.2425,-1.1880,666
308542.6247,6063608.0175,0.1423,667
308653.8283,6063729.8400,0.2855,668
308518.6460,6063505.9050,-0.3534,669
308356.7170,6063468.0000,-1.6239,670
308325.9912,6063371.9350,-1.6028,671
308277.8162,6063285.2600,-0.1973,672
308221.4013,6063199.3525,0.1148,673
308173.4755,6063090.1000,-0.1345,674
308699.1532,6062221.0600,-2.6371,675
308989.4813,6062257.5375,0.2444,676
308511.5572,6062310.5200,-2.9248,677
308419.1717,6062527.0425,-0.5963,678
308317.3450,6062731.3450,2.2112,679
308224.4700,6062917.0175,1.9951,680
308671.5322,6063872.3975,-0.2687,681
308950.1323,6064518.2333,-0.1210,682
309095.1590,6064376.6825,-1.4968,683
308756.7718,6063783.7750,0.1202,684
308641.2577,6063579.4767,0.0896,685
308729.4448,6063630.8425,0.3587,686
308662.4028,6063485.2925,-0.1271,687
308478.4352,6063414.4325,-1.2591,688
308441.1208,6063323.4975,-0.7810,689
308446.5940,6063212.1900,-0.7493,690
308355.7783,6063232.6467,-0.9203,691
308328.6447,6063150.6725,-1.1925,692
308276.2065,6063042.0875,1.1241,693
308759.3222,6062366.6975,-0.0411,694
308567.5895,6062457.4150,0.2881,695
308444.1680,6062671.8725,2.2152,696
308331.6355,6062866.7150,2.1817,697
308844.0407,6063933.4100,-0.4907,698
309085.3930,6064481.9067,-0.3731,699
309351.0313,6064371.8050,-1.4939,700
308867.2513,6063839.2167,0.3529,701
308922.7847,6063747.6300,1.6643,702
308808.5343,6063696.8300,0.5885,703
308808.2747,6063509.6825,0.6142,704
308690.4873,6063365.6475,-0.2761,705
308565.6670,6063360.6033,-1.0640,706
308558.5385,6063274.0525,-0.8667,707
308567.6843,6063160.2350,-0.5831,708
308440.9823,6063099.6500,-2.4036,709
308387.6850,6062990.0750,1.1029,710
308594.2270,6062601.5025,2.2327,711
308457.1622,6062808.0925,2.1513,712
309074.1430,6063971.0625,-0.0550,713
309535.0563,6064283.6525,-1.6764,714
309097.8090,6063803.6125,1.6378,715
308962.6663,6063576.0500,1.7911,716
308869.3585,6063363.2500,0.3091,717
308712.0750,6063242.3750,-0.4881,718
308729.5430,6063114.2425,-0.7578,719
308559.3700,6063045.8475,-2.6815,720
308510.9345,6062932.6575,0.9586,721
308605.6870,6062738.7275,2.1157,722
309256.3057,6063813.4467,1.1403,723
309308.9730,6063924.8400,-0.2421,724
309653.8143,6064124.6775,-1.6534,725
309103.3633,6063645.0933,1.8797,726
309043.2573,6063409.0575,1.7305,727
308905.2250,6063219.3500,-0.3641,728
308935.0708,6063080.4600,-0.6874,729
308717.2210,6062985.9250,-2.7404,730
308656.7650,6062864.7175,0.9567,731
309357.6830,6063685.8900,1.6648,732
309198.1602,6063538.9450,2.0086,733
309496.5793,6063817.9275,-0.3013,734
309570.2663,6063929.5733,-0.2281,735
309685.3225,6063927.0000,-1.6650,736
309112.7677,6063272.2167,1.7643,737
309053.5667,6063188.0333,0.8333,738
309078.5843,6063096.4333,-0.6563,739
308943.5705,6062937.1550,-2.8467,740
309445.1623,6063554.7233,1.6829,741
309344.3877,6063417.8650,2.0042,742
309563.0250,6063544.8250,-0.8293,743
309586.4990,6063712.0667,-0.7850,744
309677.5573,6063712.8775,-1.1022,745
309260.3410,6063239.2475,1.8392,746
309212.3303,6063075.3425,-0.7462,747
309205.6970,6062920.9200,-3.6852,748
308975.2330,6062819.1933,-1.2438,749
309590.6667,6063371.9000,-0.4348,750
309512.4402,6063267.6350,1.4803,751
309682.6128,6063505.5125,-1.1345,752
309708.0783,6063302.1350,-1.2791,753
309406.6537,6063174.1133,1.5498,754
309380.8893,6063084.2567,-0.4122,755
309175.2890,6062798.2367,-1.5018,756
309396.7450,6062984.4267,-3.4780,757
309684.3000,6063122.8000,-0.8515,758
309887.5570,6063455.6067,0.1552,759
309812.1947,6063437.5533,-0.5158,760
309832.5487,6063298.4833,-0.7137,761
309585.3143,6062936.3975,-3.0453,762
310067.0465,6063276.1900,0.1737,763
309570.5190,6062783.7967,-1.5733,764
309957.4620,6063209.9533,-0.4645,765
309921.2680,6063029.4300,-0.8687,766
309813.4697,6062886.7500,-2.7693,767
310267.3610,6063026.7600,0.2382,768
309892.7030,6062744.5500,-3.1595,769
309822.5203,6062645.7025,-1.6727,770
310160.2747,6062873.0325,-0.7446,771
310065.5517,6062698.6300,-2.9196,772
310433.9995,6062761.5425,0.4089,773
310214.3415,6062515.5400,-3.0151,774
310102.7330,6062406.1675,-2.3367,775
310343.8307,6062652.5475,-0.9277,776
310562.5517,6062498.7450,0.1403,777
310442.1075,6062301.0100,-3.2459,778
310371.8852,6062163.1350,-2.5491,779
310482.9653,6062457.7600,-1.5432,780
310745.0690,6062277.1150,-0.2921,781
310702.7375,6062098.1300,-3.2211,782
310670.6435,6061943.9150,-3.0946,783
311137.8260,6062226.5025,-0.3362,784
311125.3375,6061904.9475,-3.7234,785
311119.2998,6061758.8050,-1.6395,786
311217.5950,6062047.0633,-0.9114,787
311567.0427,6062208.7833,0.2904,788
311658.5750,6062008.9875,-0.3188,789
311692.0018,6061816.8800,-3.1642,790
311714.9103,6061691.3475,-3.2964,791
312172.3262,6062123.0775,-1.1404,792
312260.4668,6061837.3325,-1.4680,793
312227.8550,6061959.2500,-3.3446,794
312624.7800,6062441.1225,-0.8322,795
312820.5170,6062207.4000,-2.4694,796
312758.8128,6062062.2250,-1.0728,797
312691.4533,6062290.5125,-2.7909,798
313026.8020,6062775.0625,-0.2241,799
313227.2450,6062143.5900,-0.7836,800
313187.4750,6062316.5250,-1.6075,801
313243.5420,6062471.1400,-1.3080,802
313123.3775,6062595.9700,-2.3691,803
313610.6200,6062472.8350,-0.9660,804
313597.2500,6062257.0000,-1.2029,805
313467.5238,6062964.2700,-0.0116,806
313552.1933,6062122.6533,-1.0230,807
313580.4880,6062709.4975,-2.1473,808
314028.1465,6062386.7675,-0.5686,809
313970.2500,6062130.0250,-1.1973,810
313833.2680,6061972.5475,-0.4650,811
313839.0447,6063087.0000,0.4218,812
314198.0602,6062990.4650,0.3926,813
314060.1038,6062664.0200,-2.1086,814
314308.1107,6062280.9833,0.1261,815
314329.5000,6062071.9750,-0.7397,816
314242.2963,6061833.9525,-0.3893,817
314058.0743,6061595.8267,0.0108,818
314655.9857,6062841.3750,0.4085,819
314504.8590,6062337.2300,-0.3284,820
314520.0108,6062515.5025,-2.2256,821
314721.1330,6062130.4800,-1.1787,822
314748.0475,6061849.6550,-0.3732,823
314715.3453,6061620.7933,0.0144,824
315066.3677,6062580.4400,-0.3119,825
314941.3315,6062279.7425,-2.3608,826
315258.4710,6061807.0500,0.0007,827
315123.8680,6061530.9975,-0.2272,828
315484.7090,6062318.1150,-0.7675,829
315357.8415,6062031.6050,-2.2742,830
315509.4638,6061307.6550,-0.0612,831
315649.8105,6061603.3200,0.1919,832
315304.1138,6061059.5450,0.0581,833
315054.8183,6060935.2267,-0.0307,834
315892.7330,6062104.9000,-0.7519,835
315762.5413,6061821.0475,-2.4329,836
315802.5773,6061180.6800,0.1251,837
315999.9653,6061403.7325,0.2925,838
316029.4780,6060940.7025,0.0404,839
315628.8183,6060801.0600,-0.1836,840
316266.2340,6061906.7250,-0.4782,841
316137.5137,6061620.3500,-2.1329,842
316442.5015,6061141.7025,0.3974,843
316558.1980,6061764.7067,-0.1076,844
316630.3985,6061344.9250,-2.2364,845
316707.0313,6061517.6067,0.0965,846
316940.6980,6061456.2733,0.6708,847
317258.2225,6061236.1425,0.4468,848
317166.3683,6061058.8100,-2.2302,849
317729.1725,6061036.3925,-0.3528,850
317618.3962,6060820.0600,-2.3071,851
317759.8515,6060354.6250,0.5936,852
318137.3475,6060851.0675,-0.5970,853
317977.4265,6060641.4250,-1.6285,854
317909.1015,6060411.8750,-1.7089,855
317894.7500,6060042.7500,0.4424,856
318051.2500,6060136.2500,-1.8301,857
318185.0000,6060304.5000,0.4553,858
318321.0000,6060480.0000,-0.4694,859
318643.3010,6060660.8567,-0.7776,860
318471.5225,6060610.0175,-0.5719,861
318938.2300,6060401.0025,-0.7010,862
318014.3333,6059811.3333,0.4767,863
318059.5000,6059489.2500,0.4082,864
318425.2500,6059992.9025,-1.8868,865
318469.0000,6060146.3333,0.2251,866
318675.1790,6060178.3700,-0.6334,867
318821.9290,6060242.1200,-0.0628,868
319314.9145,6060130.8325,-0.7694,869
318390.3333,6059854.5367,0.0976,870
318218.5000,6059682.2500,0.4298,871
318799.9967,6059925.5150,-2.1622,872
319201.6735,6059933.8550,-0.6219,873
319700.8932,6059910.1425,-0.8949,874
318804.4237,6059793.1933,-0.5619,875
318630.0000,6059757.2033,-0.3291,876
318607.1160,6059561.1425,0.3844,877
319129.5420,6059797.3700,-2.1461,878
319109.6055,6059651.0100,-0.5345,879
319585.6505,6059747.7950,-0.6844,880
320084.1283,6059683.7375,-0.7423,881
319096.6570,6059481.9825,0.1383,882
319501.8833,6059627.5375,-2.0330,883
319436.9343,6059541.8433,-0.9992,884
319961.9302,6059545.7100,-0.7302,885
320433.1578,6059480.4675,0.2215,886
319458.7213,6059341.7867,-0.5526,887
319683.5130,6059364.7900,-0.7726,888
319864.2380,6059436.4300,-2.1765,889
320341.7492,6059329.1950,-1.0219,890
320751.6493,6059308.7450,0.2912,891
319893.4667,6059126.9000,0.3577,892
319746.2610,6058969.9367,0.1360,893
319908.4730,6058669.5375,-0.1272,894
319571.7347,6058593.2167,0.2430,895
320260.7893,6059205.5900,-2.2972,896
320199.0815,6058999.4300,0.0130,897
320735.8392,6059122.8725,-0.4340,898
320212.6733,6058740.8400,0.1766,899
320457.2550,6058515.3800,-0.2219,900
320575.7423,6058769.3575,0.0739,901
320691.6500,6058969.7925,-1.7730,902
320790.9300,6058262.9800,-0.2697,903
320932.8958,6058529.6875,0.1859,904
321070.0108,6058758.3525,-1.5571,905
320687.7663,6057719.9533,0.4601,906
320703.3698,6057965.6100,0.2822,907
320875.8565,6057636.2250,0.3847,908
321120.5790,6058086.8200,-0.3667,909
321257.3850,6058343.5850,-0.0937,910
321349.6867,6058576.0075,-1.5125,911
320984.5900,6057856.2050,-0.2130,912
321084.3005,6057511.4800,0.2702,913
321347.0600,6057947.7725,-0.3264,914
321486.6250,6058203.2500,0.0092,915
321561.4367,6058439.0075,-1.4111,916
321190.5062,6057724.7775,-0.3766,917
321347.3880,6057305.1175,-0.0800,918
321636.7825,6057778.2075,-0.4224,919
321767.6250,6058042.2500,-0.0242,920
321840.0000,6058269.5000,-1.2803,921
321471.2805,6057533.7150,-0.6778,922
321682.0130,6057124.3450,-0.6431,923
321956.6158,6057599.6325,-0.5243,924
322071.0237,6057857.8025,-0.3360,925
322151.5837,6058086.3875,-1.3443,926
321812.6325,6057358.5875,-0.9258,927
322012.8865,6057019.2875,-0.8316,928
322236.2370,6057411.6975,-0.5798,929
322326.5850,6057695.4825,-0.1767,930
322391.6075,6057942.7500,-1.1352,931
322083.8410,6057247.5267,-0.9316,932
322251.5702,6056808.7150,-0.9240,933
322669.8270,6057348.6600,-0.5110,934
322492.1130,6057139.0850,-1.1087,935
322588.4150,6057558.2400,-0.2667,936
322705.5237,6057737.3625,-0.7920,937
322466.2935,6056408.5775,-1.1651,938
322828.7627,6056884.8450,-1.6266,939
322982.9502,6057185.6575,-0.9604,940
323121.5258,6057479.3275,-0.5439,941
322747.0833,6056591.5833,-1.5544,942
323119.9375,6056336.0625,-1.6489,943
322821.9025,6055976.6700,-1.2230,944
323272.8075,6056683.5575,-1.7797,945
323405.3700,6056964.9950,-1.3684,946
323545.1940,6057236.3050,-0.7667,947
323125.0820,6055656.4733,-0.8704,948
323610.5625,6056107.4375,-1.7445,949
323539.6845,6055590.2000,-1.3159,950
323716.8525,6056482.2700,-1.9417,951
323827.7900,6056744.3325,-1.7278,952
323970.7095,6056996.8000,-0.8148,953
324093.5615,6055933.3100,-1.8381,954
324055.8320,6055486.8100,-1.2270,955
324166.3092,6056277.7625,-2.0767,956
324255.6217,6056520.4500,-2.1114,957
324386.5413,6056743.5725,-1.2012,958
324486.5288,6055728.0725,-1.9137,959
324406.3633,6055463.3300,-1.3460,960
324565.2765,6056020.2750,-2.1110,961
324647.8582,6056247.4875,-2.2676,962
324762.9865,6056424.0375,-1.7150,963
324931.4357,6056493.7567,-0.4259,964
324788.9643,6055459.9750,-1.8362,965
324603.5535,6055213.9550,-0.9955,966
324903.4642,6055700.7250,-2.1432,967
324994.2097,6055916.3650,-2.2365,968
325260.5040,6056237.1625,-0.5236,969
325121.7097,6056074.1150,-2.0384,970
325114.4733,6055169.7250,-1.8034,971
324943.7943,6054941.3425,-1.2917,972
324869.7000,6054708.6267,-0.6678,973
325233.7737,6055373.1250,-2.2442,974
325322.2232,6055569.5775,-2.1061,975
325622.2365,6055933.1425,-0.8360,976
325457.4732,6055750.8275,-2.0113,977
325101.4933,6054576.0200,-0.9212,978
325285.3893,6054702.3875,-1.3252,979
325451.0330,6054874.3750,-1.8237,980
325182.7393,6054434.1467,0.0930,981
325582.8335,6055091.7750,-2.2632,982
325699.0000,6055309.0000,-1.8219,983
325949.1933,6055591.0900,-0.4297,984
325740.3333,6055497.6667,-1.9055,985
325556.3333,6054536.6667,-0.8609,986
325509.8742,6054356.6325,-0.0018,987
325763.8933,6054596.9250,-1.4964,988
325477.1447,6054107.9733,-0.0760,989
325945.3932,6054807.6750,-2.0671,990
326121.0000,6055067.5000,-0.7300,991
326322.2928,6055259.1225,0.2077,992
325791.6667,6054157.6667,-1.1245,993
326046.7050,6054238.5350,-1.5650,994
325747.3667,6053852.5400,-0.5053,995
326324.7050,6054500.7850,-2.1469,996
326528.2500,6054764.2500,-1.0186,997
326709.5137,6054947.5850,-0.0138,998
326372.5193,6053854.1050,-1.6748,999
326118.1603,6053537.5275,-0.8832,1000
326705.0193,6054196.8550,-2.0595,1001
326917.2500,6054458.0000,-1.3228,1002
327069.5178,6054617.9100,-0.2501,1003
326544.9660,6053296.8675,-0.8536,1004
326762.3335,6053563.1750,-1.7048,1005
327048.2265,6053858.4850,-2.1077,1006
327255.3930,6054103.3100,-1.0441,1007
327398.3145,6054257.0150,0.1192,1008
326909.4490,6053104.0433,-0.2210,1009
327134.2963,6053240.4925,-1.4381,1010
327388.9202,6053517.4000,-1.9805,1011
327597.7725,6053757.6575,-0.5830,1012
327655.2023,6053940.8133,0.1350,1013
327482.8673,6052897.2400,-1.2616,1014
327758.3268,6053199.0500,-1.9368,1015
328000.6520,6053478.9700,-0.1630,1016
327850.2585,6052595.0675,-1.0182,1017
328149.4063,6052894.7375,-1.8566,1018
328421.3518,6053208.1900,-0.0389,1019
328218.8972,6052295.3975,-1.2497,1020
328547.6840,6052598.8275,-1.7938,1021
328831.5635,6052920.7725,-0.1621,1022
328562.5530,6051977.4575,-1.2679,1023
328915.5093,6052254.2375,-2.0222,1024
329127.6433,6052377.9333,-1.6650,1025
329247.3020,6052645.5575,0.0220,1026
328811.9603,6052023.5467,-1.6313,1027
329432.1975,6052107.4025,-1.9352,1028
329287.7860,6051933.3325,-1.8640,1029
329136.2810,6051773.9425,-1.4329,1030
328923.8660,6051680.2850,-0.1227,1031
329672.6320,6052386.6875,-0.5171,1032
329823.2298,6051819.7525,-1.8032,1033
329673.7345,6051641.2350,-1.6574,1034
329511.7623,6051450.9425,-1.0324,1035
329255.2992,6051356.3325,0.0953,1036
330082.0235,6052102.2975,-0.5387,1037
330186.1465,6051478.8225,-1.8160,1038
330024.3607,6051285.1475,-1.7702,1039
329845.7075,6051077.1900,-1.4676,1040
329403.3490,6051043.4667,-1.0786,1041
329676.5158,6050808.6975,-0.7386,1042
330432.8080,6051750.7775,-0.5430,1043
330365.0165,6050921.7200,-1.8440,1044
330518.7415,6051109.3300,-1.9288,1045
330195.3050,6050717.1100,-1.5199,1046
330023.5780,6050478.7000,-0.6222,1047
330732.1968,6051354.7225,-0.4421,1048
330891.6915,6050830.1275,-1.4074,1049
330738.3465,6050635.0075,-1.8652,1050
330314.3357,6050220.7875,-0.9903,1051
330545.2002,6050440.0550,-1.6343,1052
331101.8588,6051072.8475,0.2625,1053
331346.4317,6050671.1725,-1.7031,1054
331152.9855,6050432.9875,-1.8222,1055
330763.9130,6050266.2367,-1.5893,1056
330606.0295,6050044.6725,-1.0010,1057
331457.0143,6050917.5867,-0.2689,1058
331715.2057,6050967.1967,0.1347,1059
332034.4150,6050731.2850,0.0923,1060
330995.4050,6050265.4200,-1.6566,1061
331803.2732,6050487.0050,-1.5660,1062
331574.5490,6050242.5925,-1.7621,1063
331004.5768,6049994.8825,-0.9722,1064
332440.9827,6050435.8375,0.2652,1065
332225.3705,6050246.3675,-1.3094,1066
331988.3592,6050037.0625,-1.5283,1067
331784.4888,6049847.9450,-1.2842,1068
331423.9643,6049991.6950,-1.1143,1069
332845.9325,6050122.6425,-0.2575,1070
332625.9273,6049958.8150,-1.7159,1071
332373.2005,6049786.5200,-1.8001,1072
332116.2732,6049616.4550,-1.4823,1073
331939.6667,6049414.6667,-1.4029,1074
331730.4070,6049389.9125,-0.7208,1075
331658.0590,6049701.3600,-0.0657,1076
331449.6437,6049762.1700,0.4817,1077
333234.2670,6049783.7550,-0.1376,1078
332991.8262,6049621.3150,-1.7034,1079
332705.3323,6049469.8150,-1.8253,1080
332495.2560,6049233.7500,-1.6117,1081
332292.9217,6049391.6133,-1.5083,1082
332075.5000,6049164.0000,-1.4103,1083
331817.9255,6048965.6950,-0.6272,1084
333618.7828,6049462.9675,-0.1001,1085
333328.9890,6049275.5425,-1.7097,1086
332971.0653,6049095.9900,-1.7908,1087
332685.8262,6048884.4475,-1.5801,1088
332269.7500,6048922.0000,-1.3122,1089
332055.3000,6048667.6025,-0.7422,1090
333891.3365,6049079.0225,-0.3315,1091
333554.5465,6048882.3875,-1.8138,1092
333172.7200,6048717.9375,-1.7762,1093
332850.4235,6048546.5500,-1.5922,1094
332461.6667,6048732.6667,-1.5086,1095
332409.0285,6048460.1275,-0.7433,1096
333895.3495,6048599.1775,0.0065,1097
333047.0370,6048281.7675,-1.6306,1098
333280.8690,6048423.6667,-1.8314,1099
333556.2398,6048447.1075,-1.7156,1100
332654.0550,6048348.4367,-0.9668,1101
332807.0970,6048098.5750,-0.1629,1102
334026.3335,6048292.1800,0.2378,1103
333247.1667,6048046.5000,-1.6432,1104
333476.8333,6048097.5000,-1.8934,1105
333151.4072,6047815.8725,-0.6442,1106
333787.1180,6047985.6225,-1.6189,1107
334446.6778,6048170.4425,-0.5086,1108
333608.2195,6047644.7475,-1.0736,1109
334240.9437,6047862.7950,-1.4948,1110
334751.2717,6048020.5767,-0.0331,1111
334050.1005,6047552.6150,-0.9820,1112
333946.3823,6047235.9900,-0.9338,1113
333599.2257,6047404.9467,-0.2317,1114
334880.9528,6047658.6000,-0.2656,1115
334632.8633,6047546.5450,-1.4215,1116
334414.7700,6047323.6150,-1.0619,1117
334254.7527,6047110.5400,-1.0451,1118
335225.0492,6047345.5200,0.1087,1119
334899.8712,6047128.0750,-1.6483,1120
335131.4670,6047164.5800,-0.9739,1121
334654.2055,6046990.8800,-1.3519,1122
334391.8430,6046913.6600,-1.0003,1123
335823.2667,6047316.2900,-0.0062,1124
335636.8017,6047148.4650,-0.7178,1125
335435.3943,6046955.7800,-1.5357,1126
335188.0078,6046829.3050,-1.6415,1127
334932.0410,6046688.3850,-0.7990,1128
336170.5905,6047141.2550,0.0045,1129
336033.8560,6046909.9550,-1.2466,1130
335842.1475,6046718.3550,-1.6004,1131
335575.0793,6046554.4475,-1.5021,1132
335236.5745,6046320.6450,-0.0929,1133
335438.3837,6046368.0633,-1.1914,1134
336524.2640,6046944.3767,0.2240,1135
336468.8845,6046706.3400,-0.7267,1136
336240.5095,6046465.7150,-1.6580,1137
335959.3340,6046274.8875,-1.5836,1138
335716.3340,6046093.8875,-1.2679,1139
335510.0857,6045924.6675,-0.4762,1140
336907.9128,6046484.9025,-0.0914,1141
336632.8350,6046207.7025,-1.0411,1142
336338.3713,6045993.7900,-1.2994,1143
336084.3713,6045796.2900,-1.3008,1144
335869.7830,6045601.4650,-0.2550,1145
337540.9200,6046344.6833,0.4020,1146
337297.0770,6046195.7050,-0.4555,1147
337030.3742,6045951.3800,-1.1741,1148
336733.5800,6045728.8150,-1.5409,1149
336475.5800,6045513.3150,-1.4267,1150
336264.4845,6045296.7475,-0.5921,1151
337873.3632,6046084.9525,0.1065,1152
337659.1870,6045878.9600,-0.7997,1153
337423.9370,6045687.7100,-1.2877,1154
337141.7355,6045481.4100,-1.5828,1155
336889.9855,6045255.9100,-1.3604,1156
336680.9160,6045015.1300,-0.6553,1157
338153.7197,6045775.6733,0.2884,1158
338006.8495,6045549.7850,-0.5314,1159
337752.1858,6045374.5450,-1.4947,1160
337512.6820,6045211.5275,-1.6048,1161
337269.6428,6044987.2425,-1.1400,1162
337025.0547,6044821.5500,-0.6510,1163
338240.0183,6045175.6275,0.1077,1164
337981.7680,6044970.1800,-1.6900,1165
337768.9967,6044929.6367,-1.5544,1166
337629.2083,6044711.1925,-0.4695,1167
338624.7120,6045018.7100,0.2331,1168
338428.5927,6044865.6033,0.0712,1169
338280.2180,6044613.1875,-1.2909,1170
338959.2597,6044976.1100,-0.2764,1171
339406.0225,6044892.0525,-0.2988,1172
337935.4080,6044381.2425,-0.5545,1173
339748.2110,6044746.8633,0.1857,1174
338992.3278,6044483.5350,-1.3541,1175
338596.5253,6044401.9667,-1.4571,1176
339364.2173,6044556.3467,-1.3674,1177
339562.8628,6044226.8550,-1.5238,1178
339944.6210,6044393.6600,-0.1932,1179
338217.7492,6043973.8975,-0.6907,1180
338591.1220,6044135.7700,-1.3082,1181
339002.2172,6043933.0000,-1.2069,1182
339219.0263,6044178.3867,-1.2794,1183
339657.3440,6043754.0700,-1.4367,1184
340055.1412,6043743.7525,-1.0996,1185
340155.0453,6044049.3000,-0.2773,1186
338419.8423,6043629.9933,-0.2427,1187
338773.8555,6043558.2750,-0.8602,1188
340457.0470,6044044.6767,0.4292,1189
340482.6458,6043696.1600,-0.4351,1190
339340.3473,6043703.3600,-1.3086,1191
339130.6803,6043398.0850,-1.2035,1192
339722.7763,6043306.5100,-1.4445,1193
340036.5927,6043446.2700,-1.2702,1194
338794.9735,6043174.1300,-0.5768,1195
340367.8075,6043318.0775,-1.1706,1196
340792.0397,6043654.8867,0.2959,1197
339379.9177,6043179.7033,-1.2916,1198
339915.8290,6042906.4400,-1.5330,1199
340266.6750,6043061.2567,-1.3236,1200
339221.4933,6042851.4133,-0.8743,1201
338927.6960,6042821.3367,0.1149,1202
340958.6163,6043377.6867,0.2963,1203
340853.1922,6043122.1150,-0.2833,1204
340611.9015,6042853.7075,-0.8186,1205
339450.8742,6042547.0025,-0.8977,1206
340249.6347,6042578.5975,-1.4399,1207
341262.6203,6042942.2900,0.7494,1208
340909.3913,6042601.3833,-0.7716,1209
341301.3067,6042561.2750,-0.4859,1210
340662.4445,6042302.7700,-1.5390,1211
339804.4785,6042194.6300,-0.9752,1212
341729.8497,6042590.8500,-0.3361,1213
341091.1998,6042053.1225,-1.6335,1214
340198.8262,6041876.5200,-0.8423,1215
341992.4620,6042312.8950,-0.7377,1216
341504.7128,6041783.5850,-1.7482,1217
340613.9500,6041584.9650,-0.6967,1218
342329.3550,6041970.4450,-0.4306,1219
341883.1490,6041601.5833,-1.6284,1220
341039.2485,6041313.2675,-0.5905,1221
341925.1738,6041206.6250,-1.6464,1222
342636.1660,6041587.0300,-0.1985,1223
342405.0023,6041277.7633,-1.2298,1224
341354.3287,6040942.6525,-0.4191,1225
342113.5232,6040756.4650,-1.5101,1226
342534.6098,6040946.4950,-1.0682,1227
342912.4410,6041315.1467,0.6415,1228
342906.0853,6040973.7500,-0.2300,1229
342760.7130,6040631.6275,-1.0240,1230
342415.6913,6040392.7525,-1.3652,1231
341571.3567,6040483.1575,-0.7240,1232
343214.2270,6040860.0267,0.4316,1233
343032.9733,6040381.9967,-1.1989,1234
343353.7210,6040469.7700,-0.1759,1235
342802.7227,6040114.5000,-1.4976,1236
342096.6553,6039973.7325,-0.5789,1237
341710.5143,6040101.6733,-0.4185,1238
343141.5833,6039809.0400,-1.5668,1239
343581.3610,6040018.8800,-0.5029,1240
342517.8662,6039726.6875,-0.4707,1241
343358.3750,6039387.9675,-1.3242,1242
343829.9838,6039591.1275,-0.2641,1243
343005.9275,6039259.5925,-0.1134,1244
342857.6677,6039601.0400,-0.4542,1245
343470.9487,6039016.0600,-0.9896,1246
343811.9977,6038861.5100,-0.9590,1247
344001.8163,6039218.2400,-0.4065,1248
343258.1357,6038854.7700,-0.7673,1249
344410.7083,6039118.3250,-0.1309,1250
344275.5630,6038664.7325,-1.1817,1251
343604.7630,6038534.1875,-0.4275,1252
344769.1760,6038984.5600,0.1710,1253
344709.5180,6038407.2575,-1.0672,1254
344968.9845,6038647.5175,-0.1754,1255
344038.4825,6038327.2700,-0.2847,1256
345180.4777,6038356.8767,0.0065,1257
345054.5450,6038149.3525,-0.7975,1258
344476.1237,6038134.3275,-0.0432,1259
345387.3520,6038387.5733,0.4286,1260
345596.9978,6038173.1225,-0.4850,1261
345333.4898,6037951.4975,-0.9965,1262
344831.2492,6037914.8550,-0.1460,1263
346002.6075,6038230.2300,-0.1947,1264
345101.1242,6037671.5050,-0.6771,1265
345666.5812,6037834.3825,-1.2396,1266
344664.0047,6037711.8867,0.6769,1267
344804.6150,6037417.5275,0.5220,1268
346092.9368,6037776.4175,-1.6461,1269
346382.2633,6038247.6833,-0.3312,1270
345648.7333,6037537.9333,-1.3524,1271
345366.3583,6037362.7075,-1.1425,1272
345977.9760,6037369.9825,-1.4514,1273
345055.3928,6037056.4175,-0.0160,1274
346466.4783,6037732.3767,-1.7027,1275
346709.1665,6038026.0800,-0.3899,1276
345683.8475,6037066.6900,-1.3680,1277
346359.0957,6037101.9650,-1.4858,1278
346714.6478,6037440.8025,-1.7440,1279
345386.8335,6036747.3750,-0.2147,1280
347116.8900,6037732.8425,-0.7201,1281
346035.4393,6036768.7850,-1.3510,1282
346939.5510,6037146.0667,-1.6737,1283
346764.8290,6036804.4350,-1.7044,1284
345719.6687,6036576.2033,-0.2882,1285
347507.3325,6037421.0425,-0.3380,1286
347282.5360,6037036.9450,-1.4244,1287
347193.8185,6036596.2450,-1.6589,1288
346268.8433,6036353.3425,-1.2966,1289
346674.3415,6036337.2025,-1.6245,1290
345826.5428,6036236.9750,-0.1883,1291
347643.4173,6036518.3900,-1.4937,1292
347619.7460,6036873.3067,-1.2628,1293
347889.1418,6037087.1300,-0.1435,1294
347657.2057,6036176.2400,-1.8095,1295
347468.1310,6035978.0675,-1.8376,1296
347103.2573,6036176.3250,-1.7618,1297
346511.1408,6035952.1050,-1.4388,1298
345931.4370,6035885.7367,0.0157,1299
346241.0098,6035635.6900,-0.7283,1300
348025.9350,6036496.8833,-1.5031,1301
348259.4695,6036738.7600,-0.1507,1302
347209.4850,6035784.1300,-1.7586,1303
347930.3430,6036023.7400,-1.9826,1304
348248.1410,6036171.1125,-1.9926,1305
347832.4850,6035750.9775,-1.9840,1306
346867.2085,6035589.8600,-1.5101,1307
346583.9857,6035262.7350,-0.9054,1308
348620.6358,6036401.2475,-0.4768,1309
347558.7308,6035467.6700,-1.8578,1310
348567.4078,6035780.4475,-2.0838,1311
348179.7415,6035488.0225,-1.9732,1312
347221.1817,6035213.1025,-1.5925,1313
346917.2495,6034907.3425,-0.8817,1314
348975.0500,6036036.3325,-0.6351,1315
347880.7333,6035250.2867,-1.8203,1316
348753.6337,6035431.9700,-1.9873,1317
348486.5878,6035113.7050,-1.7659,1318
349077.6580,6035233.4000,-1.9887,1319
348814.5602,6034778.1125,-1.6534,1320
347484.5087,6034915.2300,-1.3549,1321
347872.3870,6034847.7025,-1.0426,1322
347308.5772,6034610.6450,-0.4231,1323
349359.9498,6035663.1225,-0.3169,1324
349128.3415,6034457.7325,-1.7709,1325
349427.8340,6034883.0625,-1.8981,1326
348249.2240,6034771.9100,-1.0860,1327
348465.0038,6034428.5125,-0.6848,1328
347753.2147,6034386.0100,0.2605,1329
349725.6638,6035290.2550,-0.1702,1330
349442.2865,6034128.1550,-1.9250,1331
349736.2928,6034530.2125,-1.5458,1332
348786.3863,6034070.9400,-1.1763,1333
348138.5453,6034086.1275,0.2162,1334
350028.0710,6034901.3950,-0.0083,1335
350116.9938,6034270.5625,-0.8708,1336
349812.7417,6033860.8275,-1.7899,1337
349104.9120,6033722.0050,-1.6198,1338
348453.5630,6033691.0175,-0.3085,1339
350279.1623,6034599.8667,0.4604,1340
350403.4333,6034038.8967,-1.1815,1341
350199.0970,6033649.4475,-1.7591,1342
349485.3960,6033441.2775,-1.5573,1343
348774.1665,6033314.1775,-0.4375,1344
350712.0675,6034007.0725,-0.8771,1345
350548.0578,6033473.5250,-1.7403,1346
349889.2263,6033225.3850,-1.6695,1347
349162.0507,6033021.5050,-1.4039,1348
351027.5140,6033894.9767,-0.1197,1349
350848.2093,6033362.5667,-1.6933,1350
351164.8357,6033525.2900,-0.1896,1351
350275.7793,6033047.9775,-1.7449,1352
349560.7495,6032772.4025,-1.2068,1353
350920.8645,6033038.2425,-1.7056,1354
350597.7220,6032831.9700,-1.7690,1355
351314.4413,6033115.1375,-0.5641,1356
350113.7232,6032663.0125,-1.6825,1357
350400.6515,6032530.1900,-1.6855,1358
349814.2260,6032562.1533,-1.2649,1359
349797.0152,6032185.6900,-1.1475,1360
350166.4830,6032310.7150,-1.3740,1361
350762.4907,6032597.7200,-1.4041,1362
351004.1335,6032679.0950,-1.3347,1363
351038.8537,6032401.9100,-0.7566,1364
351339.8658,6032742.9300,-0.4023,1365
351288.4435,6032401.6900,-0.4020,1366
353257.7682,6032956.7050,0.9313,1367
350671.3140,6032316.9125,-1.3509,1368
349973.0792,6031818.6175,-0.7875,1369
350332.5585,6031986.5925,-1.1881,1370
350915.8927,6032231.4100,-0.7763,1371
351727.3363,6032498.9267,-0.1461,1372
351734.5750,6032677.9750,-0.1479,1373
351596.9600,6032360.4300,-0.1613,1374
353471.6175,6032825.7925,0.9743,1375
352004.8675,6032333.7800,-0.0858,1376
351866.1793,6032188.5925,0.2691,1377
350614.8980,6032049.4900,-1.1468,1378
350483.9613,6031758.6667,-0.0025,1379
350328.4868,6031573.0950,-0.2000,1380
350825.0765,6031892.0000,-0.8202,1381
351761.6923,6032006.2575,0.4642,1382
351611.5105,6031799.1175,0.0720,1383
351451.9097,6031954.5667,0.2306,1384
351246.0250,6031876.9125,-0.7116,1385
352146.9290,6032483.1125,0.1768,1386
353284.9573,6032490.7567,0.9720,1387
353412.7423,6032583.9167,0.9724,1388
353529.0637,6032592.2200,0.9766,1389
352199.8483,6032120.4267,0.2463,1390
352100.7097,6031948.9350,0.3829,1391
350733.3950,6031525.0375,-0.1981,1392
351026.1250,6031699.5000,-0.8999,1393
351962.6240,6031750.7550,0.4436,1394
351777.7683,6031576.2700,0.1276,1395
351394.2015,6031644.7500,-0.9167,1396
352563.5105,6032257.1700,0.2292,1397
352504.6015,6032020.6450,-0.0972,1398
353659.2333,6032572.2667,0.9645,1399
352449.9365,6031777.1850,0.0986,1400
351926.8605,6031347.2425,0.3640,1401
351192.4857,6031542.2000,-0.7292,1402
351644.5030,6031433.3533,-0.2939,1403
351489.3430,6031393.0400,-0.8630,1404
352855.1990,6032111.6100,0.8392,1405
352847.5945,6031921.3275,-0.0973,1406
353721.3783,6032387.4500,0.9683,1407
353024.7437,6032150.1267,0.9210,1408
352828.4693,6031681.5425,-0.1500,1409
351753.9198,6031217.0350,-0.2967,1410
352073.0905,6031114.7175,0.1955,1411
351269.2877,6031369.0333,-0.1078,1412
350966.0193,6030896.4533,0.3325,1413
351598.3035,6031089.7700,-0.7877,1414
353039.0217,6031875.8167,-0.0875,1415
353201.1738,6031988.8500,0.1653,1416
353112.1675,6031670.3000,-0.1500,1417
353813.4298,6032190.4625,0.9327,1418
353522.7018,6032101.8875,0.6869,1419
352827.5337,6031451.1900,-0.1500,1420
351936.0798,6030951.7400,-0.1887,1421
352303.8083,6030961.9750,0.1976,1422
351407.5707,6031004.8100,-0.0941,1423
351300.7512,6030730.9850,-0.2007,1424
351804.8935,6030789.8300,-0.3622,1425
353242.4778,6031392.0425,-0.2484,1426
352985.1220,6031238.8775,-0.2263,1427
353356.8340,6031774.9650,-0.1500,1428
353962.7265,6032024.5625,0.8972,1429
353571.6667,6031903.6667,0.6901,1430
354097.9680,6031754.5350,-0.0362,1431
353906.8337,6031735.2867,0.1994,1432
353760.3535,6031616.9625,-0.2256,1433
352734.0148,6031051.1375,-0.0752,1434
352227.0423,6030776.7775,-0.2702,1435
352599.1070,6030852.5875,0.1775,1436
351696.6985,6030540.8300,-0.3191,1437
352140.1972,6030602.3325,-0.5091,1438
353384.1655,6031089.0525,-0.4174,1439
353112.5143,6030969.1925,-0.4111,1440
353509.2600,6031513.6650,-0.2449,1441
354118.8420,6031456.2200,-0.1500,1442
353898.5352,6031362.2500,-0.2926,1443
352868.9333,6030836.2500,-0.3365,1444
352543.2643,6030644.0050,-0.3719,1445
352026.9157,6030449.0133,-0.0538,1446
352432.3710,6030476.0775,-0.8838,1447
353443.6040,6030840.1533,-0.0372,1448
353246.9827,6030696.1400,-0.3652,1449
353659.5523,6031207.1775,-0.4059,1450
354234.0533,6031255.9700,-0.1500,1451
354050.4455,6031047.8900,-0.1500,1452
352971.8588,6030556.5875,-0.3040,1453
352734.2570,6030490.7233,-0.3259,1454
352636.2082,6030304.9050,-1.1269,1455
353814.9977,6030955.3100,-0.1500,1456
354230.0135,6030674.7600,0.1263,1457
353090.9917,6030331.9200,-0.1109,1458
352929.3085,6030127.6650,-0.7621,1459
352474.7615,6030022.1925,-0.1581,1460
354464.2698,6030277.5475,0.0664,1461
353262.1270,6029953.6325,-0.4672,1462
352754.3958,6029822.1400,-0.5631,1463
352306.4750,6029728.3367,-0.1430,1464
353590.3137,6029756.8275,-0.8386,1465
354241.6682,6030052.8100,-0.2349,1466
354044.6927,6029892.2000,-0.2457,1467
354714.3893,6029985.9333,0.1075,1468
353822.5533,6029500.6275,-0.8462,1469
354148.5960,6029643.6825,-0.3100,1470
353071.0315,6029675.9475,-0.7837,1471
352355.8033,6029460.6200,-0.1705,1472
352664.5850,6029430.9250,-0.4637,1473
353350.5473,6029572.9533,-0.9250,1474
354367.4760,6029764.2100,-0.2389,1475
354655.8595,6029656.8175,-0.1717,1476
353463.0295,6029328.8550,-0.9248,1477
353969.5437,6029281.4267,-0.8331,1478
354268.9272,6029303.6800,-0.3846,1479
352967.9437,6029422.9633,-0.5199,1480
353117.7215,6029163.4850,-0.5616,1481
354565.1790,6029335.2233,-0.2094,1482
353577.8827,6029095.6233,-0.9768,1483
353871.3208,6029036.7475,-1.0505,1484
354244.6835,6028975.3450,-0.8657,1485
353374.2595,6028884.1375,-0.9676,1486
354604.1177,6028909.2325,-0.4915,1487
354201.9723,6028736.2000,-1.2544,1488
354448.1800,6028630.7400,-1.2376,1489
353736.6692,6028717.7050,-1.1099,1490
354032.6385,6028544.5075,-1.2530,1491
353197.5013,6028660.2233,-0.7897,1492
354753.0253,6028536.1275,-1.1306,1493
354296.4260,6028366.9650,-1.2850,1494
354582.7662,6028249.7150,-1.1552,1495
354851.6343,6028796.9667,-0.1606,1496
353644.6090,6028449.5267,-0.9842,1497
353381.7367,6028347.1425,-0.8488,1498
353870.0610,6028238.7725,-1.0875,1499
354431.3968,6027984.7850,-1.1539,1500
354156.9748,6028086.0025,-1.1620,1501
354810.1545,6028081.5075,-1.0279,1502
355045.6585,6028345.3050,-0.9587,1503
354624.4177,6027893.0267,-0.7018,1504
353632.9257,6027972.4975,-0.9405,1505
354238.6045,6027784.3225,-1.0692,1506
354964.1603,6027889.3300,-0.5829,1507
355225.4465,6027981.7925,-0.4955,1508
356620.4007,6028663.5633,0.1680,1509
356868.2813,6028550.9300,0.1676,1510
356405.2043,6028463.9400,0.1668,1511
357274.0538,6028118.1500,0.0660,1512
356882.4215,6028228.1100,0.0605,1513
354851.6403,6027644.3675,-0.7521,1514
354470.2640,6027610.3600,-0.7406,1515
353955.9178,6027627.6225,-0.9634,1516
355038.1147,6027521.9900,-0.9253,1517
355294.9800,6027563.9575,-0.9430,1518
356520.4665,6028149.2125,0.0694,1519
356222.0030,6028162.1675,0.2053,1520
357045.6020,6027692.0825,-0.0116,1521
356694.0093,6027886.9675,-0.0541,1522
357654.3573,6027849.7575,0.0821,1523
357961.2598,6027196.3775,0.0753,1524
357944.1983,6027617.1133,0.0836,1525
354757.5067,6027391.0633,-0.6846,1526
354487.4605,6027311.7975,-0.7592,1527
354982.4080,6027241.2200,-0.9494,1528
354189.6167,6027303.4333,-0.7528,1529
355270.7887,6027221.8800,-0.9516,1530
356398.5103,6027548.5075,-0.0615,1531
356746.7505,6027334.7700,-0.0295,1532
357402.1685,6027490.2475,0.0569,1533
357563.7390,6027169.8275,0.0544,1534
354867.4117,6026945.1233,-0.9690,1535
354575.5480,6026960.5367,-0.6392,1536
355108.2928,6026619.1275,-1.6494,1537
356277.7837,6027270.5933,0.1370,1538
357061.8510,6027061.2275,0.0890,1539
357282.0200,6027244.8200,0.0687,1540
355335.0062,6026289.7775,-1.7031,1541
356153.0717,6027167.5400,0.0399,1542
356302.5585,6026840.0875,-0.2511,1543
356863.2687,6026853.7433,0.0036,1544
355432.3890,6026102.5333,-2.1441,1545
355255.3750,6025953.1250,-2.9003,1546
356929.0177,6026598.2467,-0.0686,1547
356655.9987,6026374.5425,-0.2025,1548
356018.1510,6025809.7600,-0.0303,1549
356285.7695,6026078.4775,-0.1177,1550
355217.6808,6025774.3475,-3.2924,1551
356514.9607,6025782.7067,0.0162,1552
355874.5790,6025623.1750,-0.7806,1553
355536.5640,6025730.0467,-0.4832,1554
355418.0947,6025626.9100,-1.6860,1555
356781.4400,6025725.5533,0.0619,1556
356768.1065,6025464.1850,-0.2549,1557
356273.7670,6025464.5375,-0.7745,1558
355803.7243,6025482.7250,-1.1504,1559
356625.5023,6025234.0475,-0.6840,1560
356194.7948,6025289.9025,-0.9301,1561
356842.2948,6024943.4975,-1.1476,1562
356638.8535,6024880.2375,-0.5644,1563
356478.8460,6025127.8167,-0.5357,1564
357040.3255,6024730.0700,-1.1824,1565
356870.3930,6024605.4650,-0.4429,1566
357514.0000,6024774.6667,-0.2911,1567
357400.0028,6024605.0950,-0.7753,1568
357753.2500,6024763.2500,-0.5899,1569
357350.1037,6024399.2267,-0.1655,1570
357112.3125,6024345.0825,-0.0079,1571
357708.4000,6024526.0250,-0.6118,1572
357940.3333,6024708.3333,-0.6191,1573
357312.7385,6024109.9700,-0.0102,1574
357942.4330,6024403.4250,-1.0221,1575
357771.6490,6024188.8975,0.0326,1576
358440.2297,6025672.1967,0.1751,1577
358636.5883,6025532.3475,0.1231,1578
358019.3960,6024542.6667,-0.6806,1579
357908.4480,6024089.5333,0.0402,1580
357678.1840,6023996.4633,0.0571,1581
357516.8662,6023890.2850,-0.0519,1582
358101.3250,6024282.1600,-1.0859,1583
358067.4717,6024101.8200,-0.2703,1584
358766.4220,6025349.0233,-0.0419,1585
358644.1597,6025078.3025,-0.0415,1586
358552.9667,6024862.2333,0.0275,1587
358898.9113,6025031.1500,-0.1476,1588
358751.6872,6024764.0925,-0.0727,1589
358311.8588,6024238.5250,-1.2088,1590
358048.7750,6023887.8500,-0.0190,1591
357723.7620,6023794.6100,0.0154,1592
358242.9940,6024054.7200,-0.5359,1593
359002.1048,6025310.7350,-0.1444,1594
359144.1207,6025525.9600,-0.0694,1595
359185.9780,6025823.0950,-0.0186,1596
359332.3477,6025437.0067,-0.0657,1597
359292.4163,6025175.9675,-0.2374,1598
358996.1377,6024703.8100,-0.0822,1599
359166.5475,6024907.7300,-0.2250,1600
358616.6365,6024067.8150,-1.0081,1601
357856.5953,6023694.1100,-0.0050,1602
358063.3333,6023727.8667,-0.0038,1603
358272.1767,6023575.4600,-0.1856,1604
358365.5727,6023745.9225,-0.2188,1605
358466.2710,6023903.9625,-0.6794,1606
359552.1797,6025153.6200,-0.2529,1607
359612.4267,6025468.1850,-0.0630,1608
359563.9120,6025792.6033,0.0088,1609
359120.1577,6024520.4567,-0.0721,1610
359384.3690,6024650.8875,-0.2326,1611
358907.9070,6023795.4600,-0.7495,1612
358180.6877,6023403.1133,-0.0879,1613
358534.0018,6023404.8350,-0.2854,1614
358584.7860,6023556.5633,-0.3020,1615
358723.8378,6023626.3375,-0.4400,1616
359696.3212,6024895.2425,-0.2727,1617
359922.0460,6025418.7267,0.0260,1618
360072.8123,6025079.0575,-0.0170,1619
359636.4103,6024338.5475,-0.5077,1620
359163.4120,6023476.8275,-0.6843,1621
358468.8333,6023255.6667,-0.1073,1622
358268.0158,6023153.5850,-0.1137,1623
358713.9167,6023227.0425,-0.2880,1624
358929.9167,6023339.5425,-0.5876,1625
359851.3557,6024612.5067,-0.5090,1626
360178.6382,6024664.4125,-0.6378,1627
359920.3673,6024129.6467,-0.8263,1628
359930.3612,6023774.5625,-0.8669,1629
359403.2655,6023132.2275,-0.9089,1630
358542.5000,6023015.0000,-0.0140,1631
358381.5000,6022947.6667,-0.1095,1632
358363.1250,6022711.2500,-0.0903,1633
358456.3333,6022480.0000,-0.0049,1634
358811.3335,6023002.5000,-0.0940,1635
359010.7780,6023117.6667,-0.5642,1636
359187.1432,6022943.1450,-0.6420,1637
360334.3120,6023813.7275,-1.0706,1638
360249.8655,6024224.8450,-1.0592,1639
360460.1887,6023473.4750,-0.8123,1640
360670.7178,6023739.1875,-1.0369,1641
360605.6663,6024671.1900,-0.5902,1642
359978.8187,6023416.3367,-0.4754,1643
360204.9055,6023220.2575,-0.4892,1644
359552.0020,6022877.6767,-0.8576,1645
359805.4225,6022904.6375,-0.8014,1646
358629.8333,6022912.6667,-0.0413,1647
358594.8333,6022768.6667,-0.0404,1648
358939.5965,6022784.2700,-0.3344,1649
359363.0318,6022701.0650,-0.6201,1650
360968.0615,6023460.1575,-0.9702,1651
360718.8738,6023193.8800,-0.9417,1652
360836.8697,6024095.5925,-1.0324,1653
360561.6070,6024316.5633,-1.0214,1654
361000.8650,6024485.7675,-0.6302,1655
360454.6638,6022990.5550,-0.7122,1656
360322.9887,6022798.3167,-0.2105,1657
360062.2280,6022938.1733,-0.2819,1658
359500.2278,6022478.6925,-0.5956,1659
359781.7678,6022569.0075,-0.6808,1660
359082.4213,6022504.7500,-0.5896,1661
360997.1760,6022916.5775,-1.1019,1662
361259.8445,6023157.2750,-1.0891,1663
361173.3052,6023800.9525,-0.9888,1664
361352.3052,6024182.0350,-0.6529,1665
360478.3793,6022674.7433,-0.5247,1666
360709.0795,6022763.8975,-1.0045,1667
360471.8907,6022481.4267,-0.4483,1668
360108.6185,6022376.8775,-0.6442,1669
359703.2085,6022306.5950,-0.6452,1670
359313.7925,6022208.8000,-0.6000,1671
361560.7940,6022881.0250,-1.0891,1672
361288.7758,6022637.3350,-1.1023,1673
361488.4140,6023478.5550,-0.9508,1674
361692.8560,6023847.3150,-0.6246,1675
360633.7450,6022311.8150,-0.4431,1676
360828.7487,6022536.6900,-0.8895,1677
361048.1995,6022378.0125,-0.8723,1678
360363.9690,6022076.8375,-0.7540,1679
359930.0350,6022225.0000,-0.7160,1680
359644.0073,6022043.8625,-0.5617,1681
361866.3730,6022612.7925,-0.8715,1682
361579.2913,6022385.2175,-0.8544,1683
361811.0045,6023166.7650,-0.9281,1684
362030.9090,6023504.0600,-0.5849,1685
361356.2210,6022090.6025,-0.5279,1686
360602.1815,6021806.5450,-0.7580,1687
360008.5502,6021993.0875,-0.7272,1688
359700.4090,6021706.9025,-0.4691,1689
362138.0590,6022309.0425,-0.6760,1690
361847.8307,6022141.9075,-0.6360,1691
362136.7623,6022853.4400,-0.8176,1692
362370.9055,6023158.1100,-0.5390,1693
362007.5080,6021855.3975,-0.5764,1694
361679.1645,6021878.8950,-0.4493,1695
361146.1745,6021795.4225,-0.5212,1696
360870.4283,6021564.2700,-0.6694,1697
360038.8653,6021733.1500,-0.7016,1698
360311.6852,6021563.0525,-0.7051,1699
359822.9528,6021313.6000,-0.4108,1700
362356.1850,6021965.2075,-0.5902,1701
362428.7660,6022511.0325,-0.6139,1702
362690.3320,6022791.9050,-0.4279,1703
361998.7818,6021547.9475,-0.5962,1704
361607.1767,6021529.3500,-0.6878,1705
361101.8518,6021360.5125,-0.8377,1706
360614.8875,6021333.9075,-0.6144,1707
361992.1433,6021345.5200,-0.5270,1708
362141.5193,6021308.9767,-0.9293,1709
362291.2037,6021457.9625,-0.9736,1710
360166.4573,6021325.4767,-0.3958,1711
362584.1582,6021630.0500,-1.0862,1712
362687.8788,6022149.4350,-0.6877,1713
362987.9960,6022409.9925,-0.6856,1714
361711.7743,6021112.4900,-0.9395,1715
361550.7383,6021294.7200,-0.9329,1716
362092.1312,6021097.7450,-1.0598,1717
361498.1180,6021032.5733,-1.0386,1718
361323.2118,6021166.8100,-1.0326,1719
360880.2853,6021083.1350,-0.9374,1720
360363.1470,6021120.7200,-0.4510,1721
362450.4247,6021251.1733,-1.0497,1722
362339.6578,6020997.2975,-1.1345,1723
362719.2658,6021263.1800,-1.1081,1724
362951.5650,6021792.0225,-0.8719,1725
363289.2650,6022040.2600,-0.6228,1726
361993.9357,6020906.2767,-0.8943,1727
361781.2060,6020848.5300,-1.1689,1728
362119.6905,6020737.4575,-1.1003,1729
361494.1095,6020816.3450,-1.1635,1730
361172.8635,6020892.9150,-1.1027,1731
360612.2342,6020832.5150,-0.8308,1732
362631.6795,6020880.2700,-1.2170,1733
363026.3390,6021233.4867,-1.1905,1734
363266.4408,6021452.1075,-1.0400,1735
363610.3980,6021689.0775,-0.5592,1736
362511.2473,6020596.8833,-1.2397,1737
362265.9765,6020447.4125,-1.1960,1738
361873.4113,6020643.2033,-1.1542,1739
361770.8088,6020390.9900,-1.1780,1740
361518.0637,6020551.9967,-1.2193,1741
361327.9422,6020338.7600,-1.0058,1742
361112.1103,6020604.3467,-1.1029,1743
360861.4663,6020442.6475,-0.8243,1744
363220.5718,6020928.2075,-1.2555,1745
362915.9308,6020685.4575,-1.2721,1746
363584.4905,6021113.4425,-1.0493,1747
363938.0110,6021331.5600,-0.5547,1748
362677.5583,6020378.3725,-1.2801,1749
362427.0282,6020117.5225,-1.2829,1750
362026.8143,6020255.9567,-1.1515,1751
361591.4850,6020023.1975,-1.0065,1752
361085.2597,6020029.0200,-0.4350,1753
363445.7180,6020590.3700,-1.3268,1754
363132.9025,6020361.4150,-1.3607,1755
363833.0328,6020747.3400,-1.0717,1756
364219.9745,6020929.3800,-0.5354,1757
362872.6945,6020075.6175,-1.3672,1758
362127.1947,6019945.9950,-1.2318,1759
362603.8425,6019791.0150,-1.3694,1760
361848.4717,6019812.5067,-1.0902,1761
361362.4295,6019650.6625,-0.4456,1762
363599.5830,6020303.1700,-1.3821,1763
363376.9743,6020060.3550,-1.4325,1764
363918.2888,6020348.0375,-1.2744,1765
364513.5930,6020543.7750,-0.5228,1766
363076.9228,6019777.9075,-1.4556,1767
362298.4655,6019571.7325,-1.2944,1768
362807.4390,6019480.5500,-1.4161,1769
361937.3090,6019459.7700,-1.0400,1770
361629.8557,6019379.7400,-0.5928,1771
363564.9493,6019836.7133,-1.4412,1772
364036.4308,6020016.5525,-1.3694,1773
363820.3458,6019780.2875,-1.4061,1774
361693.7188,6019014.4250,-0.4787,1775
364274.2993,6020265.0000,-1.0820,1776
364858.0918,6020201.0500,-0.5706,1777
363750.6390,6019471.8400,-1.3649,1778
363484.5488,6019535.9300,-1.4353,1779
363233.7963,6019536.3400,-1.4994,1780
362504.2635,6019231.8475,-1.3042,1781
363072.7978,6019242.7450,-1.4619,1782
362132.6540,6019058.9600,-1.0525,1783
364013.0445,6019432.0900,-1.4058,1784
364030.8313,6019654.5200,-1.3947,1785
364244.3260,6019744.6650,-1.4110,1786
361735.5797,6018666.2300,-0.2698,1787
364571.5157,6020060.6933,-0.9977,1788
364581.7910,6019774.3575,-1.3061,1789
365196.8893,6019837.6375,-0.7794,1790
363533.6720,6019184.1075,-1.4186,1791
363770.9262,6019202.6050,-1.4044,1792
363314.0510,6019088.2633,-1.4638,1793
362789.2450,6018943.4800,-1.3400,1794
362405.1240,6018714.4750,-1.0857,1795
362044.7328,6018440.8875,-0.4657,1796
364305.8953,6019439.6400,-1.5021,1797
364579.3003,6019451.2925,-1.5272,1798
364909.8533,6019676.4600,-1.2314,1799
364873.4785,6019393.0275,-1.4749,1800
365535.3760,6019472.3850,-0.8511,1801
364663.5617,6019168.4450,-1.5709,1802
364072.4925,6019027.0275,-1.5626,1803
363857.5067,6019003.6600,-1.5168,1804
363688.3540,6018891.7300,-1.5169,1805
363366.6547,6018778.3275,-1.4587,1806
363044.8503,6018711.2033,-1.3597,1807
362981.6355,6018364.3025,-1.1661,1808
362636.8143,6018451.5433,-1.0610,1809
362452.0232,6018174.2875,-0.6915,1810
364361.8185,6019092.9300,-1.5767,1811
365183.8790,6019176.8100,-1.4003,1812
365883.7368,6019134.7050,-0.8969,1813
364852.4082,6018891.1650,-1.5979,1814
363850.0730,6018691.2433,-1.5496,1815
364138.8328,6018671.2750,-1.5776,1816
363482.4147,6018495.6867,-1.4251,1817
363789.1510,6018413.5075,-1.4745,1818
363372.9103,6018187.9025,-1.2156,1819
362873.6040,6017952.8200,-0.6542,1820
364496.8745,6018709.3150,-1.5982,1821
365473.9385,6018859.1725,-1.4554,1822
366199.4180,6018765.2900,-1.0227,1823
365090.1073,6018594.4925,-1.6268,1824
364105.1190,6018364.7900,-1.5259,1825
363697.9567,6018108.1633,-1.3180,1826
363275.5558,6017723.6975,-0.5810,1827
364293.6525,6018109.8750,-1.4949,1828
364694.4790,6018355.4700,-1.5868,1829
365736.4925,6018476.3975,-1.5521,1830
366482.7357,6018356.1650,-1.0755,1831
365298.7740,6018205.1925,-1.6649,1832
363884.8443,6017851.1325,-1.2501,1833
363587.3587,6017589.8133,-0.7328,1834
364667.5698,6017798.5925,-1.5071,1835
364925.3873,6018069.3667,-1.5931,1836
363800.0885,6017247.2175,-0.7370,1837
363523.5440,6017014.6100,-0.5574,1838
363708.0932,6016646.4050,-0.5502,1839
365980.5093,6018042.4900,-1.6105,1840
366755.0155,6017940.3525,-0.9975,1841
365512.0878,6017757.3700,-1.6972,1842
364237.2165,6017517.7925,-1.2682,1843
365064.8978,6017442.5400,-1.5492,1844
364151.9100,6016845.4125,-0.9945,1845
363980.3472,6016217.6250,-0.5745,1846
366234.2752,6017614.8550,-1.6091,1847
366957.7970,6017494.9650,-0.9350,1848
365777.5520,6017342.3125,-1.7315,1849
364618.5822,6017128.6500,-1.3777,1850
365356.4028,6017020.3600,-1.5868,1851
364482.6212,6016430.4150,-1.1542,1852
364113.6043,6015839.5967,-0.5208,1853
366491.0845,6017188.9825,-1.5955,1854
366045.3835,6016928.6275,-1.7425,1855
364936.6170,6016699.9250,-1.4512,1856
365646.7790,6016598.7225,-1.6215,1857
364812.2608,6016015.3925,-1.2652,1858
364428.9583,6015607.0500,-0.6393,1859
367061.5780,6016920.3100,-1.1196,1860
366718.2087,6016759.3350,-1.6133,1861
367369.5050,6016814.6467,-0.7822,1862
367504.9875,6016511.0000,-0.8470,1863
366290.1265,6016512.0050,-1.6658,1864
365251.4370,6016271.1275,-1.5021,1865
365886.2257,6016155.3775,-1.5913,1866
365205.4037,6015638.7150,-1.2554,1867
364782.3133,6015239.4150,-0.6191,1868
366847.9480,6016286.7600,-1.5104,1869
367717.7510,6016077.8075,-0.6399,1870
366451.4697,6016148.8567,-1.5742,1871
365528.1633,6015925.6767,-1.5130,1872
366172.3383,6015896.2267,-1.5991,1873
365591.4965,6015259.0250,-1.2321,1874
365092.9745,6014845.2625,-0.5139,1875
366981.8175,6015816.5475,-1.4494,1876
367881.3280,6015761.1867,-0.2868,1877
366291.3035,6015540.4475,-1.6124,1878
365905.8295,6014837.8800,-1.1515,1879
365383.9585,6014429.8675,-0.3880,1880
367654.7163,6015560.4400,-0.3909,1881
367185.6418,6015386.9900,-1.2732,1882
366549.6860,6015114.8125,-1.6001,1883
366220.1980,6014432.3225,-1.0956,1884
365792.4173,6014082.3875,-0.3548,1885
365605.7747,6013787.5000,-0.1974,1886
365850.5467,6013445.0975,-0.1378,1887
367709.8803,6015154.2267,-0.3984,1888
367312.5968,6014985.9975,-1.0885,1889
366769.9585,6014710.4325,-1.5148,1890
368163.7927,6014994.3300,-0.1452,1891
367788.6603,6014815.6700,-0.3374,1892
368727.3487,6014926.1767,-0.5539,1893
368461.0668,6014675.5450,-0.3862,1894
366469.6668,6014026.7050,-1.0388,1895
366148.0000,6013567.3333,-0.3034,1896
367359.7362,6014569.3250,-0.9869,1897
366917.1530,6014297.6550,-1.4538,1898
368232.3997,6014393.1733,-0.5189,1899
369032.1765,6014646.0350,-0.6248,1900
368835.4785,6014268.5675,-0.8290,1901
366362.3960,6013317.1667,-0.3385,1902
366660.1285,6013496.9950,-0.8274,1903
367430.5170,6014043.3800,-1.1469,1904
367046.0985,6013769.7500,-1.3942,1905
368266.3997,6014141.8400,-0.7412,1906
368499.3503,6013891.7125,-1.2564,1907
369385.4653,6014304.6225,-0.6389,1908
369153.4647,6013909.4150,-1.2223,1909
366892.2475,6012932.7150,-0.6571,1910
367623.5903,6013526.2525,-1.5181,1911
368027.7932,6013697.2250,-1.1565,1912
367264.4590,6013226.4400,-1.3570,1913
368805.0837,6013533.7650,-1.7851,1914
369698.9465,6013926.2750,-0.5683,1915
369452.3692,6013534.0450,-1.2730,1916
367251.5583,6012521.3025,-0.8649,1917
366986.6107,6011608.9000,-0.0964,1918
367279.2260,6011779.4350,-0.4013,1919
367958.6968,6013123.0775,-1.7332,1920
368332.3550,6013323.6200,-1.8250,1921
367626.7805,6012814.7550,-1.4453,1922
369110.3737,6013166.8775,-1.7471,1923
369983.0088,6013523.3725,-0.4572,1924
369741.7448,6013150.6825,-0.9252,1925
367668.0487,6012058.4750,-0.9760,1926
368323.5423,6012694.3750,-1.7122,1927
368652.7455,6012938.1550,-1.8735,1928
368032.3380,6012361.1575,-1.4447,1929
369402.5275,6012786.9300,-1.4549,1930
370263.4730,6013117.5825,-0.3619,1931
370029.8418,6012766.3250,-0.6956,1932
367974.2535,6011532.6925,-0.8437,1933
368633.5147,6012225.4050,-1.6158,1934
368946.0540,6012523.3700,-1.7743,1935
368350.2715,6011857.4625,-1.3677,1936
369685.3393,6012411.0250,-1.3731,1937
370549.7775,6012715.6875,-0.3299,1938
370317.4857,6012381.6175,-0.5953,1939
368251.5858,6011104.3250,-0.7438,1940
368886.3710,6011940.6600,-1.5767,1941
369217.2148,6012124.5925,-1.6925,1942
368644.6653,6011429.6900,-1.2961,1943
369061.2530,6011609.3300,-1.5136,1944
369972.4480,6012044.7625,-1.3425,1945
370655.6147,6012202.6900,-0.3982,1946
370810.7407,6012420.1567,-0.3499,1947
368640.1152,6010792.1675,-0.6758,1948
369502.3180,6011755.6350,-1.6693,1949
369025.2037,6011091.4150,-1.2308,1950
369408.2662,6011260.2825,-1.5065,1951
370794.5558,6011910.5125,-0.3990,1952
370267.5945,6011687.6825,-1.2003,1953
369019.8620,6010478.2725,-0.4973,1954
369811.1568,6011414.2475,-1.6390,1955
369399.4387,6010751.7025,-1.2167,1956
369745.8503,6010903.5275,-1.4942,1957
370905.4597,6011554.6600,-0.2357,1958
370561.1370,6011328.2475,-0.8701,1959
369315.1113,6010074.6875,-0.5256,1960
370110.1640,6011062.4000,-1.4682,1961
369692.0543,6010358.7525,-1.4524,1962
370011.6928,6010531.9625,-1.5312,1963
370787.3405,6011019.7425,-0.6950,1964
371438.4508,6010748.9650,-0.2432,1965
369531.8040,6009678.8150,-0.6728,1966
369292.5757,6009403.9600,-0.0768,1967
370344.6503,6010729.7975,-1.4098,1968
369897.1790,6009986.5650,-1.5402,1969
370952.1900,6010642.1500,-1.1119,1970
371571.0352,6010247.3325,-0.5074,1971
369692.3908,6009262.5300,-0.7048,1972
369390.9090,6009143.9600,-0.1392,1973
370516.3400,6010368.3500,-1.5574,1974
370385.9500,6009719.6000,-1.6089,1975
370071.6015,6009533.0025,-1.3850,1976
371133.1277,6010123.6225,-1.5010,1977
371730.8543,6009742.0075,-0.7625,1978
369914.5357,6008820.3075,-0.9294,1979
370714.4420,6009893.3500,-1.6981,1980
370310.0940,6009041.6600,-1.1780,1981
370647.8328,6009213.6900,-1.2670,1982
371376.2400,6009607.1000,-1.6504,1983
371994.9638,6009263.5175,-0.7542,1984
370090.5778,6008347.8325,-1.1629,1985
370983.9600,6009385.6075,-1.5418,1986
370876.4425,6008722.4000,-1.2706,1987
370503.3330,6008571.7075,-1.5116,1988
371635.6090,6009092.6525,-1.5972,1989
372491.3447,6008804.1833,-0.4484,1990
372160.1415,6008735.1300,-0.7779,1991
370261.3243,6007877.8975,-0.9927,1992
371240.6998,6008871.2875,-1.4531,1993
371047.6185,6008221.1300,-1.7776,1994
370666.7290,6008096.8500,-1.7848,1995
371763.1813,6008547.1225,-1.3116,1996
370574.2753,6007490.6075,-0.9376,1997
371405.0470,6008339.0700,-1.4965,1998
371253.6213,6007768.3575,-2.1152,1999
370926.2405,6007692.6750,-1.8523,2000
371882.5172,6008065.1225,-0.9277,2001
373495.9308,6007981.6900,-0.9003,2002
373147.4963,6007937.7550,-1.4487,2003
370950.7302,6007145.8000,-0.9769,2004
371562.1028,6007847.9925,-1.2617,2005
371260.8370,6007415.7075,-2.0544,2006
372153.2093,6007708.3825,-0.8459,2007
372810.0955,6007657.7025,-1.9117,2008
373330.0385,6007654.6650,-1.6525,2009
373674.2813,6007700.2675,-0.8776,2010
371277.8388,6006753.5975,-1.1255,2011
371830.3667,6007445.3750,-1.4572,2012
371592.0020,6007114.6200,-2.2091,2013
372484.7350,6007328.8975,-1.6629,2014
373134.2105,6007266.0900,-1.9475,2015
371483.0293,6006290.4675,-1.2639,2016
372153.3987,6007032.5800,-2.0148,2017
371851.8688,6006669.8350,-2.2356,2018
372820.9017,6006882.5700,-2.3083,2019
373373.7270,6007040.2867,-1.3397,2020
371682.1285,6005823.4375,-1.4542,2021
372472.4165,6006566.4675,-2.4153,2022
372104.3738,6006199.5975,-2.3433,2023
373383.9507,6006714.3233,-1.1425,2024
373169.7388,6006444.4875,-1.5197,2025
372000.7435,6005433.0625,-1.7515,2026
372828.5175,6006124.6425,-1.7204,2027
372441.0490,6005783.7300,-2.1483,2028
373462.9250,6006102.4500,-0.5811,2029
372302.6250,6005116.7000,-1.6986,2030
372740.8750,6005454.1000,-1.9609,2031
373702.2957,6005757.5575,-0.6973,2032
372557.2590,6004757.0175,-1.5925,2033
372982.1135,6005100.6625,-2.2407,2034
373358.5560,6005415.7725,-1.2022,2035
373862.6275,6005289.3650,-0.8557,2036
372773.4330,6004296.0025,-1.6725,2037
373175.9032,6004643.6525,-2.5576,2038
373538.1365,6004967.9850,-1.8332,2039
373949.0063,6004794.8450,-1.2084,2040
372982.2975,6003835.6375,-1.9119,2041
373336.6460,6004176.1425,-2.6226,2042
373659.1163,6004499.2275,-2.4716,2043
374106.6945,6004322.2625,-1.6636,2044
373296.1327,6003436.2200,-1.9712,2045
373586.4085,6003753.0200,-2.6465,2046
373852.1613,6004058.7750,-2.5439,2047
374366.9305,6003891.4200,-1.5352,2048
373617.6350,6003038.5350,-1.9682,2049
373864.5407,6003487.0200,-2.7284,2050
374125.7020,6003651.2700,-2.4542,2051
374051.9622,6003188.6000,-2.7412,2052
374749.2112,6003592.6375,-1.2107,2053
373883.9615,6002603.6525,-1.9077,2054
374478.9465,6003333.7425,-2.4957,2055
374352.3390,6002804.4900,-2.8119,2056
375746.7920,6003365.1325,-0.3941,2057
375342.1487,6003499.4767,-0.5039,2058
375119.0477,6003281.5275,-1.4077,2059
376224.3060,6003261.8450,-0.1904,2060
376298.9060,6002811.4975,-0.3420,2061
376554.3225,6003033.1975,-0.1634,2062
374141.3380,6002158.4475,-2.0639,2063
374814.5030,6003001.2675,-2.4696,2064
374617.7257,6002373.6200,-2.8802,2065
375666.9847,6003003.1333,-1.0407,2066
375402.5800,6002851.2075,-1.7378,2067
375959.7537,6002652.9300,-0.9082,2068
376823.7908,6002654.7800,-0.1677,2069
376572.4863,6002388.1325,-0.3066,2070
374368.2885,6001695.4875,-2.2199,2071
375085.6742,6002580.2150,-2.5344,2072
374860.4743,6001927.5625,-2.9345,2073
375684.1302,6002419.7675,-1.7511,2074
376247.8258,6002192.7200,-0.9233,2075
376862.3067,6002006.6675,-0.2429,2076
377100.0587,6002267.3800,-0.1473,2077
374571.9113,6001217.9325,-2.2014,2078
375348.3140,6002154.9950,-2.8279,2079
375090.7380,6001473.2950,-2.9207,2080
375965.2973,6001987.6450,-1.9057,2081
376572.0245,6001799.4800,-0.6937,2082
377349.6853,6001974.2333,-0.1284,2083
377203.1015,6001690.0225,-0.2471,2084
374857.4788,6000819.1350,-2.1669,2085
375607.7728,6001726.9825,-2.8241,2086
375378.5280,6001057.5900,-2.9549,2087
376885.8255,6001435.6775,-0.7485,2088
377495.8620,6001469.8567,-0.2107,2089
375159.0675,6000460.8225,-2.1968,2090
375899.6365,6001295.7900,-2.6720,2091
375656.5305,6000660.6275,-2.9350,2092
376579.9473,6001296.8033,-1.4499,2093
377476.4265,6001079.5975,-0.5809,2094
377052.1983,6001042.7725,-1.6580,2095
376617.8768,6000977.8975,-2.0514,2096
375417.6793,6000076.2500,-2.0994,2097
376152.7918,6000859.7575,-2.7746,2098
375880.3530,6000250.7500,-2.8356,2099
377426.8515,6000606.8100,-1.5015,2100
377090.5770,6000692.9433,-2.3880,2101
376772.3180,6000567.7375,-2.4953,2102
375651.6393,5999677.6325,-1.9056,2103
376340.9520,6000424.7650,-2.8862,2104
376100.9583,5999827.3775,-2.4364,2105
377343.2527,6000239.5833,-1.2840,2106
376985.5755,6000130.4900,-1.9358,2107
375885.0602,5999289.4175,-1.5102,2108
376548.4437,5999975.0700,-2.0701,2109
376341.1948,5999410.7675,-1.2103,2110
376146.8415,5998901.5900,-0.6911,2111
376795.6465,5999530.3250,-0.6335,2112
376597.4863,5998996.2525,-0.2225,2113
376393.5940,5998475.6175,-0.5917,2114
377047.1085,5999091.5800,-0.4890,2115
376842.8460,5998559.0875,-0.6222,2116
376618.8422,5998037.3325,-0.7217,2117
377292.7025,5998644.3225,-0.7614,2118
377033.0390,5998096.0950,-0.9129,2119
376871.6293,5997679.3550,-0.8042,2120
377501.4705,5998181.7325,-0.9650,2121
377136.4267,5997319.9750,-0.8568,2122
377715.8330,5997721.4750,-0.8765,2123
377376.4365,5996874.0925,-0.8945,2124
377975.1472,5997279.9550,-0.6985,2125
377607.6900,5996423.4125,-0.8895,2126
378218.9985,5996829.6225,-0.6232,2127
377836.6717,5995971.5725,-0.7963,2128
378443.8685,5996369.5950,-0.5708,2129
378077.9300,5995526.7875,-0.5610,2130
378666.9490,5995908.9325,-0.4321,2131
378339.5997,5995096.1725,-0.3037,2132
378884.8825,5995448.2275,-0.1968,2133
378610.7378,5994674.4000,-0.1329,2134
379085.6588,5994982.5625,-0.0473,2135
378890.2285,5994257.6675,-0.0408,2136
379298.2732,5994522.1950,0.0013,2137
379166.4232,5993835.9175,0.0395,2138
379529.8170,5994073.2200,0.0380,2139
379435.3287,5993407.6625,0.0795,2140
379766.8230,5993630.7675,0.0623,2141
379699.8913,5992976.4475,0.1187,2142
380008.8243,5993190.6475,0.0879,2143
379953.8873,5992538.2975,0.1566,2144
380256.0155,5992752.8550,0.1191,2145
380204.0500,5992097.7875,0.1876,2146
380505.0500,5992316.0150,0.1480,2147
380453.9785,5991657.1400,0.2030,2148
380753.9245,5991879.0825,0.1752,2149
380707.9903,5991218.8850,0.2144,2150
381003.4798,5991442.5625,0.2015,2151
380968.7018,5990784.6400,0.2266,2152
381254.1710,5991006.7600,0.2232,2153
381232.8625,5990352.5175,0.2390,2154
381505.4535,5990571.3475,0.2337,2155
381500.1082,5989922.3975,0.2587,2156
381756.9800,5990136.1650,0.2394,2157
381771.2313,5989494.8550,0.2801,2158
382008.3565,5989701.0450,0.2482,2159
382019.8690,5989054.8600,0.2713,2160
382251.5197,5989261.3800,0.2585,2161
382177.1390,5988584.0125,0.2576,2162
382463.6652,5988811.1250,0.2630,2163
382270.5815,5988094.9525,0.2175,2164
382653.2708,5988354.1150,0.2743,2165
382468.1633,5987649.4950,0.2176,2166
382869.7760,5987907.6650,0.2930,2167
382852.3157,5987308.0175,0.2949,2168
383116.6833,5987575.6200,0.3097,2169
383229.2230,5986966.0450,0.3104,2170
319513.5558,6062402.5025,-5.0000,2171
319371.0000,6061746.8350,-4.8955,2172
321041.6667,6061418.8350,-5.0000,2173
319228.4443,6061091.1675,-4.6436,2174
320496.0000,6061010.5025,-5.0000,2175
322569.7778,6060435.1675,-4.9371,2176
319950.3333,6060602.1675,-4.7286,2177
321621.0000,6060274.1675,-4.9249,2178
320672.2222,6060113.1650,-4.5868,2179
314926.0280,6064730.3050,-4.9233,2180
315129.4167,6063952.5825,-4.8530,2181
316315.4167,6064114.9175,-5.0000,2182
315332.8055,6063174.8600,-4.5764,2183
316148.2500,6063489.7500,-5.0000,2184
317704.8055,6063499.5300,-5.0000,2185
315981.0833,6062864.5825,-4.7681,2186
317167.0833,6063026.9175,-4.9707,2187
316629.3610,6062554.3050,-4.6222,2188
310473.1667,6065143.7767,-4.9070,2189
310854.3750,6065350.2075,-4.9578,2190
310241.1250,6065195.7500,-4.9039,2191
310339.6250,6065655.3750,-5.0000,2192
310638.1667,6065564.7767,-5.0000,2193
310073.5000,6065382.2233,-4.8505,2194
310014.3750,6065848.2925,-4.9369,2195
300608.8612,6066204.2800,-5.0274,2196
300650.9167,6066579.1675,-5.0060,2197
299969.5835,6066034.1675,-5.0280,2198
300692.9722,6066954.0550,-4.9561,2199
300029.7503,6066745.5000,-5.0000,2200
299330.3055,6065864.0550,-5.0381,2201
300089.9167,6067456.8325,-4.9630,2202
299408.5835,6066911.8325,-5.0000,2203
299486.8612,6067959.6100,-4.9725,2204
