<gmd:MD_Metadata xmlns:gmd="http://www.isotc211.org/2005/gmd" xmlns:gco="http://www.isotc211.org/2005/gco" xmlns:xsi="http://www.w3.org/2001/XMLSchema-instance" xmlns:gml="http://www.opengis.net/gml" xmlns:gts="http://www.isotc211.org/2005/gts" xmlns:xlink="http://www.w3.org/1999/xlink" xsi:schemaLocation="http://www.isotc211.org/2005/gmd http://www.isotc211.org/2005/gmd/gmd.xsd http://www.opengis.net/gml http://www.isotc211.org/2005/gml/gml.xsd http://www.w3.org/1999/xlink http://www.isotc211.org/2005/xlink/xlinks.xsd"><gmd:fileIdentifier><gco:CharacterString>C323A6DD-A0F1-4670-82C9-5584BE980229</gco:CharacterString></gmd:fileIdentifier><gmd:language><gco:CharacterString>eng</gco:CharacterString></gmd:language><gmd:characterSet><gmd:MD_CharacterSetCode codeList="http://asdd.ga.gov.au/asdd/profileinfo/gmxCodelists.xml#MD_CharacterSetCode" codeListValue="utf8">utf8</gmd:MD_CharacterSetCode></gmd:characterSet><gmd:hierarchyLevel><gmd:MD_ScopeCode codeList="http://asdd.ga.gov.au/asdd/profileinfo/GAScopeCodeList.xml#MD_ScopeCode" codeListValue="dataset">dataset</gmd:MD_ScopeCode></gmd:hierarchyLevel><gmd:hierarchyLevelName><gco:CharacterString>dataset</gco:CharacterString></gmd:hierarchyLevelName><gmd:contact><gmd:CI_ResponsibleParty><gmd:individualName gco:nilReason="withheld"><gco:CharacterString></gco:CharacterString></gmd:individualName><gmd:organisationName><gco:CharacterString>Murray-Darling Basin Authority</gco:CharacterString></gmd:organisationName><gmd:positionName><gco:CharacterString>Information and Data</gco:CharacterString></gmd:positionName><gmd:contactInfo><gmd:CI_Contact><gmd:phone><gmd:CI_Telephone><gmd:voice><gco:CharacterString>02 6279 0100</gco:CharacterString></gmd:voice></gmd:CI_Telephone></gmd:phone><gmd:address><gmd:CI_Address><gmd:deliveryPoint><gco:CharacterString>GPO Box 1801</gco:CharacterString></gmd:deliveryPoint><gmd:city><gco:CharacterString>CANBERRA</gco:CharacterString></gmd:city><gmd:administrativeArea><gco:CharacterString>ACT</gco:CharacterString></gmd:administrativeArea><gmd:postalCode><gco:CharacterString>2601</gco:CharacterString></gmd:postalCode><gmd:country><gco:CharacterString>Australia</gco:CharacterString></gmd:country><gmd:electronicMailAddress><gco:CharacterString>gis@mdba.gov.au</gco:CharacterString></gmd:electronicMailAddress></gmd:CI_Address></gmd:address></gmd:CI_Contact></gmd:contactInfo><gmd:role><gmd:CI_RoleCode codeList="http://asdd.ga.gov.au/asdd/profileinfo/gmxCodelists.xml#CI_RoleCode" codeListValue="custodian">custodian</gmd:CI_RoleCode></gmd:role></gmd:CI_ResponsibleParty></gmd:contact><gmd:dateStamp><gco:Date>2018-11-05</gco:Date></gmd:dateStamp><gmd:metadataStandardName><gco:CharacterString>ANZLIC Metadata Profile: An Australian/New Zealand Profile of AS/NZS ISO 19115:2005, Geographic information - Metadata</gco:CharacterString></gmd:metadataStandardName><gmd:metadataStandardVersion><gco:CharacterString>1.1</gco:CharacterString></gmd:metadataStandardVersion><gmd:referenceSystemInfo><gmd:MD_ReferenceSystem><gmd:referenceSystemIdentifier><gmd:RS_Identifier><gmd:code><gco:CharacterString>EPSG::4283</gco:CharacterString></gmd:code></gmd:RS_Identifier></gmd:referenceSystemIdentifier></gmd:MD_ReferenceSystem></gmd:referenceSystemInfo><gmd:identificationInfo><gmd:MD_DataIdentification><gmd:citation><gmd:CI_Citation><gmd:title><gco:CharacterString>Murray-Darling Basin Water Resource Plan Areas - Surface Water</gco:CharacterString></gmd:title><gmd:date><gmd:CI_Date><gmd:date><gco:Date>2009-01</gco:Date></gmd:date><gmd:dateType><gmd:CI_DateTypeCode codeList="http://asdd.ga.gov.au/asdd/profileinfo/gmxCodelists.xml#CI_DateTypeCode" codeListValue="creation">creation</gmd:CI_DateTypeCode></gmd:dateType></gmd:CI_Date></gmd:date><gmd:date><gmd:CI_Date><gmd:date><gco:Date>2018-12-03</gco:Date></gmd:date><gmd:dateType><gmd:CI_DateTypeCode codeList="http://asdd.ga.gov.au/asdd/profileinfo/gmxCodelists.xml#CI_DateTypeCode" codeListValue="publication">publication</gmd:CI_DateTypeCode></gmd:dateType></gmd:CI_Date></gmd:date><gmd:date><gmd:CI_Date><gmd:date><gco:Date>2017-11-14</gco:Date></gmd:date><gmd:dateType><gmd:CI_DateTypeCode codeList="http://asdd.ga.gov.au/asdd/profileinfo/gmxCodelists.xml#CI_DateTypeCode" codeListValue="revision">revision</gmd:CI_DateTypeCode></gmd:dateType></gmd:CI_Date></gmd:date></gmd:CI_Citation></gmd:citation><gmd:abstract><gco:CharacterString>The Basin Plan's management arrangements will be implemented at a local scale through water resource plans prepared by the Basin states for accreditation by the Commonwealth Water Minister. The Basin has been divided into 19 surface-water water resource plan areas. The boundaries of these areas are shown in the Surface Water Water Resource Plan Areas dataset.

The surface-water water resource plan areas cover the entire Basin, including those areas not previously subject to water planning arrangements. The water resources in the Murray-Darling Basin to which the Basin Plan will apply are identified in the Water Act 2007 (Cwlth). These resources do not include the Great Artesian Basin water resources.</gco:CharacterString></gmd:abstract><gmd:purpose><gco:CharacterString>To identify surface water water resource plan areas for the Water Act 2007 and Basin Plan 2012.
To prepare a map for publication on MDBA's website.</gco:CharacterString></gmd:purpose><gmd:status><gmd:MD_ProgressCode codeList="http://asdd.ga.gov.au/asdd/profileinfo/gmxCodelists.xml#MD_ProgressCode" codeListValue="completed">completed</gmd:MD_ProgressCode></gmd:status><gmd:pointOfContact><gmd:CI_ResponsibleParty><gmd:individualName gco:nilReason="withheld"><gco:CharacterString></gco:CharacterString></gmd:individualName><gmd:organisationName><gco:CharacterString>Murray-Darling Basin Authority</gco:CharacterString></gmd:organisationName><gmd:positionName><gco:CharacterString>Information and Data</gco:CharacterString></gmd:positionName><gmd:contactInfo><gmd:CI_Contact><gmd:phone><gmd:CI_Telephone><gmd:voice><gco:CharacterString>02 6279 0100</gco:CharacterString></gmd:voice><gmd:facsimile gco:nilReason="missing"><gco:CharacterString></gco:CharacterString></gmd:facsimile></gmd:CI_Telephone></gmd:phone><gmd:address><gmd:CI_Address><gmd:deliveryPoint><gco:CharacterString>GPO Box 1801</gco:CharacterString></gmd:deliveryPoint><gmd:city><gco:CharacterString>CANBERRA</gco:CharacterString></gmd:city><gmd:administrativeArea><gco:CharacterString>ACT</gco:CharacterString></gmd:administrativeArea><gmd:postalCode><gco:CharacterString>2601</gco:CharacterString></gmd:postalCode><gmd:country><gco:CharacterString>Australia</gco:CharacterString></gmd:country><gmd:electronicMailAddress><gco:CharacterString>gis@mdba.gov.au</gco:CharacterString></gmd:electronicMailAddress></gmd:CI_Address></gmd:address></gmd:CI_Contact></gmd:contactInfo><gmd:role><gmd:CI_RoleCode codeList="http://asdd.ga.gov.au/asdd/profileinfo/gmxCodelists.xml#CI_RoleCode" codeListValue="custodian">custodian</gmd:CI_RoleCode></gmd:role></gmd:CI_ResponsibleParty></gmd:pointOfContact><gmd:resourceMaintenance><gmd:MD_MaintenanceInformation><gmd:maintenanceAndUpdateFrequency><gmd:MD_MaintenanceFrequencyCode codeList="http://asdd.ga.gov.au/asdd/profileinfo/gmxCodelists.xml#MD_MaintenanceFrequencyCode" codeListValue="asNeeded">asNeeded</gmd:MD_MaintenanceFrequencyCode></gmd:maintenanceAndUpdateFrequency></gmd:MD_MaintenanceInformation></gmd:resourceMaintenance><gmd:resourceFormat xlink:type="simple"><gmd:MD_Format><gmd:name><gco:CharacterString>*.xml</gco:CharacterString></gmd:name><gmd:version><gco:CharacterString>Unknown</gco:CharacterString></gmd:version></gmd:MD_Format></gmd:resourceFormat><gmd:descriptiveKeywords><gmd:MD_Keywords><gmd:keyword><gco:CharacterString>Australia</gco:CharacterString></gmd:keyword><gmd:type><gmd:MD_KeywordTypeCode codeList="http://asdd.ga.gov.au/asdd/profileinfo/gmxCodelists.xml#MD_KeywordTypeCode" codeListValue="theme">theme</gmd:MD_KeywordTypeCode></gmd:type><gmd:thesaurusName><gmd:CI_Citation><gmd:title><gco:CharacterString>ANZLIC Jurisdictions</gco:CharacterString></gmd:title><gmd:date><gmd:CI_Date><gmd:date><gco:Date>2008-10-29</gco:Date></gmd:date><gmd:dateType><gmd:CI_DateTypeCode codeList="http://asdd.ga.gov.au/asdd/profileinfo/gmxCodelists.xml#CI_DateTypeCode" codeListValue="revision">revision</gmd:CI_DateTypeCode></gmd:dateType></gmd:CI_Date></gmd:date><gmd:edition><gco:CharacterString>Version 2.1</gco:CharacterString></gmd:edition><gmd:editionDate><gco:Date>2008-10-29</gco:Date></gmd:editionDate><gmd:identifier><gmd:MD_Identifier><gmd:code><gco:CharacterString>http://asdd.ga.gov.au/asdd/profileinfo/anzlic-jurisdic.xml#anzlic-jurisdic</gco:CharacterString></gmd:code></gmd:MD_Identifier></gmd:identifier><gmd:citedResponsibleParty><gmd:CI_ResponsibleParty><gmd:organisationName><gco:CharacterString>ANZLIC the Spatial Information Council</gco:CharacterString></gmd:organisationName><gmd:role><gmd:CI_RoleCode codeList="http://asdd.ga.gov.au/asdd/profileinfo/gmxCodelists.xml#CI_RoleCode" codeListValue="custodian">custodian</gmd:CI_RoleCode></gmd:role></gmd:CI_ResponsibleParty></gmd:citedResponsibleParty></gmd:CI_Citation></gmd:thesaurusName></gmd:MD_Keywords></gmd:descriptiveKeywords><gmd:descriptiveKeywords><gmd:MD_Keywords><gmd:keyword><gco:CharacterString>BOUNDARIES-Administrative</gco:CharacterString></gmd:keyword><gmd:keyword><gco:CharacterString>WATER-Surface</gco:CharacterString></gmd:keyword><gmd:type><gmd:MD_KeywordTypeCode codeList="http://asdd.ga.gov.au/asdd/profileinfo/gmxCodelists.xml#MD_KeywordTypeCode" codeListValue="theme">theme</gmd:MD_KeywordTypeCode></gmd:type><gmd:thesaurusName><gmd:CI_Citation><gmd:title><gco:CharacterString>ANZLIC Search Words</gco:CharacterString></gmd:title><gmd:date><gmd:CI_Date><gmd:date><gco:Date>2008-05-16</gco:Date></gmd:date><gmd:dateType><gmd:CI_DateTypeCode codeList="http://asdd.ga.gov.au/asdd/profileinfo/gmxCodelists.xml#CI_DateTypeCode" codeListValue="revision">revision</gmd:CI_DateTypeCode></gmd:dateType></gmd:CI_Date></gmd:date><gmd:edition><gco:CharacterString>Version 2.1</gco:CharacterString></gmd:edition><gmd:editionDate><gco:Date>2008-05-16</gco:Date></gmd:editionDate><gmd:identifier><gmd:MD_Identifier><gmd:code><gco:CharacterString>http://asdd.ga.gov.au/asdd/profileinfo/anzlic-theme.xml#anzlic-theme</gco:CharacterString></gmd:code></gmd:MD_Identifier></gmd:identifier><gmd:citedResponsibleParty><gmd:CI_ResponsibleParty><gmd:organisationName><gco:CharacterString>ANZLIC the Spatial Information Council</gco:CharacterString></gmd:organisationName><gmd:role><gmd:CI_RoleCode codeList="http://asdd.ga.gov.au/asdd/profileinfo/gmxCodelists.xml#CI_RoleCode" codeListValue="custodian">custodian</gmd:CI_RoleCode></gmd:role></gmd:CI_ResponsibleParty></gmd:citedResponsibleParty></gmd:CI_Citation></gmd:thesaurusName></gmd:MD_Keywords></gmd:descriptiveKeywords><gmd:resourceConstraints><gmd:MD_LegalConstraints><gmd:useLimitation><gco:CharacterString>© Commonwealth of Australia (Murray–Darling Basin Authority) 2018</gco:CharacterString></gmd:useLimitation><gmd:useConstraints><gmd:MD_RestrictionCode codeList="http://asdd.ga.gov.au/asdd/profileinfo/gmxCodelists.xml#MD_RestrictionCode" codeListValue="copyright">copyright</gmd:MD_RestrictionCode></gmd:useConstraints></gmd:MD_LegalConstraints></gmd:resourceConstraints><gmd:resourceConstraints><gmd:MD_LegalConstraints><gmd:useLimitation><gco:CharacterString>Licensed under the Creative Commons Attribution 4.0 International license (CC-BY). Under the following conditions: 
- You must give appropriate credit, provide a link to the license, and indicate if changes were made. You may do so in any reasonable manner, but not in any way that suggests the licensor endorses you or your use. </gco:CharacterString></gmd:useLimitation><gmd:useConstraints><gmd:MD_RestrictionCode codeList="http://asdd.ga.gov.au/asdd/profileinfo/gmxCodelists.xml#MD_RestrictionCode" codeListValue="license">license</gmd:MD_RestrictionCode></gmd:useConstraints></gmd:MD_LegalConstraints></gmd:resourceConstraints><gmd:spatialRepresentationType><gmd:MD_SpatialRepresentationTypeCode codeList="http://asdd.ga.gov.au/asdd/profileinfo/gmxCodelists.xml#MD_SpatialRepresentationTypeCode" codeListValue="vector">vector</gmd:MD_SpatialRepresentationTypeCode></gmd:spatialRepresentationType><gmd:spatialResolution><gmd:MD_Resolution><gmd:equivalentScale><gmd:MD_RepresentativeFraction><gmd:denominator><gco:Integer>250000</gco:Integer></gmd:denominator></gmd:MD_RepresentativeFraction></gmd:equivalentScale></gmd:MD_Resolution></gmd:spatialResolution><gmd:language><gco:CharacterString>eng</gco:CharacterString></gmd:language><gmd:characterSet><gmd:MD_CharacterSetCode codeList="http://asdd.ga.gov.au/asdd/profileinfo/gmxCodelists.xml#MD_CharacterSetCode" codeListValue="utf8">utf8</gmd:MD_CharacterSetCode></gmd:characterSet><gmd:topicCategory><gmd:MD_TopicCategoryCode>boundaries</gmd:MD_TopicCategoryCode></gmd:topicCategory><gmd:topicCategory><gmd:MD_TopicCategoryCode>inlandWaters</gmd:MD_TopicCategoryCode></gmd:topicCategory><gmd:extent><gmd:EX_Extent><gmd:geographicElement><gmd:EX_GeographicBoundingBox><gmd:westBoundLongitude><gco:Decimal>138.568461</gco:Decimal></gmd:westBoundLongitude><gmd:eastBoundLongitude><gco:Decimal>152.488544</gco:Decimal></gmd:eastBoundLongitude><gmd:southBoundLatitude><gco:Decimal>-37.682085</gco:Decimal></gmd:southBoundLatitude><gmd:northBoundLatitude><gco:Decimal>-24.585616</gco:Decimal></gmd:northBoundLatitude></gmd:EX_GeographicBoundingBox></gmd:geographicElement></gmd:EX_Extent></gmd:extent><gmd:extent><gmd:EX_Extent><gmd:geographicElement><gmd:EX_GeographicDescription><gmd:geographicIdentifier><gmd:MD_Identifier><gmd:authority><gmd:CI_Citation><gmd:title><gco:CharacterString>ANZLIC Geographic Extent Name Register</gco:CharacterString></gmd:title><gmd:date><gmd:CI_Date><gmd:date><gco:Date>2006-10-10</gco:Date></gmd:date><gmd:dateType><gmd:CI_DateTypeCode codeList="http://asdd.ga.gov.au/asdd/profileinfo/gmxCodelists.xml#CI_DateTypeCode" codeListValue="publication">publication</gmd:CI_DateTypeCode></gmd:dateType></gmd:CI_Date></gmd:date><gmd:edition><gco:CharacterString>Version 2</gco:CharacterString></gmd:edition><gmd:editionDate><gco:Date>2001-02</gco:Date></gmd:editionDate><gmd:identifier><gmd:MD_Identifier><gmd:code><gco:CharacterString>http://asdd.ga.gov.au/asdd/profileinfo/anzlic-allgens.xml#anzlic-drainage_division_river_basin</gco:CharacterString></gmd:code></gmd:MD_Identifier></gmd:identifier><gmd:citedResponsibleParty><gmd:CI_ResponsibleParty><gmd:organisationName><gco:CharacterString>ANZLIC the Spatial Information Council</gco:CharacterString></gmd:organisationName><gmd:role><gmd:CI_RoleCode codeList="http://asdd.ga.gov.au/asdd/profileinfo/gmxCodelists.xml#CI_RoleCode" codeListValue="custodian">custodian</gmd:CI_RoleCode></gmd:role></gmd:CI_ResponsibleParty></gmd:citedResponsibleParty></gmd:CI_Citation></gmd:authority><gmd:code><gco:CharacterString>MURRAY_DARLING</gco:CharacterString></gmd:code></gmd:MD_Identifier></gmd:geographicIdentifier></gmd:EX_GeographicDescription></gmd:geographicElement></gmd:EX_Extent></gmd:extent><gmd:extent><gmd:EX_Extent><gmd:temporalElement><gmd:EX_TemporalExtent><gmd:extent><gml:TimePeriod gml:id="TP1"><gml:beginPosition>2009-01</gml:beginPosition><gml:endPosition indeterminatePosition="unknown">Unknown</gml:endPosition></gml:TimePeriod></gmd:extent></gmd:EX_TemporalExtent></gmd:temporalElement></gmd:EX_Extent></gmd:extent></gmd:MD_DataIdentification></gmd:identificationInfo><gmd:distributionInfo><gmd:MD_Distribution><gmd:distributor><gmd:MD_Distributor><gmd:distributorContact><gmd:CI_ResponsibleParty><gmd:individualName gco:nilReason="missing"><gco:CharacterString></gco:CharacterString></gmd:individualName><gmd:organisationName><gco:CharacterString>Murray-Darling Basin Authority</gco:CharacterString></gmd:organisationName><gmd:positionName><gco:CharacterString>Information and Data</gco:CharacterString></gmd:positionName><gmd:contactInfo><gmd:CI_Contact><gmd:phone><gmd:CI_Telephone><gmd:voice><gco:CharacterString>02 6279 0100</gco:CharacterString></gmd:voice><gmd:facsimile gco:nilReason="missing"><gco:CharacterString></gco:CharacterString></gmd:facsimile></gmd:CI_Telephone></gmd:phone><gmd:address><gmd:CI_Address><gmd:deliveryPoint><gco:CharacterString>GPO Box 1801 </gco:CharacterString></gmd:deliveryPoint><gmd:city><gco:CharacterString>CANBERRA</gco:CharacterString></gmd:city><gmd:administrativeArea><gco:CharacterString>ACT</gco:CharacterString></gmd:administrativeArea><gmd:postalCode><gco:CharacterString>2601</gco:CharacterString></gmd:postalCode><gmd:country><gco:CharacterString>Australia</gco:CharacterString></gmd:country><gmd:electronicMailAddress><gco:CharacterString>gis@mdba.gov.au</gco:CharacterString></gmd:electronicMailAddress></gmd:CI_Address></gmd:address></gmd:CI_Contact></gmd:contactInfo><gmd:role><gmd:CI_RoleCode codeList="http://asdd.ga.gov.au/asdd/profileinfo/gmxCodelists.xml#CI_RoleCode" codeListValue="pointOfContact">pointOfContact</gmd:CI_RoleCode></gmd:role></gmd:CI_ResponsibleParty></gmd:distributorContact><gmd:distributorFormat><gmd:MD_Format><gmd:name><gco:CharacterString>ESRI Shapefile</gco:CharacterString></gmd:name><gmd:version><gco:CharacterString>1</gco:CharacterString></gmd:version><gmd:specification><gco:CharacterString>Murray-Darling Basin Water Resource Plan Areas - Surface Water.dbf, Murray-Darling Basin Water Resource Plan Areas - Surface Water.prj, Murray-Darling Basin Water Resource Plan Areas - Surface Water.sbn, Murray-Darling Basin Water Resource Plan Areas - Surface Water.sbx, Murray-Darling Basin Water Resource Plan Areas - Surface Water.shp, Murray-Darling Basin Water Resource Plan Areas - Surface Water.shp.xml, Murray-Darling Basin Water Resource Plan Areas - Surface Water.shx</gco:CharacterString></gmd:specification></gmd:MD_Format></gmd:distributorFormat></gmd:MD_Distributor></gmd:distributor></gmd:MD_Distribution></gmd:distributionInfo><gmd:dataQualityInfo><gmd:DQ_DataQuality><gmd:scope><gmd:DQ_Scope><gmd:level><gmd:MD_ScopeCode codeList="http://asdd.ga.gov.au/asdd/profileinfo/gmxCodelists.xml#MD_ScopeCode" codeListValue="dataset">dataset</gmd:MD_ScopeCode></gmd:level><gmd:levelDescription><gmd:MD_ScopeDescription><gmd:other><gco:CharacterString>dataset</gco:CharacterString></gmd:other></gmd:MD_ScopeDescription></gmd:levelDescription></gmd:DQ_Scope></gmd:scope><gmd:report><gmd:DQ_CompletenessOmission><gmd:dateTime><gco:DateTime>2012-05-23T00:00:00</gco:DateTime></gmd:dateTime><gmd:result><gmd:DQ_ConformanceResult><gmd:specification><gmd:CI_Citation><gmd:title gco:nilReason="missing"><gco:CharacterString></gco:CharacterString></gmd:title><gmd:date><gmd:CI_Date><gmd:date><gco:Date></gco:Date></gmd:date><gmd:dateType><gmd:CI_DateTypeCode codeList="http://asdd.ga.gov.au/asdd/profileinfo/gmxCodelists.xml#CI_DateTypeCode" codeListValue="publication">publication</gmd:CI_DateTypeCode></gmd:dateType></gmd:CI_Date></gmd:date><gmd:edition gco:nilReason="missing"><gco:CharacterString></gco:CharacterString></gmd:edition></gmd:CI_Citation></gmd:specification><gmd:explanation><gco:CharacterString>Complete for Murray-Darling Basin</gco:CharacterString></gmd:explanation><gmd:pass><gco:Boolean>true</gco:Boolean></gmd:pass></gmd:DQ_ConformanceResult></gmd:result></gmd:DQ_CompletenessOmission></gmd:report></gmd:DQ_DataQuality></gmd:dataQualityInfo><gmd:dataQualityInfo><gmd:DQ_DataQuality><gmd:scope><gmd:DQ_Scope><gmd:level><gmd:MD_ScopeCode codeList="http://asdd.ga.gov.au/asdd/profileinfo/gmxCodelists.xml#MD_ScopeCode" codeListValue="dataset">dataset</gmd:MD_ScopeCode></gmd:level><gmd:levelDescription><gmd:MD_ScopeDescription><gmd:other><gco:CharacterString>dataset</gco:CharacterString></gmd:other></gmd:MD_ScopeDescription></gmd:levelDescription></gmd:DQ_Scope></gmd:scope><gmd:report><gmd:DQ_AbsoluteExternalPositionalAccuracy><gmd:dateTime><gco:DateTime>2012-05-23T00:00:00</gco:DateTime></gmd:dateTime><gmd:result><gmd:DQ_ConformanceResult><gmd:specification><gmd:CI_Citation><gmd:title gco:nilReason="missing"><gco:CharacterString></gco:CharacterString></gmd:title><gmd:date><gmd:CI_Date><gmd:date><gco:Date></gco:Date></gmd:date><gmd:dateType><gmd:CI_DateTypeCode codeList="http://asdd.ga.gov.au/asdd/profileinfo/gmxCodelists.xml#CI_DateTypeCode" codeListValue="publication">publication</gmd:CI_DateTypeCode></gmd:dateType></gmd:CI_Date></gmd:date><gmd:edition gco:nilReason="missing"><gco:CharacterString></gco:CharacterString></gmd:edition></gmd:CI_Citation></gmd:specification><gmd:explanation><gco:CharacterString>The dataset is a composite product and the positional accuracy depends on the source datasets specified under the heading 'Lineage'.
</gco:CharacterString></gmd:explanation><gmd:pass><gco:Boolean>true</gco:Boolean></gmd:pass></gmd:DQ_ConformanceResult></gmd:result></gmd:DQ_AbsoluteExternalPositionalAccuracy></gmd:report></gmd:DQ_DataQuality></gmd:dataQualityInfo><gmd:dataQualityInfo><gmd:DQ_DataQuality><gmd:scope><gmd:DQ_Scope><gmd:level><gmd:MD_ScopeCode codeList="http://asdd.ga.gov.au/asdd/profileinfo/gmxCodelists.xml#MD_ScopeCode" codeListValue="dataset">dataset</gmd:MD_ScopeCode></gmd:level><gmd:levelDescription><gmd:MD_ScopeDescription><gmd:other><gco:CharacterString>dataset</gco:CharacterString></gmd:other></gmd:MD_ScopeDescription></gmd:levelDescription></gmd:DQ_Scope></gmd:scope><gmd:report><gmd:DQ_NonQuantitativeAttributeAccuracy><gmd:dateTime><gco:DateTime>2012-05-23T00:00:00</gco:DateTime></gmd:dateTime><gmd:result><gmd:DQ_ConformanceResult><gmd:specification><gmd:CI_Citation><gmd:title gco:nilReason="missing"><gco:CharacterString></gco:CharacterString></gmd:title><gmd:date><gmd:CI_Date><gmd:date><gco:Date></gco:Date></gmd:date><gmd:dateType><gmd:CI_DateTypeCode codeList="http://asdd.ga.gov.au/asdd/profileinfo/gmxCodelists.xml#CI_DateTypeCode" codeListValue="publication">publication</gmd:CI_DateTypeCode></gmd:dateType></gmd:CI_Date></gmd:date><gmd:edition gco:nilReason="missing"><gco:CharacterString></gco:CharacterString></gmd:edition></gmd:CI_Citation></gmd:specification><gmd:explanation><gco:CharacterString>Attribute information is estimated to be accurate. Feature ID and name were provided to the NRI unit by the respective MDBA program area.  Attribute information is also published in the Basin Plan. Some differences might occur in lower or upper case, hyphen, em dash, and abbreviation of State names.
</gco:CharacterString></gmd:explanation><gmd:pass><gco:Boolean>true</gco:Boolean></gmd:pass></gmd:DQ_ConformanceResult></gmd:result></gmd:DQ_NonQuantitativeAttributeAccuracy></gmd:report></gmd:DQ_DataQuality></gmd:dataQualityInfo><gmd:dataQualityInfo><gmd:DQ_DataQuality><gmd:scope><gmd:DQ_Scope><gmd:level><gmd:MD_ScopeCode codeList="http://asdd.ga.gov.au/asdd/profileinfo/gmxCodelists.xml#MD_ScopeCode" codeListValue="dataset">dataset</gmd:MD_ScopeCode></gmd:level><gmd:levelDescription><gmd:MD_ScopeDescription><gmd:other><gco:CharacterString>dataset</gco:CharacterString></gmd:other></gmd:MD_ScopeDescription></gmd:levelDescription></gmd:DQ_Scope></gmd:scope><gmd:report><gmd:DQ_ConceptualConsistency><gmd:dateTime><gco:DateTime>2016-12-19T00:00:00</gco:DateTime></gmd:dateTime><gmd:result><gmd:DQ_ConformanceResult><gmd:specification><gmd:CI_Citation><gmd:title gco:nilReason="missing"><gco:CharacterString></gco:CharacterString></gmd:title><gmd:date><gmd:CI_Date><gmd:date><gco:Date></gco:Date></gmd:date><gmd:dateType><gmd:CI_DateTypeCode codeList="http://asdd.ga.gov.au/asdd/profileinfo/gmxCodelists.xml#CI_DateTypeCode" codeListValue="publication">publication</gmd:CI_DateTypeCode></gmd:dateType></gmd:CI_Date></gmd:date><gmd:edition gco:nilReason="missing"><gco:CharacterString></gco:CharacterString></gmd:edition></gmd:CI_Citation></gmd:specification><gmd:explanation><gco:CharacterString>All features were topologically checked to verify no overlaps or gaps between features. Basin and State boundaries were aligned to MDB and State boundaries (GEODATA TOPO 250K) provided by SEWPAC and Geoscience Australia respectively.
</gco:CharacterString></gmd:explanation><gmd:pass><gco:Boolean>true</gco:Boolean></gmd:pass></gmd:DQ_ConformanceResult></gmd:result></gmd:DQ_ConceptualConsistency></gmd:report></gmd:DQ_DataQuality></gmd:dataQualityInfo><gmd:dataQualityInfo><gmd:DQ_DataQuality><gmd:scope><gmd:DQ_Scope><gmd:level><gmd:MD_ScopeCode codeList="http://asdd.ga.gov.au/asdd/profileinfo/gmxCodelists.xml#MD_ScopeCode" codeListValue="dataset">dataset</gmd:MD_ScopeCode></gmd:level><gmd:levelDescription><gmd:MD_ScopeDescription><gmd:other><gco:CharacterString>dataset</gco:CharacterString></gmd:other></gmd:MD_ScopeDescription></gmd:levelDescription></gmd:DQ_Scope></gmd:scope><gmd:lineage><gmd:LI_Lineage><gmd:statement><gco:CharacterString>The Water Act (s. 22(1) item 2) requires that boundaries of water resource plan areas must align as far as possible with existing water management boundaries. Accordingly, the Murray–Darling Basin Authority (MDBA) used existing water planning areas as a starting point in the identification of new water resource plan areas. In some cases, existing state planning boundaries have been varied to include, for example, water resources that are not currently covered by water planning areas, or as a result of consultation with Basin states. Hydrologic, geological and hydrogeological units, such as river catchments, geological formations and aquifers, were also used to identify the new boundaries. The surface-water water resource plan areas are largely based on surface-water catchment boundaries, while the groundwater areas are based chiefly on hydrogeological units. This has meant that in most cases, different boundaries have been needed for surface water and groundwater.

As the individual Basin states are responsible for developing water resource plans, each water resource plan area is wholly contained within a single Basin state. The Basin states will be required to report to MDBA on compliance with diversion limits in each water resource plan area within four months of the end of a standard water accounting period (1 July to 30 June), providing consistency across the Basin for compliance reporting, and aligning arrangements across the Basin with the National Water Accounts reporting period.

The following data has been used to create the water resource plan areas for surface water:

Queensland:
Queensland’s Water Resource Planning Area (as contained in the data files titled: QLD_WATERRESPLANBDY_100K.dbf, QLD_WATERRESPLANBDY_100K.prj, QLD_WATERRESPLANBDY_100K.sbn, QLD_WATERRESPLANBDY_100K.sbx, QLD_WATERRESPLANBDY_100K.shp, QLD_WATERRESPLANBDY_100K.shx) provided by the State of Queensland (Department of Environment and Resource Management)

New South Wales:
- Surface water planning areas (water sharing plans) (as contained in the data files titled: SurfaceWaterWSP.dbf, SurfaceWaterWSP.prj, SurfaceWaterWSP.sbn, SurfaceWaterWSP.sbx, SurfaceWaterWSP.shp, SurfaceWaterWSP.shx) provided by the State of New South Wales (Department of Environment, Climate Change and Water).
- Adjusted SDL resource unit boundaries contained in the data file titled NOW_SDL.gdb provided by the State of New South Wales (NSW Office of Water, Primary Industries) 
- Digital Cadastral Database (DCDB) provided by the State of New South Wales (NSW Spatial Services)

Victoria:
Northern Region SWS Boundary and Western Region SWS Boundary datasets provided by the State of Victoria (Department of Sustainability and Environment).

South Australia:
Prescribed water resources provided by the State of South Australia (Department of Water, Land and Biodiversity Conservation). Following are the original dataset provided to MDBA:
- PrescribedWaterResourceAreas.dbf, PrescribedWaterResourceAreas.prj, PrescribedWaterResourceAreas.sbn, PrescribedWaterResourceAreas.sbx, PrescribedWaterResourceAreas.shp, PrescribedWaterResourceAreas.shx
- PrescribedWatercourses.dbf, PrescribedWatercourses.prj, PrescribedWatercourses.sbn, PrescribedWatercourses.sbx, PrescribedWatercourses.shp, PrescribedWatercourses.shx
- PrescribedWells.dbf, PrescribedWells.prj, PrescribedWells.sbn, PrescribedWells.sbx, PrescribedWells.shp, PrescribedWells.shx

All of Murray-Darling Basin:
GEODATA TOPO 250K Series 3 Topographic Data provided by Geoscience Australia

Murray-Darling Basin Boundary defined under the Water Act 2007 (Commonwealth) held by Murray-Darling Basin Authority with reference SFA506
</gco:CharacterString></gmd:statement></gmd:LI_Lineage></gmd:lineage></gmd:DQ_DataQuality></gmd:dataQualityInfo><dataIdInfo><envirDesc Sync="TRUE"> Version 6.2 (Build 9200) ; Esri ArcGIS 10.5.1.7333</envirDesc><dataLang><languageCode value="eng" Sync="TRUE"></languageCode><countryCode value="AUS" Sync="TRUE"></countryCode></dataLang><idCitation><resTitle Sync="TRUE">Surface Water Water Resource Plan Areas</resTitle><presForm><PresFormCd value="005" Sync="TRUE"></PresFormCd></presForm></idCitation><spatRpType><SpatRepTypCd value="001" Sync="TRUE"></SpatRepTypCd></spatRpType><dataExt><geoEle><GeoBndBox esriExtentType="search"><exTypeCode Sync="TRUE">1</exTypeCode><westBL Sync="TRUE">138.568467</westBL><eastBL Sync="TRUE">152.488546</eastBL><northBL Sync="TRUE">-24.585618</northBL><southBL Sync="TRUE">-37.682084</southBL></GeoBndBox></geoEle></dataExt></dataIdInfo><mdLang><languageCode value="eng" Sync="TRUE"></languageCode><countryCode value="AUS" Sync="TRUE"></countryCode></mdLang><Esri><DataProperties><itemProps><itemName Sync="TRUE">Surface Water Water Resource Plan Areas</itemName><imsContentType Sync="TRUE">002</imsContentType><nativeExtBox><westBL Sync="TRUE">138.568467</westBL><eastBL Sync="TRUE">152.488546</eastBL><southBL Sync="TRUE">-37.682084</southBL><northBL Sync="TRUE">-24.585618</northBL><exTypeCode Sync="TRUE">1</exTypeCode></nativeExtBox><itemSize Sync="TRUE">0.000</itemSize><itemLocation><linkage Sync="TRUE">file://\\prod.local\storage\gis_data\Working\ADHOC\Jobs\J4491\DataOutputs\Corrected Apr 2019\Surface Water Water Resource Plan Areas.shp</linkage><protocol Sync="TRUE">Local Area Network</protocol></itemLocation></itemProps><coordRef><type Sync="TRUE">Geographic</type><geogcsn Sync="TRUE">GCS_GDA_1994</geogcsn><csUnits Sync="TRUE">Angular Unit: Degree (0.017453)</csUnits><peXml Sync="TRUE">&lt;GeographicCoordinateSystem xsi:type='typens:GeographicCoordinateSystem' xmlns:xsi='http://www.w3.org/2001/XMLSchema-instance' xmlns:xs='http://www.w3.org/2001/XMLSchema' xmlns:typens='http://www.esri.com/schemas/ArcGIS/10.5'&gt;&lt;WKT&gt;GEOGCS[&amp;quot;GCS_GDA_1994&amp;quot;,DATUM[&amp;quot;D_GDA_1994&amp;quot;,SPHEROID[&amp;quot;GRS_1980&amp;quot;,6378137.0,298.257222101]],PRIMEM[&amp;quot;Greenwich&amp;quot;,0.0],UNIT[&amp;quot;Degree&amp;quot;,0.0174532925199433],AUTHORITY[&amp;quot;EPSG&amp;quot;,4283]]&lt;/WKT&gt;&lt;XOrigin&gt;-400&lt;/XOrigin&gt;&lt;YOrigin&gt;-400&lt;/YOrigin&gt;&lt;XYScale&gt;11258999068426.238&lt;/XYScale&gt;&lt;ZOrigin&gt;-100000&lt;/ZOrigin&gt;&lt;ZScale&gt;10000&lt;/ZScale&gt;&lt;MOrigin&gt;-100000&lt;/MOrigin&gt;&lt;MScale&gt;10000&lt;/MScale&gt;&lt;XYTolerance&gt;8.9831528411952133e-009&lt;/XYTolerance&gt;&lt;ZTolerance&gt;0.001&lt;/ZTolerance&gt;&lt;MTolerance&gt;0.001&lt;/MTolerance&gt;&lt;HighPrecision&gt;true&lt;/HighPrecision&gt;&lt;LeftLongitude&gt;-180&lt;/LeftLongitude&gt;&lt;WKID&gt;4283&lt;/WKID&gt;&lt;LatestWKID&gt;4283&lt;/LatestWKID&gt;&lt;/GeographicCoordinateSystem&gt;</peXml></coordRef><lineage><Process ToolSource="c:\program files (x86)\arcgis\desktop10.2\ArcToolbox\Toolboxes\Conversion Tools.tbx\FeatureClassToFeatureClass" Date="20161222" Time="155426">FeatureClassToFeatureClass S:\Working\ADHOC\Jobs\J4110\Output\ExportNSW20161219\SWWRP_RevisedDraft_Dec2016.shp "Database Connections\Connection to sdesq01 NRI_ADHOC_2013 as nridbo.sde\NRI_ADHOC_2013.NRIDBO.J4110" SW_WRPA_UPDATE_CHECKED_DEC_2016 # "OBJECTID "OBJECTID" true true false 9 Long 0 9 ,First,#,S:\Working\ADHOC\Jobs\J4110\Output\ExportNSW20161219\SWWRP_RevisedDraft_Dec2016.shp,OBJECTID,-1,-1;SWWRPANAME "SWWRPANAME" true true false 50 Text 0 0 ,First,#,S:\Working\ADHOC\Jobs\J4110\Output\ExportNSW20161219\SWWRP_RevisedDraft_Dec2016.shp,WRPA,-1,-1;STATE "STATE" true true false 3 Text 0 0 ,First,#,S:\Working\ADHOC\Jobs\J4110\Output\ExportNSW20161219\SWWRP_RevisedDraft_Dec2016.shp,STATE,-1,-1;SWWRPACODE "SWWRPACODE" true true false 4 Text 0 0 ,First,#,S:\Working\ADHOC\Jobs\J4110\Output\ExportNSW20161219\SWWRP_RevisedDraft_Dec2016.shp,SWWRPACODE,-1,-1" #</Process><Process ToolSource="c:\program files (x86)\arcgis\desktop10.5\ArcToolbox\Toolboxes\Conversion Tools.tbx\FeatureClassToFeatureClass" Date="20171117" Time="163258">FeatureClassToFeatureClass "Database Connections\Connection to NRI_ADHOC_2013 as nridbo.sde\NRI_ADHOC_2013.NRIDBO.J4110\NRI_ADHOC_2013.NRIDBO.SW_WRPA_UPDATE_CHECKED_DEC_2016" S:\Working\ADHOC\Jobs\J4110\DataOutputs\Metadata_November_2017 sw_wrpa_nov.shp # "OBJECTID "OBJECTID" true true false 4 Long 0 10 ,First,#,Database Connections\Connection to NRI_ADHOC_2013 as nridbo.sde\NRI_ADHOC_2013.NRIDBO.J4110\NRI_ADHOC_2013.NRIDBO.SW_WRPA_UPDATE_CHECKED_DEC_2016,OBJECTID,-1,-1;SWWRPANAME "SWWRPANAME" true true false 50 Text 0 0 ,First,#,Database Connections\Connection to NRI_ADHOC_2013 as nridbo.sde\NRI_ADHOC_2013.NRIDBO.J4110\NRI_ADHOC_2013.NRIDBO.SW_WRPA_UPDATE_CHECKED_DEC_2016,SWWRPANAME,-1,-1;STATE "STATE" true true false 3 Text 0 0 ,First,#,Database Connections\Connection to NRI_ADHOC_2013 as nridbo.sde\NRI_ADHOC_2013.NRIDBO.J4110\NRI_ADHOC_2013.NRIDBO.SW_WRPA_UPDATE_CHECKED_DEC_2016,STATE,-1,-1;SWWRPACODE "SWWRPACODE" true true false 4 Text 0 0 ,First,#,Database Connections\Connection to NRI_ADHOC_2013 as nridbo.sde\NRI_ADHOC_2013.NRIDBO.J4110\NRI_ADHOC_2013.NRIDBO.SW_WRPA_UPDATE_CHECKED_DEC_2016,SWWRPACODE,-1,-1;Shape_area "Shape_area" false false true 0 Double 0 0 ,First,#,Database Connections\Connection to NRI_ADHOC_2013 as nridbo.sde\NRI_ADHOC_2013.NRIDBO.J4110\NRI_ADHOC_2013.NRIDBO.SW_WRPA_UPDATE_CHECKED_DEC_2016,Shape.area,-1,-1;Shape_len "Shape_len" false false true 0 Double 0 0 ,First,#,Database Connections\Connection to NRI_ADHOC_2013 as nridbo.sde\NRI_ADHOC_2013.NRIDBO.J4110\NRI_ADHOC_2013.NRIDBO.SW_WRPA_UPDATE_CHECKED_DEC_2016,Shape.len,-1,-1" #</Process><Process ToolSource="c:\program files (x86)\arcgis\desktop10.5\ArcToolbox\Toolboxes\Conversion Tools.tbx\FeatureClassToFeatureClass" Date="20171120" Time="103951">FeatureClassToFeatureClass "Database Connections\Connection to NRI_ADHOC_2013 as nridbo.sde\NRI_ADHOC_2013.NRIDBO.J4110\NRI_ADHOC_2013.NRIDBO.SW_WRPA_UPDATE_CHECKED_DEC_2016" "S:\Working\ADHOC\Jobs\J4110\DataOutputs\Release November 2017\SW WRPA" sw_wrpa.shp # "OBJECTID "OBJECTID" true true false 4 Long 0 10 ,First,#,Database Connections\Connection to NRI_ADHOC_2013 as nridbo.sde\NRI_ADHOC_2013.NRIDBO.J4110\NRI_ADHOC_2013.NRIDBO.SW_WRPA_UPDATE_CHECKED_DEC_2016,OBJECTID,-1,-1;SWWRPANAME "SWWRPANAME" true true false 50 Text 0 0 ,First,#,Database Connections\Connection to NRI_ADHOC_2013 as nridbo.sde\NRI_ADHOC_2013.NRIDBO.J4110\NRI_ADHOC_2013.NRIDBO.SW_WRPA_UPDATE_CHECKED_DEC_2016,SWWRPANAME,-1,-1;STATE "STATE" true true false 3 Text 0 0 ,First,#,Database Connections\Connection to NRI_ADHOC_2013 as nridbo.sde\NRI_ADHOC_2013.NRIDBO.J4110\NRI_ADHOC_2013.NRIDBO.SW_WRPA_UPDATE_CHECKED_DEC_2016,STATE,-1,-1;SWWRPACODE "SWWRPACODE" true true false 4 Text 0 0 ,First,#,Database Connections\Connection to NRI_ADHOC_2013 as nridbo.sde\NRI_ADHOC_2013.NRIDBO.J4110\NRI_ADHOC_2013.NRIDBO.SW_WRPA_UPDATE_CHECKED_DEC_2016,SWWRPACODE,-1,-1;Shape_area "Shape_area" false false true 0 Double 0 0 ,First,#,Database Connections\Connection to NRI_ADHOC_2013 as nridbo.sde\NRI_ADHOC_2013.NRIDBO.J4110\NRI_ADHOC_2013.NRIDBO.SW_WRPA_UPDATE_CHECKED_DEC_2016,Shape.area,-1,-1;Shape_len "Shape_len" false false true 0 Double 0 0 ,First,#,Database Connections\Connection to NRI_ADHOC_2013 as nridbo.sde\NRI_ADHOC_2013.NRIDBO.J4110\NRI_ADHOC_2013.NRIDBO.SW_WRPA_UPDATE_CHECKED_DEC_2016,Shape.len,-1,-1" #</Process><Process ToolSource="c:\program files (x86)\arcgis\desktop10.5\ArcToolbox\Toolboxes\Conversion Tools.tbx\FeatureClassToFeatureClass" Date="20180705" Time="153435">FeatureClassToFeatureClass "S:\Working\ADHOC\Jobs\J4110\DataOutputs\Release November 2017\SW WRPA\Murray-Darling Basin Water Resource Plan Areas - Surface Water.shp" "Database Connections\Connection to NRI_ADHOC_2013 as nridbo.sde\NRI_ADHOC_2013.NRIDBO.J3763_BASIN_PLAN_CURRENT_DATA" SWWRPA_FROM_14NOVEMBER2017_J4110 # "OBJECTID "OBJECTID" true true false 10 Long 0 10 ,First,#,S:\Working\ADHOC\Jobs\J4110\DataOutputs\Release November 2017\SW WRPA\Murray-Darling Basin Water Resource Plan Areas - Surface Water.shp,OBJECTID,-1,-1;SWWRPANAME "SWWRPANAME" true true false 50 Text 0 0 ,First,#,S:\Working\ADHOC\Jobs\J4110\DataOutputs\Release November 2017\SW WRPA\Murray-Darling Basin Water Resource Plan Areas - Surface Water.shp,SWWRPANAME,-1,-1;STATE "STATE" true true false 3 Text 0 0 ,First,#,S:\Working\ADHOC\Jobs\J4110\DataOutputs\Release November 2017\SW WRPA\Murray-Darling Basin Water Resource Plan Areas - Surface Water.shp,STATE,-1,-1;SWWRPACODE "SWWRPACODE" true true false 4 Text 0 0 ,First,#,S:\Working\ADHOC\Jobs\J4110\DataOutputs\Release November 2017\SW WRPA\Murray-Darling Basin Water Resource Plan Areas - Surface Water.shp,SWWRPACODE,-1,-1;Shape_area "Shape_area" true true false 19 Double 0 0 ,First,#,S:\Working\ADHOC\Jobs\J4110\DataOutputs\Release November 2017\SW WRPA\Murray-Darling Basin Water Resource Plan Areas - Surface Water.shp,Shape_area,-1,-1;Shape_len "Shape_len" true true false 19 Double 0 0 ,First,#,S:\Working\ADHOC\Jobs\J4110\DataOutputs\Release November 2017\SW WRPA\Murray-Darling Basin Water Resource Plan Areas - Surface Water.shp,Shape_len,-1,-1" #</Process><Process ToolSource="c:\program files (x86)\arcgis\desktop10.5\ArcToolbox\Toolboxes\Conversion Tools.tbx\FeatureClassToFeatureClass" Date="20181108" Time="165108">FeatureClassToFeatureClass S:\Working\ADHOC\Jobs\J4452\Working\act_murrumbidgee.gdb\swwrpa_correction "S:\Working\ADHOC\Jobs\J4452\DataOutputs\Update November 2018" "Surface Water Water Resource Plan Areas.shp" # "SWWRPANAME "SWWRPANAME" true true false 50 Text 0 0 ,First,#,S:\Working\ADHOC\Jobs\J4452\Working\act_murrumbidgee.gdb\swwrpa_correction,SWWRPANAME,-1,-1;SWWRPACODE "SWWRPACODE" true true false 4 Text 0 0 ,First,#,S:\Working\ADHOC\Jobs\J4452\Working\act_murrumbidgee.gdb\swwrpa_correction,SWWRPACODE,-1,-1;STATE "STATE" true true false 3 Text 0 0 ,First,#,S:\Working\ADHOC\Jobs\J4452\Working\act_murrumbidgee.gdb\swwrpa_correction,STATE,-1,-1" #</Process><Process ToolSource="c:\program files (x86)\arcgis\desktop10.5\ArcToolbox\Toolboxes\Conversion Tools.tbx\FeatureClassToFeatureClass" Date="20190102" Time="093316">FeatureClassToFeatureClass S:\Working\ADHOC\Jobs\J4452\DataOutputs\update.gdb\swwrpa_correction "Database Connections\Connection to NRI_ADHOC_2013 as nridbo.sde\NRI_ADHOC_2013.NRIDBO.J3763_BASIN_PLAN_CURRENT_DATA" SWWRPA_FROM_3DECEMBER2018_J4452 # "SWWRPANAME "SWWRPANAME" true true false 50 Text 0 0 ,First,#,S:\Working\ADHOC\Jobs\J4452\DataOutputs\update.gdb\swwrpa_correction,SWWRPANAME,-1,-1;SWWRPACODE "SWWRPACODE" true true false 4 Text 0 0 ,First,#,S:\Working\ADHOC\Jobs\J4452\DataOutputs\update.gdb\swwrpa_correction,SWWRPACODE,-1,-1;STATE "STATE" true true false 3 Text 0 0 ,First,#,S:\Working\ADHOC\Jobs\J4452\DataOutputs\update.gdb\swwrpa_correction,STATE,-1,-1;Shape_Length "Shape_Length" false true true 8 Double 0 0 ,First,#,S:\Working\ADHOC\Jobs\J4452\DataOutputs\update.gdb\swwrpa_correction,Shape_Length,-1,-1;Shape_Area "Shape_Area" false true true 8 Double 0 0 ,First,#,S:\Working\ADHOC\Jobs\J4452\DataOutputs\update.gdb\swwrpa_correction,Shape_Area,-1,-1" #</Process><Process ToolSource="c:\program files (x86)\arcgis\desktop10.5\ArcToolbox\Toolboxes\Conversion Tools.tbx\FeatureClassToFeatureClass" Date="20190220" Time="152810">FeatureClassToFeatureClass "Database Connections\Connection to NRI_ADHOC_2013 as nridbo.sde\NRI_ADHOC_2013.NRIDBO.J3763_BASIN_PLAN_CURRENT_DATA\NRI_ADHOC_2013.NRIDBO.SWWRPA_FROM_3DECEMBER2018_J4452" S:\Working\ADHOC\Jobs\J4491\DataOutputs\j4491_corrections.gdb swwrpa_correction # "SWWRPANAME "SWWRPANAME" true true false 50 Text 0 0 ,First,#,Database Connections\Connection to NRI_ADHOC_2013 as nridbo.sde\NRI_ADHOC_2013.NRIDBO.J3763_BASIN_PLAN_CURRENT_DATA\NRI_ADHOC_2013.NRIDBO.SWWRPA_FROM_3DECEMBER2018_J4452,SWWRPANAME,-1,-1;SWWRPACODE "SWWRPACODE" true true false 4 Text 0 0 ,First,#,Database Connections\Connection to NRI_ADHOC_2013 as nridbo.sde\NRI_ADHOC_2013.NRIDBO.J3763_BASIN_PLAN_CURRENT_DATA\NRI_ADHOC_2013.NRIDBO.SWWRPA_FROM_3DECEMBER2018_J4452,SWWRPACODE,-1,-1;STATE "STATE" true true false 3 Text 0 0 ,First,#,Database Connections\Connection to NRI_ADHOC_2013 as nridbo.sde\NRI_ADHOC_2013.NRIDBO.J3763_BASIN_PLAN_CURRENT_DATA\NRI_ADHOC_2013.NRIDBO.SWWRPA_FROM_3DECEMBER2018_J4452,STATE,-1,-1;Shape_area "Shape_area" false false true 0 Double 0 0 ,First,#,Database Connections\Connection to NRI_ADHOC_2013 as nridbo.sde\NRI_ADHOC_2013.NRIDBO.J3763_BASIN_PLAN_CURRENT_DATA\NRI_ADHOC_2013.NRIDBO.SWWRPA_FROM_3DECEMBER2018_J4452,Shape.area,-1,-1;Shape_len "Shape_len" false false true 0 Double 0 0 ,First,#,Database Connections\Connection to NRI_ADHOC_2013 as nridbo.sde\NRI_ADHOC_2013.NRIDBO.J3763_BASIN_PLAN_CURRENT_DATA\NRI_ADHOC_2013.NRIDBO.SWWRPA_FROM_3DECEMBER2018_J4452,Shape.len,-1,-1" #</Process><Process ToolSource="c:\program files (x86)\arcgis\desktop10.5\ArcToolbox\Toolboxes\Conversion Tools.tbx\FeatureClassToFeatureClass" Date="20190415" Time="130235">FeatureClassToFeatureClass S:\Working\ADHOC\Jobs\J4491\DataOutputs\j4491_corrections.gdb\swwrpa_correction "Database Connections\Connection to NRI_ADHOC_2013 as nridbo.sde\NRI_ADHOC_2013.NRIDBO.J3763_BASIN_PLAN_CURRENT_DATA" SWWRPA_FROM_15APRIL2019_J4491 # "SWWRPANAME "SWWRPANAME" true true false 50 Text 0 0 ,First,#,S:\Working\ADHOC\Jobs\J4491\DataOutputs\j4491_corrections.gdb\swwrpa_correction,SWWRPANAME,-1,-1;SWWRPACODE "SWWRPACODE" true true false 4 Text 0 0 ,First,#,S:\Working\ADHOC\Jobs\J4491\DataOutputs\j4491_corrections.gdb\swwrpa_correction,SWWRPACODE,-1,-1;STATE "STATE" true true false 3 Text 0 0 ,First,#,S:\Working\ADHOC\Jobs\J4491\DataOutputs\j4491_corrections.gdb\swwrpa_correction,STATE,-1,-1;Shape_Length "Shape_Length" false true true 8 Double 0 0 ,First,#,S:\Working\ADHOC\Jobs\J4491\DataOutputs\j4491_corrections.gdb\swwrpa_correction,Shape_Length,-1,-1;Shape_Area "Shape_Area" false true true 8 Double 0 0 ,First,#,S:\Working\ADHOC\Jobs\J4491\DataOutputs\j4491_corrections.gdb\swwrpa_correction,Shape_Area,-1,-1" #</Process><Process ToolSource="c:\program files (x86)\arcgis\desktop10.5\ArcToolbox\Toolboxes\Conversion Tools.tbx\FeatureClassToFeatureClass" Date="20190415" Time="131142">FeatureClassToFeatureClass "Database Connections\Connection to NRI_ADHOC_2013 as nridbo.sde\NRI_ADHOC_2013.NRIDBO.J3763_BASIN_PLAN_CURRENT_DATA\NRI_ADHOC_2013.NRIDBO.SWWRPA_FROM_15APRIL2019_J4491" "S:\Working\ADHOC\Jobs\J4491\DataOutputs\Corrected Apr 2019" "Surface Water Water Resource Plan Areas.shp" # "SWWRPANAME "SWWRPANAME" true true false 50 Text 0 0 ,First,#,Database Connections\Connection to NRI_ADHOC_2013 as nridbo.sde\NRI_ADHOC_2013.NRIDBO.J3763_BASIN_PLAN_CURRENT_DATA\NRI_ADHOC_2013.NRIDBO.SWWRPA_FROM_15APRIL2019_J4491,SWWRPANAME,-1,-1;SWWRPACODE "SWWRPACODE" true true false 4 Text 0 0 ,First,#,Database Connections\Connection to NRI_ADHOC_2013 as nridbo.sde\NRI_ADHOC_2013.NRIDBO.J3763_BASIN_PLAN_CURRENT_DATA\NRI_ADHOC_2013.NRIDBO.SWWRPA_FROM_15APRIL2019_J4491,SWWRPACODE,-1,-1;STATE "STATE" true true false 3 Text 0 0 ,First,#,Database Connections\Connection to NRI_ADHOC_2013 as nridbo.sde\NRI_ADHOC_2013.NRIDBO.J3763_BASIN_PLAN_CURRENT_DATA\NRI_ADHOC_2013.NRIDBO.SWWRPA_FROM_15APRIL2019_J4491,STATE,-1,-1" #</Process></lineage></DataProperties><SyncDate>20190415</SyncDate><SyncTime>13113200</SyncTime><ModDate>20190415</ModDate><ModTime>13113200</ModTime><CreaDate>20181003</CreaDate><CreaTime>09344200</CreaTime><ArcGISFormat>1.0</ArcGISFormat><SyncOnce>FALSE</SyncOnce></Esri><distInfo><distFormat><formatName Sync="TRUE">Shapefile</formatName></distFormat><distTranOps><transSize Sync="TRUE">0.000</transSize></distTranOps></distInfo><mdHrLv><ScopeCd value="005" Sync="TRUE"></ScopeCd></mdHrLv><mdHrLvName Sync="TRUE">dataset</mdHrLvName><refSysInfo><RefSystem><refSysID><identCode code="4283" Sync="TRUE"></identCode><idCodeSpace Sync="TRUE">EPSG</idCodeSpace><idVersion Sync="TRUE">8.3.4(3.0.1)</idVersion></refSysID></RefSystem></refSysInfo><spatRepInfo><VectSpatRep><geometObjs Name="Surface Water Water Resource Plan Areas"><geoObjTyp><GeoObjTypCd value="002" Sync="TRUE"></GeoObjTypCd></geoObjTyp><geoObjCnt Sync="TRUE">0</geoObjCnt></geometObjs><topLvl><TopoLevCd value="001" Sync="TRUE"></TopoLevCd></topLvl></VectSpatRep></spatRepInfo><spdoinfo><ptvctinf><esriterm Name="Surface Water Water Resource Plan Areas"><efeatyp Sync="TRUE">Simple</efeatyp><efeageom code="4" Sync="TRUE"></efeageom><esritopo Sync="TRUE">FALSE</esritopo><efeacnt Sync="TRUE">0</efeacnt><spindex Sync="TRUE">FALSE</spindex><linrefer Sync="TRUE">FALSE</linrefer></esriterm></ptvctinf></spdoinfo><eainfo><detailed Name="Surface Water Water Resource Plan Areas"><enttyp><enttypl Sync="TRUE">Surface Water Water Resource Plan Areas</enttypl><enttypt Sync="TRUE">Feature Class</enttypt><enttypc Sync="TRUE">0</enttypc></enttyp><attr><attrlabl Sync="TRUE">FID</attrlabl><attalias Sync="TRUE">FID</attalias><attrtype Sync="TRUE">OID</attrtype><attwidth Sync="TRUE">4</attwidth><atprecis Sync="TRUE">0</atprecis><attscale Sync="TRUE">0</attscale><attrdef Sync="TRUE">Internal feature number.</attrdef><attrdefs Sync="TRUE">Esri</attrdefs><attrdomv><udom Sync="TRUE">Sequential unique whole numbers that are automatically generated.</udom></attrdomv></attr><attr><attrlabl Sync="TRUE">Shape</attrlabl><attalias Sync="TRUE">Shape</attalias><attrtype Sync="TRUE">Geometry</attrtype><attwidth Sync="TRUE">0</attwidth><atprecis Sync="TRUE">0</atprecis><attscale Sync="TRUE">0</attscale><attrdef Sync="TRUE">Feature geometry.</attrdef><attrdefs Sync="TRUE">Esri</attrdefs><attrdomv><udom Sync="TRUE">Coordinates defining the features.</udom></attrdomv></attr><attr><attrlabl Sync="TRUE">SWWRPANAME</attrlabl><attalias Sync="TRUE">SWWRPANAME</attalias><attrtype Sync="TRUE">String</attrtype><attwidth Sync="TRUE">50</attwidth><atprecis Sync="TRUE">0</atprecis><attscale Sync="TRUE">0</attscale></attr><attr><attrlabl Sync="TRUE">STATE</attrlabl><attalias Sync="TRUE">STATE</attalias><attrtype Sync="TRUE">String</attrtype><attwidth Sync="TRUE">3</attwidth><atprecis Sync="TRUE">0</atprecis><attscale Sync="TRUE">0</attscale></attr><attr><attrlabl Sync="TRUE">SWWRPACODE</attrlabl><attalias Sync="TRUE">SWWRPACODE</attalias><attrtype Sync="TRUE">String</attrtype><attwidth Sync="TRUE">4</attwidth><atprecis Sync="TRUE">0</atprecis><attscale Sync="TRUE">0</attscale></attr></detailed></eainfo><mdDateSt Sync="TRUE">20190415</mdDateSt></gmd:MD_Metadata>
