CPS,Indicator,Start Time,End Time,Var,Trigger,Area (km2),Total Area (km2)
Macroinvertebrates,Water depth and salinity,01-04-2020,01-10-2020,SAL,25,39.5668,213.52290
Macroinvertebrates,Water depth and salinity,01-10-2020,01-04-2021,SAL,25,55.1254,213.52290
Macroinvertebrates,Water depth and salinity,01-04-2020,01-10-2020,SAL,50,106.8917,213.52290
Macroinvertebrates,Water depth and salinity,01-10-2020,01-04-2021,SAL,50,85.5453,213.52290
Macroinvertebrates,Water depth and salinity,01-04-2020,01-10-2020,SAL,105,186.4531,213.52290
Macroinvertebrates,Water depth and salinity,01-10-2020,01-04-2021,SAL,105,169.6460,213.52290
