X,Y,distance_from_Goolwa
301437.216,6066428.013,0
301486.514,6066419.666,50
301535.77,6066411.076,100
301584.984,6066402.242,150
301634.153,6066393.164,200
301683.276,6066383.843,250
301732.353,6066374.28,300
301781.382,6066364.473,350
301830.362,6066354.423,400
301879.291,6066344.132,450
301928.169,6066333.598,500
301976.994,6066322.822,550
302025.765,6066311.805,600
302074.481,6066300.547,650
302123.14,6066289.047,700
302171.742,6066277.307,750
302220.286,6066265.327,800
302268.769,6066253.106,850
302317.192,6066240.645,900
302365.552,6066227.945,950
302413.848,6066215.005,1000
302462.08,6066201.827,1050
302510.246,6066188.41,1100
302558.346,6066174.755,1150
302606.377,6066160.861,1200
302654.338,6066146.731,1250
302702.229,6066132.363,1300
302750.049,6066117.758,1350
302797.795,6066102.916,1400
302845.467,6066087.838,1450
302893.065,6066072.525,1500
302940.818,6066057.734,1550
302988.845,6066043.828,1600
303036.789,6066029.636,1650
303084.647,6066015.161,1700
303132.419,6066000.401,1750
303180.103,6065985.358,1800
303227.696,6065970.033,1850
303275.197,6065954.425,1900
303322.605,6065938.535,1950
303369.918,6065922.364,2000
303417.134,6065905.913,2050
303464.251,6065889.182,2100
303511.269,6065872.171,2150
303558.184,6065854.882,2200
303604.996,6065837.314,2250
303651.703,6065819.469,2300
303698.303,6065801.346,2350
303744.795,6065782.948,2400
303791.177,6065764.274,2450
303837.447,6065745.324,2500
303883.604,6065726.101,2550
303929.646,6065706.604,2600
303975.571,6065686.833,2650
304021.535,6065667.159,2700
304067.621,6065647.764,2750
304113.57,6065628.051,2800
304159.382,6065608.02,2850
304205.054,6065587.671,2900
304250.584,6065567.007,2950
304295.97,6065546.027,3000
304341.209,6065524.733,3050
304386.299,6065503.127,3100
304431.238,6065481.208,3150
304476.025,6065458.978,3200
304520.656,6065436.438,3250
304565.13,6065413.59,3300
304609.445,6065390.434,3350
304653.598,6065366.971,3400
304697.423,6065342.905,3450
304740.562,6065317.63,3500
304782.982,6065291.164,3550
304824.649,6065263.529,3600
304865.532,6065234.747,3650
304905.598,6065204.838,3700
304944.818,6065173.827,3750
304983.159,6065141.737,3800
305020.594,6065108.594,3850
305057.092,6065074.422,3900
305092.626,6065039.249,3950
305127.169,6065003.101,4000
305160.692,6064966.006,4050
305193.171,6064927.994,4100
305224.581,6064889.093,4150
305254.897,6064849.334,4200
305284.095,6064808.747,4250
305312.153,6064767.364,4300
305338.455,6064724.846,4350
305366.259,6064683.293,4400
305395.732,6064642.908,4450
305426.825,6064603.756,4500
305459.488,6064565.903,4550
305493.665,6064529.413,4600
305529.3,6064494.344,4650
305566.334,6064460.757,4700
305604.706,6064428.705,4750
305644.351,6064398.244,4800
305685.204,6064369.422,4850
305727.197,6064342.288,4900
305770.26,6064316.887,4950
305814.322,6064293.262,5000
305859.31,6064271.451,5050
305906.228,6064254.179,5100
305953.717,6064238.542,5150
306001.704,6064224.507,5200
306050.135,6064212.089,5250
306098.955,6064201.303,5300
306148.11,6064192.16,5350
306197.544,6064184.672,5400
306247.201,6064178.847,5450
306297.026,6064174.69,5500
306346.962,6064172.207,5550
306396.953,6064171.401,5600
306446.943,6064172.272,5650
306496.875,6064174.82,5700
306546.695,6064179.041,5750
306596.34,6064184.966,5800
306646.075,6064190.074,5850
306695.968,6064193.305,5900
306745.946,6064194.655,5950
306795.941,6064194.122,6000
306845.879,6064191.706,6050
306895.692,6064187.412,6100
306945.307,6064181.245,6150
306994.655,6064173.214,6200
307043.665,6064163.331,6250
307092.269,6064151.609,6300
307140.396,6064138.065,6350
307187.98,6064122.718,6400
307234.951,6064105.59,6450
307281.245,6064086.706,6500
307326.886,6064066.296,6550
307371.542,6064043.815,6600
307415.072,6064019.226,6650
307457.378,6063992.586,6700
307498.363,6063963.955,6750
307537.934,6063933.398,6800
307575.999,6063900.985,6850
307612.472,6063866.791,6900
307647.269,6063830.893,6950
307680.312,6063793.374,7000
307711.524,6063754.318,7050
307740.835,6063713.816,7100
307767.851,6063671.754,7150
307794.239,6063629.285,7200
307820.697,6063586.859,7250
307847.225,6063544.476,7300
307875.617,6063503.332,7350
307904.414,6063462.458,7400
307934.932,6063422.973,7450
307968.846,6063386.233,7500
308002.76,6063349.493,7550
308049.858,6063335.506,7600
308098.598,6063324.353,7650
308147.339,6063313.201,7700
308196.079,6063302.049,7750
308244.819,6063290.896,7800
308289.975,6063272.851,7850
308327.095,6063239.353,7900
308364.215,6063205.854,7950
308401.334,6063172.356,8000
308438.454,6063138.858,8050
308476.367,6063106.35,8100
308517.866,6063078.466,8150
308560.476,6063052.313,8200
308604.127,6063027.936,8250
308648.744,6063005.376,8300
308694.252,6062984.671,8350
308740.573,6062965.856,8400
308787.629,6062948.963,8450
308835.34,6062934.021,8500
308883.626,6062921.055,8550
308932.405,6062910.087,8600
308981.594,6062901.135,8650
309031.109,6062894.215,8700
309080.867,6062889.339,8750
309130.784,6062886.514,8800
309180.774,6062885.746,8850
309230.754,6062887.036,8900
309280.638,6062890.381,8950
309330.343,6062895.777,9000
309379.783,6062903.213,9050
309428.876,6062912.677,9100
309478.608,6062917.334,9150
309528.594,6062917.705,9200
309578.465,6062914.282,9250
309627.932,6062907.084,9300
309676.71,6062896.153,9350
309724.518,6062881.551,9400
309771.08,6062863.364,9450
309816.127,6062841.695,9500
309859.401,6062816.671,9550
309900.65,6062788.434,9600
309940.257,6062757.919,9650
309979.247,6062726.619,9700
310017.624,6062694.571,9750
310055.376,6062661.787,9800
310092.486,6062628.28,9850
310128.943,6062594.062,9900
310164.731,6062559.146,9950
310199.837,6062523.545,10000
310234.25,6062487.272,10050
310267.955,6062450.341,10100
310300.939,6062412.766,10150
310333.192,6062374.56,10200
310364.7,6062335.738,10250
310399.782,6062300.197,10300
310436.467,6062266.226,10350
310473.97,6062233.16,10400
310512.27,6062201.02,10450
310551.344,6062169.824,10500
310591.167,6062139.593,10550
310631.717,6062110.342,10600
310672.969,6062082.091,10650
310714.899,6062054.855,10700
310757.481,6062028.651,10750
310800.69,6062003.495,10800
310844.501,6061979.401,10850
310888.886,6061956.384,10900
310933.821,6061934.458,10950
310979.278,6061913.636,11000
311025.229,6061893.93,11050
311071.648,6061875.352,11100
311118.507,6061857.913,11150
311165.778,6061841.623,11200
311213.432,6061826.493,11250
311261.442,6061812.53,11300
311309.778,6061799.744,11350
311358.413,6061788.142,11400
311407.315,6061777.732,11450
311456.458,6061768.518,11500
311505.811,6061760.507,11550
311555.344,6061753.704,11600
311605.03,6061748.112,11650
311654.836,6061743.735,11700
311704.487,6061744.812,11750
311753.565,6061754.363,11800
311802.349,6061765.315,11850
311850.799,6061777.66,11900
311898.876,6061791.387,11950
311946.54,6061806.487,12000
311993.752,6061822.945,12050
312040.473,6061840.749,12100
312086.664,6061859.884,12150
312132.289,6061880.334,12200
312177.309,6061902.083,12250
312221.688,6061925.112,12300
312265.389,6061949.404,12350
312308.376,6061974.937,12400
312350.614,6062001.69,12450
312392.069,6062029.643,12500
312432.705,6062058.772,12550
312472.491,6062089.053,12600
312511.393,6062120.461,12650
312549.38,6062152.97,12700
312586.419,6062186.554,12750
312622.481,6062221.186,12800
312657.537,6062256.836,12850
312691.557,6062293.476,12900
312726.666,6062329.059,12950
312763.253,6062363.134,13000
312801.049,6062395.863,13050
312840.003,6062427.204,13100
312880.065,6062457.117,13150
312921.183,6062485.561,13200
312963.303,6062512.499,13250
313006.369,6062537.897,13300
313050.325,6062561.721,13350
313095.114,6062583.94,13400
313140.677,6062604.524,13450
313186.955,6062623.448,13500
313233.886,6062640.686,13550
313281.411,6062656.215,13600
313329.465,6062670.016,13650
313377.988,6062682.07,13700
313426.914,6062692.362,13750
313476.181,6062700.877,13800
313525.724,6062707.606,13850
313575.477,6062712.539,13900
313625.376,6062715.669,13950
313675.356,6062716.993,14000
313725.351,6062716.509,14050
313775.296,6062714.217,14100
313825.125,6062710.121,14150
313874.773,6062704.225,14200
313924.176,6062696.538,14250
313973.269,6062687.07,14300
314022.374,6062677.681,14350
314071.357,6062667.657,14400
314120.086,6062656.458,14450
314168.531,6062644.091,14500
314216.665,6062630.563,14550
314264.46,6062615.882,14600
314311.888,6062600.057,14650
314358.922,6062583.095,14700
314405.535,6062565.008,14750
314451.699,6062545.806,14800
314497.389,6062525.5,14850
314542.577,6062504.101,14900
314587.237,6062481.622,14950
314631.345,6062458.076,15000
314674.874,6062433.477,15050
314717.798,6062407.838,15100
314760.094,6062381.175,15150
314801.737,6062353.503,15200
314842.703,6062324.838,15250
314882.968,6062295.196,15300
314922.508,6062264.595,15350
314961.302,6062233.052,15400
315002.329,6062205.154,15450
315047.329,6062183.36,15500
315092.283,6062161.47,15550
315137.19,6062139.484,15600
315182.049,6062117.402,15650
315226.862,6062095.224,15700
315271.626,6062072.95,15750
315316.344,6062050.581,15800
315361.013,6062028.116,15850
315405.634,6062005.556,15900
315450.206,6061982.9,15950
315494.731,6061960.15,16000
315539.206,6061937.304,16050
315583.633,6061914.363,16100
315628.01,6061891.327,16150
315672.338,6061868.196,16200
315716.616,6061844.971,16250
315760.845,6061821.651,16300
315805.024,6061798.237,16350
315849.152,6061774.728,16400
315893.231,6061751.125,16450
315937.258,6061727.428,16500
315981.235,6061703.636,16550
316025.161,6061679.751,16600
316069.036,6061655.772,16650
316112.86,6061631.699,16700
316156.632,6061607.533,16750
316200.352,6061583.273,16800
316244.02,6061558.919,16850
316287.636,6061534.473,16900
316331.2,6061509.933,16950
316374.711,6061485.3,17000
316418.169,6061460.574,17050
316461.575,6061435.755,17100
316504.927,6061410.844,17150
316548.226,6061385.84,17200
316591.471,6061360.743,17250
316634.663,6061335.554,17300
316677.8,6061310.273,17350
316720.884,6061284.9,17400
316763.913,6061259.434,17450
316806.888,6061233.877,17500
316849.808,6061208.228,17550
316892.673,6061182.487,17600
316936.04,6061157.643,17650
316980.466,6061134.702,17700
317025.082,6061112.132,17750
317069.885,6061089.937,17800
317114.872,6061068.116,17850
317160.04,6061046.672,17900
317205.386,6061025.606,17950
317250.906,6061004.92,18000
317296.597,6060984.615,18050
317342.456,6060964.692,18100
317388.48,6060945.153,18150
317434.666,6060926,18200
317481.011,6060907.233,18250
317527.51,6060888.854,18300
317574.146,6060870.827,18350
317619.53,6060849.89,18400
317662.653,6060824.623,18450
317703.104,6060795.268,18500
317740.496,6060762.104,18550
317774.471,6060725.448,18600
317804.707,6060685.651,18650
317830.913,6060643.092,18700
317852.648,6060598.089,18750
317871.561,6060551.809,18800
317888.36,6060504.72,18850
317903.009,6060456.918,18900
317915.479,6060408.503,18950
317925.172,6060359.47,19000
317937.273,6060310.983,19050
317954.727,6060264.157,19100
317977.315,6060219.579,19150
318004.753,6060177.812,19200
318036.696,6060139.38,19250
318072.742,6060104.766,19300
318112.437,6060074.407,19350
318156.769,6060052.432,19400
318205.395,6060040.795,19450
318254.31,6060030.443,19500
318303.481,6060021.383,19550
318352.873,6060013.622,19600
318402.453,6060007.164,19650
318452.186,6060002.014,19700
318502.037,6059998.176,19750
318551.971,6059995.653,19800
318601.597,6059991.75,19850
318649.93,6059978.948,19900
318698.084,6059965.491,19950
318746.052,6059951.382,20000
318793.824,6059936.623,20050
318841.391,6059921.218,20100
318888.745,6059905.168,20150
318935.876,6059888.477,20200
318982.777,6059871.148,20250
319029.438,6059853.184,20300
319075.851,6059834.588,20350
319122.007,6059815.365,20400
319167.898,6059795.516,20450
319213.516,6059775.047,20500
319258.851,6059753.96,20550
319303.897,6059732.26,20600
319348.286,6059709.258,20650
319392.464,6059685.842,20700
319436.62,6059662.384,20750
319480.754,6059638.885,20800
319524.866,6059615.345,20850
319568.955,6059591.762,20900
319613.023,6059568.139,20950
319657.068,6059544.474,21000
319701.09,6059520.767,21050
319745.09,6059497.019,21100
319789.068,6059473.229,21150
319833.024,6059449.398,21200
319876.957,6059425.526,21250
319920.867,6059401.612,21300
319964.755,6059377.657,21350
320008.621,6059353.661,21400
320052.463,6059329.623,21450
320096.284,6059305.544,21500
320140.081,6059281.424,21550
320183.856,6059257.262,21600
320227.607,6059233.059,21650
320271.336,6059208.815,21700
320315.043,6059184.53,21750
320358.726,6059160.204,21800
320402.386,6059135.836,21850
320446.024,6059111.428,21900
320489.638,6059086.978,21950
320533.229,6059062.487,22000
320576.797,6059037.955,22050
320620.343,6059013.382,22100
320663.864,6058988.769,22150
320707.363,6058964.114,22200
320750.839,6058939.418,22250
320794.291,6058914.681,22300
320837.72,6058889.903,22350
320881.125,6058865.085,22400
320924.507,6058840.225,22450
320967.866,6058815.325,22500
321011.201,6058790.384,22550
321054.513,6058765.402,22600
321097.801,6058740.379,22650
321141.065,6058715.316,22700
321184.306,6058690.211,22750
321227.524,6058665.066,22800
321270.717,6058639.88,22850
321313.887,6058614.654,22900
321357.033,6058589.387,22950
321400.155,6058564.079,23000
321443.253,6058538.731,23050
321486.328,6058513.342,23100
321529.378,6058487.913,23150
321572.405,6058462.443,23200
321615.407,6058436.932,23250
321658.385,6058411.381,23300
321701.34,6058385.79,23350
321744.27,6058360.158,23400
321787.176,6058334.485,23450
321830.058,6058308.772,23500
321872.915,6058283.019,23550
321915.749,6058257.226,23600
321958.558,6058231.392,23650
322001.342,6058205.518,23700
322044.103,6058179.603,23750
322086.839,6058153.648,23800
322129.55,6058127.653,23850
322172.237,6058101.618,23900
322214.899,6058075.543,23950
322257.537,6058049.427,24000
322300.15,6058023.271,24050
322342.738,6057997.075,24100
322385.302,6057970.839,24150
322427.841,6057944.563,24200
322470.355,6057918.247,24250
322512.845,6057891.891,24300
322555.309,6057865.495,24350
322597.749,6057839.059,24400
322640.164,6057812.582,24450
322682.553,6057786.066,24500
322724.918,6057759.51,24550
322767.258,6057732.914,24600
322809.573,6057706.278,24650
322851.862,6057679.603,24700
322894.127,6057652.887,24750
322936.366,6057626.132,24800
322978.58,6057599.337,24850
323019.948,6057571.302,24900
323060.212,6057541.656,24950
323100.372,6057511.872,25000
323140.43,6057481.948,25050
323180.384,6057451.887,25100
323220.233,6057421.687,25150
323259.978,6057391.35,25200
323299.617,6057360.875,25250
323339.151,6057330.263,25300
323378.579,6057299.515,25350
323417.9,6057268.631,25400
323457.114,6057237.611,25450
323496.221,6057206.455,25500
323535.219,6057175.164,25550
323574.109,6057143.739,25600
323612.89,6057112.179,25650
323651.562,6057080.485,25700
323690.124,6057048.658,25750
323728.575,6057016.697,25800
323766.916,6056984.604,25850
323805.146,6056952.378,25900
323843.263,6056920.02,25950
323881.269,6056887.531,26000
323919.162,6056854.91,26050
323956.942,6056822.158,26100
323994.608,6056789.276,26150
324032.161,6056756.264,26200
324069.599,6056723.122,26250
324106.922,6056689.85,26300
324144.13,6056656.45,26350
324181.222,6056622.921,26400
324218.198,6056589.265,26450
324255.057,6056555.48,26500
324291.799,6056521.568,26550
324328.424,6056487.53,26600
324364.931,6056453.364,26650
324401.319,6056419.073,26700
324437.588,6056384.656,26750
324473.738,6056350.114,26800
324509.769,6056315.447,26850
324545.679,6056280.655,26900
324581.469,6056245.74,26950
324617.138,6056210.701,27000
324652.685,6056175.539,27050
324688.111,6056140.254,27100
324723.414,6056104.846,27150
324758.594,6056069.317,27200
324793.652,6056033.666,27250
324828.586,6055997.894,27300
324863.395,6055962.002,27350
324898.081,6055925.989,27400
324932.642,6055889.857,27450
324967.077,6055853.605,27500
325001.387,6055817.235,27550
325035.571,6055780.746,27600
325069.629,6055744.138,27650
325103.56,6055707.414,27700
325137.363,6055670.572,27750
325171.039,6055633.613,27800
325204.587,6055596.538,27850
325238.006,6055559.348,27900
325271.296,6055522.042,27950
325304.458,6055484.621,28000
325337.489,6055447.085,28050
325370.391,6055409.436,28100
325403.162,6055371.672,28150
325435.802,6055333.796,28200
325468.362,6055295.852,28250
325501.834,6055258.709,28300
325535.403,6055221.653,28350
325569.069,6055184.685,28400
325602.831,6055147.806,28450
325636.69,6055111.015,28500
325670.645,6055074.313,28550
325704.697,6055037.7,28600
325738.844,6055001.176,28650
325773.086,6054964.742,28700
325807.424,6054928.397,28750
325841.856,6054892.143,28800
325876.384,6054855.979,28850
325911.006,6054819.905,28900
325945.723,6054783.922,28950
325980.533,6054748.03,29000
326015.438,6054712.23,29050
326050.436,6054676.521,29100
326085.527,6054640.903,29150
326120.712,6054605.378,29200
326155.989,6054569.945,29250
326191.359,6054534.604,29300
326226.822,6054499.357,29350
326262.376,6054464.202,29400
326298.023,6054429.14,29450
326333.761,6054394.172,29500
326369.591,6054359.297,29550
326405.512,6054324.517,29600
326441.523,6054289.83,29650
326477.626,6054255.238,29700
326513.819,6054220.741,29750
326550.102,6054186.339,29800
326586.475,6054152.031,29850
326622.938,6054117.819,29900
326659.49,6054083.703,29950
326696.132,6054049.682,30000
326732.862,6054015.758,30050
326769.681,6053981.929,30100
326806.589,6053948.198,30150
326843.585,6053914.563,30200
326880.668,6053881.025,30250
326917.84,6053847.584,30300
326955.099,6053814.241,30350
326992.445,6053780.995,30400
327029.878,6053747.847,30450
327067.397,6053714.797,30500
327105.003,6053681.846,30550
327142.695,6053648.993,30600
327180.473,6053616.239,30650
327218.337,6053583.585,30700
327256.286,6053551.029,30750
327294.32,6053518.573,30800
327332.439,6053486.216,30850
327370.643,6053453.96,30900
327408.93,6053421.803,30950
327447.302,6053389.747,31000
327485.758,6053357.792,31050
327524.297,6053325.937,31100
327562.92,6053294.183,31150
327601.201,6053262.031,31200
327638.791,6053229.062,31250
327676.577,6053196.317,31300
327714.557,6053163.797,31350
327752.73,6053131.505,31400
327791.095,6053099.44,31450
327829.65,6053067.605,31500
327868.394,6053036,31550
327907.326,6053004.626,31600
327946.444,6052973.485,31650
327985.747,6052942.578,31700
328025.233,6052911.905,31750
328064.902,6052881.468,31800
328104.751,6052851.268,31850
328144.779,6052821.306,31900
328184.985,6052791.582,31950
328225.367,6052762.099,32000
328265.925,6052732.857,32050
328306.656,6052703.858,32100
328347.559,6052675.101,32150
328388.632,6052646.589,32200
328429.875,6052618.322,32250
328471.285,6052590.301,32300
328512.862,6052562.527,32350
328554.603,6052535.002,32400
328596.508,6052507.725,32450
328638.574,6052480.699,32500
328680.801,6052453.924,32550
328723.187,6052427.401,32600
328765.729,6052401.132,32650
328808.428,6052375.116,32700
328851.281,6052349.354,32750
328894.286,6052323.849,32800
328937.443,6052298.6,32850
328980.749,6052273.609,32900
329024.204,6052248.877,32950
329067.805,6052224.404,33000
329111.551,6052200.19,33050
329155.599,6052176.548,33100
329200.377,6052154.303,33150
329244.751,6052131.262,33200
329288.707,6052107.433,33250
329332.23,6052082.823,33300
329375.308,6052057.44,33350
329417.925,6052031.293,33400
329460.069,6052004.389,33450
329501.726,6051976.737,33500
329542.883,6051948.346,33550
329583.526,6051919.225,33600
329623.644,6051889.383,33650
329663.222,6051858.83,33700
329702.249,6051827.576,33750
329740.712,6051795.629,33800
329778.598,6051763.002,33850
329815.896,6051729.704,33900
329852.594,6051695.745,33950
329888.68,6051661.136,34000
329924.142,6051625.889,34050
329958.97,6051590.015,34100
329993.152,6051553.525,34150
330026.677,6051516.431,34200
330059.535,6051478.744,34250
330091.715,6051440.477,34300
330123.207,6051401.641,34350
330153.356,6051361.803,34400
330180.377,6051319.736,34450
330208.545,6051278.427,34500
330237.838,6051237.908,34550
330268.234,6051198.21,34600
330299.71,6051159.363,34650
330332.243,6051121.396,34700
330365.807,6051084.338,34750
330400.377,6051048.217,34800
330435.927,6051013.06,34850
330472.43,6050978.893,34900
330509.859,6050945.743,34950
330548.186,6050913.635,35000
330587.38,6050882.593,35050
330627.413,6050852.64,35100
330668.255,6050823.799,35150
330709.874,6050796.092,35200
330752.24,6050769.54,35250
330795.319,6050744.163,35300
330839.08,6050719.979,35350
330883.489,6050697.008,35400
330928.513,6050675.267,35450
330974.118,6050654.772,35500
331020.269,6050635.539,35550
331066.931,6050617.581,35600
331114.07,6050600.914,35650
331161.882,6050586.402,35700
331210.45,6050574.522,35750
331258.852,6050561.983,35800
331307.079,6050548.788,35850
331355.122,6050534.939,35900
331402.973,6050520.438,35950
331450.622,6050505.289,36000
331498.061,6050489.494,36050
331545.282,6050473.056,36100
331592.274,6050455.978,36150
331639.031,6050438.264,36200
331685.542,6050419.915,36250
331731.8,6050400.937,36300
331777.796,6050381.332,36350
331823.521,6050361.104,36400
331868.967,6050340.257,36450
331914.126,6050318.795,36500
331958.989,6050296.72,36550
332003.548,6050274.039,36600
332047.795,6050250.754,36650
332091.721,6050226.871,36700
332135.319,6050202.393,36750
332178.581,6050177.325,36800
332221.498,6050151.671,36850
332264.062,6050125.437,36900
332306.267,6050098.628,36950
332348.103,6050071.247,37000
332389.563,6050043.301,37050
332430.64,6050014.794,37100
332471.326,6049985.731,37150
332511.613,6049956.119,37200
332551.494,6049925.962,37250
332590.963,6049895.266,37300
332630.01,6049864.037,37350
332668.63,6049832.28,37400
332706.814,6049800.002,37450
332744.557,6049767.208,37500
332781.85,6049733.904,37550
332819.389,6049700.92,37600
332858.238,6049669.446,37650
332896.131,6049636.828,37700
332933.034,6049603.095,37750
332968.915,6049568.275,37800
333003.741,6049532.402,37850
333037.482,6049495.505,37900
333070.108,6049457.619,37950
333101.59,6049418.776,38000
333131.899,6049379.012,38050
333161.008,6049338.362,38100
333188.893,6049296.862,38150
333215.527,6049254.548,38200
333240.888,6049211.46,38250
333264.952,6049167.633,38300
333287.698,6049123.109,38350
333309.107,6049077.926,38400
333329.159,6049032.125,38450
333347.835,6048985.746,38500
333365.121,6048938.831,38550
333380.999,6048891.421,38600
333395.457,6048843.559,38650
333408.48,6048795.287,38700
333420.058,6048746.648,38750
333430.181,6048697.685,38800
333438.839,6048648.442,38850
333446.024,6048598.963,38900
333451.731,6048549.292,38950
333455.954,6048499.472,39000
333458.689,6048449.549,39050
333459.934,6048399.566,39100
333459.688,6048349.569,39150
333455.893,6048299.751,39200
333457.568,6048249.818,39250
333466.042,6048200.581,39300
333481.158,6048152.962,39350
333502.631,6048107.851,39400
333530.061,6048066.093,39450
333562.934,6048028.471,39500
333600.635,6047995.687,39550
333642.457,6047968.356,39600
333687.618,6047946.989,39650
333735.274,6047931.986,39700
333784.53,6047923.628,39750
333834.467,6047922.071,39800
333884.052,6047927.945,39850
333933.591,6047934.651,39900
333983.461,6047938.124,39950
334033.452,6047938.349,40000
334083.352,6047935.325,40050
334132.949,6047929.065,40100
334182.035,6047919.594,40150
334230.402,6047906.954,40200
334277.845,6047891.197,40250
334324.164,6047872.391,40300
334369.163,6047850.614,40350
334412.651,6047825.959,40400
334454.446,6047798.53,40450
334494.369,6047768.443,40500
334532.253,6047735.826,40550
334567.938,6047700.815,40600
334601.271,6047663.559,40650
334631.059,6047623.481,40700
334658.472,6047581.666,40750
334686.328,6047540.145,40800
334714.625,6047498.922,40850
334743.358,6047458.003,40900
334772.524,6047417.391,40950
334802.121,6047377.093,41000
334832.145,6047337.111,41050
334862.593,6047297.451,41100
334893.46,6047258.117,41150
334924.745,6047219.113,41200
334956.442,6047180.445,41250
334988.549,6047142.115,41300
335021.062,6047104.13,41350
335055.798,6047068.47,41400
335095.999,6047038.739,41450
335136.379,6047009.253,41500
335176.937,6046980.012,41550
335217.671,6046951.016,41600
335258.58,6046922.268,41650
335299.662,6046893.768,41700
335340.915,6046865.517,41750
335382.339,6046837.516,41800
335423.932,6046809.767,41850
335465.692,6046782.27,41900
335507.618,6046755.026,41950
335549.708,6046728.036,42000
335591.96,6046701.302,42050
335634.373,6046674.823,42100
335676.946,6046648.602,42150
335719.677,6046622.639,42200
335762.564,6046596.936,42250
335805.606,6046571.492,42300
335848.802,6046546.309,42350
335892.148,6046521.389,42400
335935.645,6046496.731,42450
335979.291,6046472.337,42500
336023.083,6046448.207,42550
336067.02,6046424.343,42600
336111.101,6046400.745,42650
336155.324,6046377.415,42700
336199.688,6046354.353,42750
336244.197,6046331.572,42800
336288.695,6046308.771,42850
336332.954,6046285.51,42900
336376.971,6046261.792,42950
336420.74,6046237.621,43000
336464.256,6046212.998,43050
336507.516,6046187.926,43100
336550.513,6046162.408,43150
336593.245,6046136.446,43200
336635.706,6046110.044,43250
336677.891,6046083.204,43300
336719.796,6046055.929,43350
336761.417,6046028.223,43400
336802.749,6046000.087,43450
336843.788,6045971.525,43500
336884.53,6045942.54,43550
336924.969,6045913.135,43600
336965.102,6045883.313,43650
337004.924,6045853.078,43700
337044.431,6045822.433,43750
337083.619,6045791.38,43800
337122.484,6045759.924,43850
337161.022,6045728.067,43900
337199.228,6045695.814,43950
337237.098,6045663.167,44000
337274.628,6045630.13,44050
337311.815,6045596.706,44100
337348.654,6045562.9,44150
337385.141,6045528.714,44200
337421.273,6045494.153,44250
337457.045,6045459.22,44300
337492.454,6045423.918,44350
337527.496,6045388.253,44400
337562.167,6045352.226,44450
337596.463,6045315.843,44500
337630.382,6045279.107,44550
337663.918,6045242.023,44600
337697.069,6045204.593,44650
337729.832,6045166.822,44700
337762.201,6045128.715,44750
337794.175,6045090.274,44800
337825.749,6045051.505,44850
337856.921,6045012.412,44900
337887.687,6044972.998,44950
337918.043,6044933.268,45000
337947.987,6044893.226,45050
337977.514,6044852.877,45100
338006.623,6044812.224,45150
338035.31,6044771.272,45200
338066.244,6044732.172,45250
338101.844,6044697.071,45300
338139.204,6044663.85,45350
338178.226,6044632.597,45400
338218.805,6044603.394,45450
338260.834,6044576.32,45500
338304.201,6044551.446,45550
338348.792,6044528.838,45600
338394.487,6044508.556,45650
338441.167,6044490.654,45700
338488.706,6044475.18,45750
338536.979,6044462.174,45800
338585.858,6044451.671,45850
338635.213,6044443.7,45900
338684.913,6044438.28,45950
338734.826,6044435.427,46000
338784.819,6044435.147,46050
338834.761,6044437.443,46100
338884.519,6044442.307,46150
338933.959,6044449.727,46200
338982.952,6044459.683,46250
339031.245,6044472.493,46300
339078.171,6044489.681,46350
339126.69,6044501.659,46400
339176.224,6044508.284,46450
339226.185,6044509.477,46500
339275.979,6044505.224,46550
339325.014,6044495.576,46600
339372.708,6044480.648,46650
339418.492,6044460.616,46700
339461.824,6044435.719,46750
339502.189,6044406.253,46800
339539.105,6044372.567,46850
339572.135,6044335.064,46900
339600.887,6044294.187,46950
339625.017,6044250.424,47000
339644.24,6044204.294,47050
339658.328,6044156.345,47100
339667.111,6044107.148,47150
339670.487,6044057.287,47200
339668.415,6044007.354,47250
339661.052,6043957.919,47300
339653.156,6043908.549,47350
339647.071,6043858.924,47400
339642.804,6043809.109,47450
339640.361,6043759.172,47500
339639.745,6043709.178,47550
339640.958,6043659.196,47600
339643.997,6043609.291,47650
339648.859,6043559.531,47700
339655.537,6043509.982,47750
339664.023,6043460.71,47800
339674.304,6043411.781,47850
339686.367,6043363.261,47900
339700.196,6043315.214,47950
339715.772,6043267.705,48000
339733.076,6043220.798,48050
339752.082,6043174.554,48100
339772.767,6043129.036,48150
339795.102,6043084.305,48200
339819.057,6043040.421,48250
339844.601,6042997.441,48300
339871.7,6042955.425,48350
339900.316,6042914.427,48400
339930.413,6042874.503,48450
339961.948,6042835.706,48500
339994.882,6042798.088,48550
340029.168,6042761.699,48600
340064.763,6042726.588,48650
340101.617,6042692.802,48700
340139.682,6042660.386,48750
340178.906,6042629.383,48800
340219.238,6042599.836,48850
340260.623,6042571.782,48900
340303.006,6042545.261,48950
340346.331,6042520.307,49000
340390.539,6042496.954,49050
340435.571,6042475.232,49100
340481.367,6042455.172,49150
340526.301,6042433.251,49200
340570.868,6042410.584,49250
340615.103,6042387.278,49300
340659,6042363.339,49350
340702.547,6042338.771,49400
340745.737,6042313.58,49450
340788.56,6042287.77,49500
340831.007,6042261.347,49550
340873.071,6042234.317,49600
340914.741,6042206.685,49650
340956.01,6042178.456,49700
340996.868,6042149.637,49750
341037.308,6042120.234,49800
341077.321,6042090.252,49850
341116.899,6042059.698,49900
341156.034,6042028.578,49950
341194.717,6041996.899,50000
341232.94,6041964.667,50050
341270.697,6041931.889,50100
341307.978,6041898.571,50150
341344.776,6041864.72,50200
341381.084,6041830.345,50250
341416.894,6041795.45,50300
341452.198,6041760.045,50350
341486.99,6041724.135,50400
341521.262,6041687.729,50450
341555.006,6041650.834,50500
341586.366,6041611.916,50550
341616.691,6041572.162,50600
341646.474,6041532.001,50650
341675.71,6041491.44,50700
341704.392,6041450.485,50750
341732.516,6041409.145,50800
341760.076,6041367.427,50850
341787.068,6041325.338,50900
341813.485,6041282.888,50950
341839.325,6041240.082,51000
341864.581,6041196.93,51050
341889.249,6041153.439,51100
341913.324,6041109.618,51150
341936.803,6041065.473,51200
341959.68,6041021.015,51250
341981.952,6040976.249,51300
342003.614,6040931.186,51350
342024.662,6040885.833,51400
342045.094,6040840.198,51450
342064.904,6040794.29,51500
342084.089,6040748.118,51550
342110.543,6040705.898,51600
342139.88,6040665.411,51650
342170.405,6040625.813,51700
342202.092,6040587.138,51750
342234.912,6040549.42,51800
342268.837,6040512.692,51850
342303.837,6040476.988,51900
342339.881,6040442.337,51950
342376.937,6040408.772,52000
342414.973,6040376.321,52050
342453.955,6040345.012,52100
342493.849,6040314.875,52150
342534.62,6040285.934,52200
342576.232,6040258.216,52250
342618.647,6040231.745,52300
342661.83,6040206.544,52350
342705.741,6040182.635,52400
342750.343,6040160.04,52450
342795.595,6040138.779,52500
342841.458,6040118.869,52550
342887.845,6040100.21,52600
342933.389,6040079.603,52650
342977.354,6040055.812,52700
343019.518,6040028.957,52750
343059.668,6039999.176,52800
343097.6,6039966.617,52850
343133.123,6039931.445,52900
343166.058,6039893.839,52950
343196.238,6039853.987,53000
343223.511,6039812.093,53050
343247.738,6039768.367,53100
343268.798,6039723.03,53150
343286.584,6039676.311,53200
343301.005,6039628.447,53250
343311.99,6039579.68,53300
343319.483,6039530.255,53350
343323.79,6039480.451,53400
343331.332,6039431.031,53450
343341.906,6039382.17,53500
343355.472,6039334.054,53550
343371.978,6039286.866,53600
343391.362,6039240.785,53650
343413.55,6039195.986,53700
343438.458,6039152.641,53750
343465.99,6039110.913,53800
343496.042,6039070.962,53850
343528.5,6039032.94,53900
343563.24,6038996.991,53950
343600.13,6038963.252,54000
343639.03,6038931.851,54050
343679.791,6038902.908,54100
343722.26,6038876.533,54150
343766.273,6038852.826,54200
343811.665,6038831.878,54250
343858.261,6038813.767,54300
343906.237,6038799.711,54350
343954.014,6038784.971,54400
344001.48,6038769.258,54450
344048.614,6038752.576,54500
344095.397,6038734.934,54550
344141.809,6038716.338,54600
344187.832,6038696.797,54650
344233.445,6038676.318,54700
344278.629,6038654.911,54750
344323.366,6038632.583,54800
344367.637,6038609.345,54850
344411.423,6038585.207,54900
344454.706,6038560.177,54950
344497.469,6038534.268,55000
344539.692,6038507.489,55050
344581.358,6038479.851,55100
344622.451,6038451.367,55150
344662.952,6038422.049,55200
344702.844,6038391.908,55250
344742.112,6038360.957,55300
344780.739,6038329.21,55350
344818.708,6038296.678,55400
344856.003,6038263.377,55450
344892.609,6038229.32,55500
344928.511,6038194.521,55550
344963.694,6038158.995,55600
344998.142,6038122.757,55650
345031.842,6038085.821,55700
345077.406,6038065.864,55750
345123.572,6038046.664,55800
345169.639,6038027.226,55850
345215.606,6038007.553,55900
345261.471,6037987.643,55950
345307.233,6037967.498,56000
345352.891,6037947.119,56050
345398.444,6037926.505,56100
345443.89,6037905.657,56150
345489.229,6037884.576,56200
345534.459,6037863.263,56250
345579.579,6037841.718,56300
345624.587,6037819.941,56350
345669.483,6037797.934,56400
345714.266,6037775.696,56450
345758.934,6037753.228,56500
345803.485,6037730.531,56550
345847.92,6037707.606,56600
345892.236,6037684.453,56650
345936.433,6037661.072,56700
345980.509,6037637.465,56750
346024.463,6037613.632,56800
346068.294,6037589.573,56850
346112.001,6037565.29,56900
346155.583,6037540.782,56950
346199.038,6037516.051,57000
346242.366,6037491.097,57050
346285.565,6037465.921,57100
346328.634,6037440.523,57150
346371.572,6037414.905,57200
346414.378,6037389.066,57250
346457.051,6037363.008,57300
346499.589,6037336.731,57350
346541.992,6037310.236,57400
346584.258,6037283.523,57450
346626.387,6037256.594,57500
346668.376,6037229.448,57550
346710.226,6037202.087,57600
346751.934,6037174.512,57650
346793.501,6037146.723,57700
346834.924,6037118.721,57750
346876.203,6037090.506,57800
346917.336,6037062.08,57850
346958.322,6037033.443,57900
346999.162,6037004.596,57950
347039.852,6036975.539,58000
347080.393,6036946.274,58050
347120.782,6036916.801,58100
347161.02,6036887.121,58150
347201.105,6036857.234,58200
347241.036,6036827.142,58250
347280.812,6036796.846,58300
347320.431,6036766.345,58350
347359.894,6036735.642,58400
347399.198,6036704.736,58450
347438.343,6036673.629,58500
347477.328,6036642.321,58550
347516.151,6036610.813,58600
347554.813,6036579.107,58650
347593.31,6036547.202,58700
347631.644,6036515.1,58750
347669.812,6036482.801,58800
347707.813,6036450.307,58850
347745.647,6036417.618,58900
347783.313,6036384.735,58950
347820.81,6036351.659,59000
347858.136,6036318.391,59050
347895.291,6036284.932,59100
347932.273,6036251.282,59150
347969.082,6036217.443,59200
348005.717,6036183.416,59250
348042.176,6036149.2,59300
348078.46,6036114.798,59350
348114.566,6036080.21,59400
348150.494,6036045.437,59450
348186.243,6036010.479,59500
348221.812,6035975.339,59550
348257.2,6035940.017,59600
348292.406,6035904.513,59650
348327.429,6035868.829,59700
348362.269,6035832.965,59750
348396.924,6035796.923,59800
348431.393,6035760.703,59850
348465.676,6035724.307,59900
348499.772,6035687.735,59950
348533.679,6035650.989,60000
348567.397,6035614.069,60050
348600.925,6035576.976,60100
348634.262,6035539.712,60150
348667.407,6035502.277,60200
348700.36,6035464.672,60250
348733.119,6035426.898,60300
348765.683,6035388.957,60350
348798.052,6035350.849,60400
348830.226,6035312.575,60450
348862.202,6035274.136,60500
348893.98,6035235.534,60550
348925.559,6035196.769,60600
348956.939,6035157.842,60650
348988.119,6035118.755,60700
349019.098,6035079.508,60750
349049.874,6035040.103,60800
349080.448,6035000.539,60850
349110.818,6034960.82,60900
349140.984,6034920.945,60950
349170.944,6034880.915,61000
349200.699,6034840.732,61050
349230.247,6034800.397,61100
349259.587,6034759.911,61150
349288.719,6034719.274,61200
349317.642,6034678.489,61250
349346.355,6034637.555,61300
349374.857,6034596.475,61350
349403.148,6034555.248,61400
349431.227,6034513.877,61450
349459.093,6034472.363,61500
349486.746,6034430.705,61550
349514.184,6034388.906,61600
349541.407,6034346.967,61650
349568.414,6034304.889,61700
349595.205,6034262.672,61750
349621.779,6034220.318,61800
349648.135,6034177.829,61850
349674.272,6034135.204,61900
349700.19,6034092.446,61950
349725.888,6034049.556,62000
349751.365,6034006.534,62050
349776.621,6033963.381,62100
349801.656,6033920.1,62150
349826.467,6033876.69,62200
349851.055,6033833.154,62250
349875.42,6033789.492,62300
349899.56,6033745.705,62350
349923.474,6033701.795,62400
349947.163,6033657.763,62450
349970.625,6033613.61,62500
349993.86,6033569.337,62550
350016.868,6033524.945,62600
350039.647,6033480.435,62650
350062.197,6033435.809,62700
350084.518,6033391.068,62750
350106.609,6033346.213,62800
350128.469,6033301.244,62850
350150.098,6033256.165,62900
350171.495,6033210.974,62950
350192.659,6033165.675,63000
350213.591,6033120.267,63050
350234.289,6033074.752,63100
350254.753,6033029.132,63150
350274.983,6032983.407,63200
350294.977,6032937.579,63250
350314.736,6032891.649,63300
350334.259,6032845.618,63350
350353.545,6032799.487,63400
350372.594,6032753.258,63450
350391.405,6032706.932,63500
350409.978,6032660.509,63550
350428.312,6032613.992,63600
350446.407,6032567.381,63650
350464.263,6032520.678,63700
350481.878,6032473.884,63750
350499.253,6032427,63800
350516.387,6032380.028,63850
350533.279,6032332.968,63900
350549.93,6032285.821,63950
350566.338,6032238.59,64000
350573.985,6032189.376,64050
350585.41,6032140.734,64100
350602.953,6032093.949,64150
350626.327,6032049.788,64200
350655.151,6032008.973,64250
350688.951,6031972.174,64300
350727.174,6031939.994,64350
350769.193,6031912.958,64400
350814.322,6031891.511,64450
350861.82,6031876.003,64500
350911.063,6031867.706,64550
350960.266,6031858.866,64600
351008.795,6031846.862,64650
351056.446,6031831.745,64700
351103.019,6031813.577,64750
351148.319,6031792.434,64800
351192.157,6031768.406,64850
351234.349,6031741.593,64900
351274.719,6031712.107,64950
351313.097,6031680.071,65000
351349.322,6031645.621,65050
351383.243,6031608.899,65100
351414.718,6031570.06,65150
351443.615,6031529.267,65200
351469.813,6031486.69,65250
351493.203,6031442.508,65300
351513.685,6031396.905,65350
351531.175,6031350.073,65400
351545.599,6031302.208,65450
351562.393,6031255.265,65500
351583.421,6031209.906,65550
351606.176,6031165.387,65600
351630.623,6031121.775,65650
351656.727,6031079.133,65700
351684.449,6031037.526,65750
351713.749,6030997.014,65800
351744.583,6030957.657,65850
351776.905,6030919.513,65900
351810.668,6030882.638,65950
351845.822,6030847.087,66000
351882.316,6030812.912,66050
351920.094,6030780.164,66100
351959.103,6030748.891,66150
351999.284,6030719.138,66200
352040.577,6030690.951,66250
352082.923,6030664.37,66300
352126.258,6030639.435,66350
352170.519,6030616.182,66400
352215.639,6030594.646,66450
352261.782,6030575.475,66500
352308.773,6030558.41,66550
352354.782,6030538.851,66600
352399.676,6030516.853,66650
352443.327,6030492.479,66700
352485.608,6030465.801,66750
352526.397,6030436.895,66800
352565.579,6030405.843,66850
352603.039,6030372.735,66900
352638.67,6030337.666,66950
352672.371,6030300.738,67000
352704.043,6030262.056,67050
352733.595,6030221.732,67100
352760.943,6030179.881,67150
352786.009,6030136.625,67200
352808.719,6030092.086,67250
352829.457,6030046.591,67300
352850.966,6030001.456,67350
352873.692,6029956.921,67400
352897.618,6029913.019,67450
352922.725,6029869.781,67500
352948.996,6029827.241,67550
352976.411,6029785.429,67600
353004.95,6029744.376,67650
353034.593,6029704.112,67700
353065.316,6029664.667,67750
353097.098,6029626.07,67800
353129.916,6029588.349,67850
353163.744,6029551.532,67900
353198.559,6029515.646,67950
353234.334,6029480.718,68000
353271.044,6029446.773,68050
353308.661,6029413.836,68100
353343.098,6029377.646,68150
353376.474,6029340.418,68200
353409.316,6029302.717,68250
353441.616,6029264.551,68300
353473.369,6029225.928,68350
353504.567,6029186.855,68400
353535.204,6029147.342,68450
353565.274,6029107.395,68500
353594.771,6029067.024,68550
353623.69,6029026.235,68600
353652.023,6028985.038,68650
353679.765,6028943.441,68700
353706.911,6028901.452,68750
353733.455,6028859.08,68800
353759.391,6028816.334,68850
353784.715,6028773.222,68900
353809.421,6028729.753,68950
353833.505,6028685.935,69000
353856.96,6028641.779,69050
353879.783,6028597.292,69100
353901.969,6028552.484,69150
353923.513,6028507.364,69200
353944.411,6028461.942,69250
353964.659,6028416.225,69300
353984.253,6028370.225,69350
354003.188,6028323.949,69400
354021.46,6028277.408,69450
354039.067,6028230.611,69500
354056.004,6028183.568,69550
354072.268,6028136.287,69600
354087.855,6028088.779,69650
354102.764,6028041.054,69700
354116.989,6027993.121,69750
354130.529,6027944.99,69800
354143.381,6027896.67,69850
354155.542,6027848.172,69900
354167.01,6027799.505,69950
354177.782,6027750.68,70000
354185.643,6027701.364,70050
354196.655,6027652.638,70100
354214.65,6027606.036,70150
354239.245,6027562.555,70200
354269.915,6027523.123,70250
354306.004,6027488.581,70300
354346.743,6027459.669,70350
354391.26,6027437.002,70400
354438.605,6027421.066,70450
354487.768,6027412.2,70500
354537.697,6027410.594,70550
354587.328,6027416.283,70600
354635.599,6027429.144,70650
354681.481,6027448.903,70700
354726.64,6027470.075,70750
354775.977,6027476.697,70800
354824.841,6027467.192,70850
354868.097,6027442.557,70900
354901.202,6027405.381,70950
354920.816,6027359.607,71000
354935.077,6027311.684,71050
354949.841,6027263.914,71100
354965.108,6027216.302,71150
354980.876,6027168.854,71200
354997.144,6027121.574,71250
355013.908,6027074.469,71300
355031.168,6027027.542,71350
355048.922,6026980.801,71400
355067.167,6026934.249,71450
355085.901,6026887.892,71500
355105.124,6026841.734,71550
355124.831,6026795.782,71600
355145.022,6026750.04,71650
355165.693,6026704.514,71700
355186.844,6026659.208,71750
355208.47,6026614.127,71800
355230.57,6026569.277,71850
355253.142,6026524.662,71900
355276.183,6026480.287,71950
355299.69,6026436.158,72000
355323.661,6026392.279,72050
355348.092,6026348.655,72100
355372.982,6026305.29,72150
355398.328,6026262.191,72200
355420.335,6026217.583,72250
355428.062,6026168.323,72300
355423.008,6026118.718,72350
355405.505,6026072.028,72400
355376.703,6026031.325,72450
355338.498,6025999.285,72500
355292.017,6025981.728,72550
355249.513,6025955.695,72600
355215.668,6025919.105,72650
355193.022,6025874.703,72700
355183.275,6025825.823,72750
355187.158,6025776.131,72800
355204.379,6025729.358,72850
355233.646,6025689.013,72900
355272.764,6025658.124,72950
355320.03,6025644.291,73000
355369.553,6025637.407,73050
355418.922,6025629.493,73100
355468.115,6025620.552,73150
355517.111,6025610.589,73200
355565.89,6025599.608,73250
355614.429,6025587.613,73300
355662.707,6025574.61,73350
355710.705,6025560.605,73400
355758.4,6025545.603,73450
355805.773,6025529.611,73500
355852.802,6025512.636,73550
355899.468,6025494.685,73600
355945.749,6025475.766,73650
355991.627,6025455.888,73700
356037.081,6025435.058,73750
356082.091,6025413.287,73800
356126.638,6025390.583,73850
356170.702,6025366.956,73900
356214.265,6025342.416,73950
356257.308,6025316.975,74000
356299.811,6025290.643,74050
356341.756,6025263.431,74100
356383.126,6025235.352,74150
356423.903,6025206.417,74200
356464.067,6025176.64,74250
356503.603,6025146.032,74300
356542.493,6025114.608,74350
356580.72,6025082.381,74400
356618.001,6025049.125,74450
356648.111,6025009.214,74500
356680.055,6024970.754,74550
356713.762,6024933.83,74600
356749.16,6024898.524,74650
356786.169,6024864.911,74700
356824.711,6024833.065,74750
356864.699,6024803.057,74800
356906.047,6024774.952,74850
356948.664,6024748.812,74900
356992.457,6024724.693,74950
357037.33,6024702.648,75000
357083.184,6024682.726,75050
357129.92,6024664.97,75100
357177.436,6024649.419,75150
357225.627,6024636.108,75200
357274.387,6024625.064,75250
357323.611,6024616.313,75300
357373.19,6024609.874,75350
357423.016,6024605.76,75400
357472.979,6024603.981,75450
357522.972,6024604.54,75500
357572.883,6024607.437,75550
357622.605,6024612.665,75600
357671.664,6024622.048,75650
357721.47,6024625.751,75700
357771.205,6024621.198,75750
357819.51,6024608.516,75800
357865.067,6024588.05,75850
357906.631,6024560.359,75900
357943.065,6024526.2,75950
357974.05,6024486.986,76000
358005.692,6024448.277,76050
358038.984,6024410.978,76100
358073.864,6024375.158,76150
358110.264,6024340.886,76200
358148.118,6024308.225,76250
358187.353,6024277.238,76300
358227.896,6024247.983,76350
358269.671,6024220.514,76400
358312.597,6024194.884,76450
358355.952,6024170.012,76500
358398.137,6024143.172,76550
358439.888,6024115.662,76600
358481.196,6024087.492,76650
358522.051,6024058.667,76700
358562.44,6024029.195,76750
358602.356,6023999.083,76800
358641.786,6023968.339,76850
358680.722,6023936.972,76900
358719.154,6023904.988,76950
358757.071,6023872.396,77000
358794.464,6023839.204,77050
358831.324,6023805.42,77100
358867.641,6023771.054,77150
358903.406,6023736.114,77200
358938.61,6023700.609,77250
358973.244,6023664.547,77300
359007.299,6023627.939,77350
359040.766,6023590.792,77400
359073.638,6023553.117,77450
359105.906,6023514.924,77500
359137.561,6023476.221,77550
359168.596,6023437.019,77600
359199.002,6023397.328,77650
359228.772,6023357.157,77700
359257.899,6023316.517,77750
359286.374,6023275.419,77800
359314.192,6023233.872,77850
359341.344,6023191.887,77900
359367.824,6023149.476,77950
359393.625,6023106.648,78000
359418.741,6023063.414,78050
359443.165,6023019.786,78100
359466.89,6022975.774,78150
359492.476,6022932.894,78200
359520.143,6022891.246,78250
359547.811,6022849.599,78300
359575.479,6022807.952,78350
359603.147,6022766.305,78400
359630.814,6022724.657,78450
359658.482,6022683.01,78500
359686.15,6022641.363,78550
359713.818,6022599.715,78600
359741.485,6022558.068,78650
359769.153,6022516.421,78700
359796.821,6022474.774,78750
359824.489,6022433.126,78800
359852.156,6022391.479,78850
359879.824,6022349.832,78900
359907.492,6022308.185,78950
359939.128,6022269.603,79000
359972.468,6022232.341,79050
360005.84,6022195.108,79100
360039.243,6022157.903,79150
360072.678,6022120.726,79200
360106.145,6022083.578,79250
360139.643,6022046.458,79300
360173.172,6022009.367,79350
360206.733,6021972.304,79400
360240.326,6021935.27,79450
360273.95,6021898.264,79500
360307.605,6021861.287,79550
360341.292,6021824.338,79600
360375.01,6021787.418,79650
360408.76,6021750.527,79700
360442.54,6021713.664,79750
360476.352,6021676.83,79800
360510.196,6021640.025,79850
360544.07,6021603.248,79900
360577.976,6021566.5,79950
360611.913,6021529.781,80000
360645.881,6021493.091,80050
360679.881,6021456.43,80100
360713.911,6021419.798,80150
360747.973,6021383.194,80200
360782.065,6021346.62,80250
360816.189,6021310.074,80300
360850.343,6021273.558,80350
360884.529,6021237.07,80400
360918.746,6021200.612,80450
360952.993,6021164.182,80500
360987.272,6021127.782,80550
361021.581,6021091.411,80600
361055.921,6021055.068,80650
361090.292,6021018.756,80700
361124.694,6020982.472,80750
361159.127,6020946.217,80800
361193.591,6020909.992,80850
361228.085,6020873.796,80900
361262.61,6020837.63,80950
361297.165,6020801.492,81000
361331.752,6020765.384,81050
361366.369,6020729.306,81100
361401.016,6020693.256,81150
361435.695,6020657.237,81200
361470.403,6020621.246,81250
361505.143,6020585.286,81300
361539.913,6020549.354,81350
361574.713,6020513.453,81400
361609.544,6020477.58,81450
361644.405,6020441.738,81500
361679.297,6020405.925,81550
361714.219,6020370.142,81600
361749.171,6020334.388,81650
361784.154,6020298.664,81700
361819.167,6020262.97,81750
361854.211,6020227.305,81800
361889.284,6020191.67,81850
361924.388,6020156.065,81900
361959.523,6020120.49,81950
361994.687,6020084.945,82000
362029.881,6020049.43,82050
362065.106,6020013.944,82100
362100.361,6019978.489,82150
362135.646,6019943.063,82200
362170.961,6019907.667,82250
362206.306,6019872.302,82300
362241.681,6019836.966,82350
362277.086,6019801.66,82400
362312.521,6019766.385,82450
362347.986,6019731.14,82500
362383.481,6019695.924,82550
362419.005,6019660.739,82600
362454.56,6019625.584,82650
362490.145,6019590.459,82700
362525.759,6019555.365,82750
362561.403,6019520.301,82800
362597.077,6019485.267,82850
362632.78,6019450.263,82900
362668.513,6019415.29,82950
362704.276,6019380.347,83000
362740.069,6019345.434,83050
362775.891,6019310.552,83100
362811.743,6019275.7,83150
362847.624,6019240.879,83200
362883.535,6019206.088,83250
362919.476,6019171.328,83300
362955.446,6019136.598,83350
362991.445,6019101.899,83400
363027.474,6019067.23,83450
363063.533,6019032.592,83500
363099.621,6018997.985,83550
363135.738,6018963.408,83600
363171.884,6018928.862,83650
363208.06,6018894.346,83700
363244.265,6018859.862,83750
363280.583,6018825.496,83800
363317.132,6018791.377,83850
363353.596,6018757.166,83900
363389.975,6018722.865,83950
363426.269,6018688.474,84000
363462.477,6018653.992,84050
363498.6,6018619.421,84100
363534.636,6018584.761,84150
363570.587,6018550.011,84200
363606.451,6018515.171,84250
363642.228,6018480.243,84300
363677.919,6018445.226,84350
363713.522,6018410.121,84400
363749.038,6018374.927,84450
363784.467,6018339.645,84500
363819.808,6018304.275,84550
363855.061,6018268.818,84600
363890.226,6018233.273,84650
363925.302,6018197.641,84700
363960.29,6018161.922,84750
363995.189,6018126.116,84800
364029.999,6018090.224,84850
364064.72,6018054.245,84900
364099.351,6018018.181,84950
364133.893,6017982.03,85000
364168.344,6017945.793,85050
364202.706,6017909.472,85100
364236.977,6017873.065,85150
364271.158,6017836.573,85200
364305.248,6017799.996,85250
364339.248,6017763.334,85300
364373.156,6017726.589,85350
364406.972,6017689.759,85400
364440.697,6017652.845,85450
364474.331,6017615.848,85500
364507.872,6017578.767,85550
364541.321,6017541.604,85600
364574.678,6017504.357,85650
364607.942,6017467.027,85700
364641.114,6017429.615,85750
364674.192,6017392.121,85800
364707.177,6017354.545,85850
364740.069,6017316.886,85900
364772.867,6017279.147,85950
364805.571,6017241.326,86000
364838.181,6017203.424,86050
364870.697,6017165.441,86100
364903.119,6017127.377,86150
364935.446,6017089.233,86200
364967.678,6017051.009,86250
364999.815,6017012.705,86300
365031.857,6016974.321,86350
365063.804,6016935.858,86400
365095.655,6016897.315,86450
365127.41,6016858.694,86500
365159.069,6016819.994,86550
365190.632,6016781.215,86600
365222.098,6016742.358,86650
365253.468,6016703.423,86700
365284.741,6016664.411,86750
365315.917,6016625.32,86800
365346.996,6016586.153,86850
365377.978,6016546.908,86900
365408.862,6016507.587,86950
365439.648,6016468.189,87000
365470.336,6016428.714,87050
365500.926,6016389.164,87100
365531.418,6016349.537,87150
365561.812,6016309.836,87200
365592.106,6016270.058,87250
365622.302,6016230.206,87300
365652.399,6016190.279,87350
365682.396,6016150.277,87400
365712.295,6016110.201,87450
365742.093,6016070.05,87500
365771.792,6016029.826,87550
365801.39,6015989.528,87600
365830.889,6015949.157,87650
365860.287,6015908.713,87700
365889.585,6015868.195,87750
365918.782,6015827.606,87800
365947.878,6015786.943,87850
365976.873,6015746.209,87900
366005.766,6015705.403,87950
366034.559,6015664.525,88000
366063.25,6015623.576,88050
366091.838,6015582.555,88100
366120.325,6015541.464,88150
366148.71,6015500.302,88200
366176.993,6015459.07,88250
366205.173,6015417.767,88300
366233.25,6015376.395,88350
366261.225,6015334.954,88400
366289.096,6015293.442,88450
366316.865,6015251.862,88500
366344.53,6015210.213,88550
366372.091,6015168.495,88600
366399.549,6015126.71,88650
366426.903,6015084.856,88700
366454.153,6015042.934,88750
366481.299,6015000.944,88800
366508.34,6014958.888,88850
366535.277,6014916.764,88900
366562.11,6014874.574,88950
366588.837,6014832.317,89000
366615.459,6014789.994,89050
366641.976,6014747.604,89100
366668.388,6014705.15,89150
366694.694,6014662.629,89200
366720.895,6014620.044,89250
366746.99,6014577.393,89300
366772.979,6014534.678,89350
366798.861,6014491.899,89400
366824.638,6014449.055,89450
366850.307,6014406.147,89500
366875.871,6014363.176,89550
366901.327,6014320.142,89600
366926.676,6014277.044,89650
366951.919,6014233.884,89700
366977.054,6014190.661,89750
367002.082,6014147.375,89800
367027.002,6014104.028,89850
367051.718,6014060.565,89900
367076.325,6014017.039,89950
367101.091,6013973.604,90000
367126.017,6013930.26,90050
367151.103,6013887.008,90100
367176.347,6013843.849,90150
367201.75,6013800.783,90200
367227.312,6013757.81,90250
367253.031,6013714.932,90300
367278.907,6013672.149,90350
367304.941,6013629.462,90400
367331.132,6013586.87,90450
367357.48,6013544.375,90500
367383.983,6013501.978,90550
367410.642,6013459.678,90600
367437.457,6013417.476,90650
367464.427,6013375.374,90700
367491.551,6013333.371,90750
367518.83,6013291.467,90800
367546.263,6013249.665,90850
367573.849,6013207.964,90900
367601.588,6013166.364,90950
367629.481,6013124.867,91000
367657.526,6013083.473,91050
367685.723,6013042.182,91100
367714.071,6013000.995,91150
367742.571,6012959.913,91200
367771.222,6012918.936,91250
367800.024,6012878.065,91300
367828.975,6012837.299,91350
367858.077,6012796.641,91400
367887.327,6012756.09,91450
367916.727,6012715.647,91500
367946.275,6012675.312,91550
367975.972,6012635.086,91600
368005.816,6012594.97,91650
368035.808,6012554.964,91700
368065.946,6012515.068,91750
368096.231,6012475.283,91800
368126.663,6012435.611,91850
368157.24,6012396.05,91900
368187.962,6012356.602,91950
368218.829,6012317.268,92000
368249.841,6012278.047,92050
368280.997,6012238.94,92100
368312.296,6012199.949,92150
368343.739,6012161.073,92200
368375.325,6012122.312,92250
368407.053,6012083.669,92300
368438.922,6012045.142,92350
368470.934,6012006.733,92400
368503.086,6011968.441,92450
368535.379,6011930.269,92500
368567.812,6011892.215,92550
368600.385,6011854.281,92600
368633.098,6011816.467,92650
368665.949,6011778.774,92700
368698.939,6011741.201,92750
368732.066,6011703.751,92800
368765.332,6011666.422,92850
368798.734,6011629.216,92900
368834.393,6011594.194,92950
368870.173,6011559.269,93000
368905.6,6011523.985,93050
368940.669,6011488.347,93100
368975.378,6011452.357,93150
369009.722,6011416.019,93200
369043.699,6011379.336,93250
369077.304,6011342.314,93300
369110.534,6011304.955,93350
369143.387,6011267.262,93400
369175.858,6011229.241,93450
369207.944,6011190.895,93500
369239.642,6011152.227,93550
369270.949,6011113.242,93600
369301.862,6011073.943,93650
369332.377,6011034.335,93700
369362.492,6010994.421,93750
369392.203,6010954.207,93800
369421.507,6010913.694,93850
369450.402,6010872.889,93900
369478.884,6010831.795,93950
369506.951,6010790.416,94000
369534.599,6010748.756,94050
369561.826,6010706.819,94100
369588.63,6010664.611,94150
369615.006,6010622.134,94200
369640.954,6010579.394,94250
369666.469,6010536.395,94300
369691.55,6010493.141,94350
369716.194,6010449.636,94400
369740.399,6010405.886,94450
369764.161,6010361.893,94500
369787.479,6010317.664,94550
369810.35,6010273.201,94600
369832.772,6010228.511,94650
369854.743,6010183.597,94700
369876.26,6010138.464,94750
369897.321,6010093.116,94800
369917.925,6010047.559,94850
369938.068,6010001.796,94900
369957.749,6009955.833,94950
369976.966,6009909.674,95000
369995.717,6009863.323,95050
370014.001,6009816.786,95100
370031.844,6009770.078,95150
370049.831,6009723.426,95200
370068.097,6009676.882,95250
370086.642,6009630.448,95300
370105.465,6009584.126,95350
370124.564,6009537.918,95400
370143.941,6009491.825,95450
370163.592,6009445.849,95500
370183.519,6009399.992,95550
370203.721,6009354.255,95600
370224.196,6009308.639,95650
370244.944,6009263.147,95700
370265.963,6009217.78,95750
370287.255,6009172.54,95800
370308.817,6009127.428,95850
370330.648,6009082.447,95900
370352.749,6009037.596,95950
370375.118,6008992.879,96000
370397.755,6008948.297,96050
370420.658,6008903.851,96100
370443.827,6008859.543,96150
370467.261,6008815.375,96200
370490.959,6008771.348,96250
370514.921,6008727.463,96300
370539.145,6008683.723,96350
370563.63,6008640.129,96400
370588.376,6008596.682,96450
370613.382,6008553.384,96500
370638.647,6008510.237,96550
370664.17,6008467.242,96600
370689.95,6008424.401,96650
370715.986,6008381.715,96700
370742.277,6008339.185,96750
370768.823,6008296.814,96800
370795.622,6008254.602,96850
370822.673,6008212.552,96900
370849.976,6008170.665,96950
370877.529,6008128.942,97000
370905.332,6008087.384,97050
370933.383,6008045.994,97100
370961.681,6008004.773,97150
370990.226,6007963.722,97200
371019.016,6007922.843,97250
371048.051,6007882.137,97300
371077.329,6007841.606,97350
371106.849,6007801.25,97400
371136.611,6007761.072,97450
371166.612,6007721.074,97500
371196.853,6007681.255,97550
371227.331,6007641.619,97600
371258.047,6007602.166,97650
371288.998,6007562.897,97700
371323.401,6007526.666,97750
371358.024,6007490.594,97800
371392.197,6007454.095,97850
371425.916,6007417.176,97900
371459.175,6007379.843,97950
371491.969,6007342.1,98000
371524.294,6007303.954,98050
371556.143,6007265.41,98100
371587.512,6007226.475,98150
371618.397,6007187.155,98200
371648.792,6007147.455,98250
371678.693,6007107.381,98300
371708.095,6007066.94,98350
371736.995,6007026.138,98400
371765.387,6006984.982,98450
371793.266,6006943.476,98500
371820.63,6006901.629,98550
371847.473,6006859.446,98600
371873.792,6006816.934,98650
371899.582,6006774.098,98700
371924.839,6006730.947,98750
371949.56,6006687.487,98800
371973.741,6006643.723,98850
371997.378,6006599.663,98900
372020.468,6006555.314,98950
372043.006,6006510.682,99000
372064.99,6006465.775,99050
372086.416,6006420.599,99100
372107.281,6006375.16,99150
372127.581,6006329.467,99200
372147.314,6006283.526,99250
372166.476,6006237.344,99300
372185.065,6006190.928,99350
372203.077,6006144.286,99400
372220.511,6006097.424,99450
372237.362,6006050.35,99500
372253.629,6006003.07,99550
372269.31,6005955.593,99600
372284.401,6005907.925,99650
372298.9,6005860.074,99700
372312.806,6005812.047,99750
372329.665,6005765.045,99800
372348.694,6005718.807,99850
372368.222,6005672.779,99900
372388.246,6005626.964,99950
372408.765,6005581.368,100000
372429.777,6005535.998,100050
372451.277,6005490.857,100100
372473.266,6005445.952,100150
372495.738,6005401.287,100200
372518.693,6005356.868,100250
372542.127,6005312.699,100300
372566.037,6005268.787,100350
372590.421,6005225.137,100400
372615.276,6005181.752,100450
372640.599,6005138.639,100500
372666.387,6005095.803,100550
372692.637,6005053.248,100600
372719.346,6005010.98,100650
372746.511,6004969.003,100700
372774.128,6004927.322,100750
372802.194,6004885.943,100800
372830.707,6004844.87,100850
372859.662,6004804.108,100900
372889.057,6004763.661,100950
372918.888,6004723.535,101000
372949.151,6004683.734,101050
372979.843,6004644.262,101100
373010.96,6004605.126,101150
373042.499,6004566.328,101200
373074.456,6004527.873,101250
373106.827,6004489.767,101300
373139.608,6004452.013,101350
373172.796,6004414.616,101400
373206.387,6004377.58,101450
373240.376,6004340.91,101500
373274.76,6004304.61,101550
373309.535,6004268.684,101600
373344.697,6004233.136,101650
373379.794,6004197.588,101700
373408.933,6004156.957,101750
373438.073,6004116.326,101800
373467.213,6004075.694,101850
373496.352,6004035.063,101900
373525.492,6003994.432,101950
373554.631,6003953.801,102000
373583.771,6003913.17,102050
373612.91,6003872.539,102100
373642.05,6003831.908,102150
373671.189,6003791.277,102200
373700.329,6003750.645,102250
373729.468,6003710.014,102300
373758.608,6003669.383,102350
373787.747,6003628.752,102400
373816.887,6003588.121,102450
373846.026,6003547.49,102500
373875.166,6003506.859,102550
373904.305,6003466.227,102600
373933.445,6003425.596,102650
373962.584,6003384.965,102700
373991.724,6003344.334,102750
374020.863,6003303.703,102800
374047.41,6003261.407,102850
374072.238,6003218.007,102900
374097.067,6003174.607,102950
374121.895,6003131.207,103000
374146.724,6003087.807,103050
374171.552,6003044.407,103100
374196.381,6003001.007,103150
374221.209,6002957.608,103200
374246.037,6002914.208,103250
374270.866,6002870.808,103300
374295.694,6002827.408,103350
374320.523,6002784.008,103400
374345.351,6002740.608,103450
374370.18,6002697.208,103500
374395.008,6002653.808,103550
374419.836,6002610.409,103600
374444.665,6002567.009,103650
374469.493,6002523.609,103700
374494.322,6002480.209,103750
374519.15,6002436.809,103800
374543.978,6002393.409,103850
374568.807,6002350.009,103900
374593.635,6002306.609,103950
374618.464,6002263.209,104000
374643.292,6002219.81,104050
374668.121,6002176.41,104100
374692.949,6002133.01,104150
374717.777,6002089.61,104200
374742.606,6002046.21,104250
374767.434,6002002.81,104300
374792.263,6001959.41,104350
374817.091,6001916.01,104400
374841.92,6001872.611,104450
374866.748,6001829.211,104500
374891.576,6001785.811,104550
374916.405,6001742.411,104600
374941.233,6001699.011,104650
374966.062,6001655.611,104700
374990.89,6001612.211,104750
375015.718,6001568.811,104800
375040.547,6001525.412,104850
375065.375,6001482.012,104900
375090.204,6001438.612,104950
375115.032,6001395.212,105000
375139.861,6001351.812,105050
375164.689,6001308.412,105100
375189.517,6001265.012,105150
375214.346,6001221.612,105200
375239.174,6001178.213,105250
375264.003,6001134.813,105300
375288.831,6001091.413,105350
375313.66,6001048.013,105400
375338.488,6001004.613,105450
375363.316,6000961.213,105500
375388.145,6000917.813,105550
375412.973,6000874.413,105600
375437.802,6000831.013,105650
375462.63,6000787.614,105700
375487.458,6000744.214,105750
375512.287,6000700.814,105800
375537.115,6000657.414,105850
375561.944,6000614.014,105900
375586.772,6000570.614,105950
375611.601,6000527.214,106000
375636.429,6000483.814,106050
375661.257,6000440.415,106100
375686.086,6000397.015,106150
375710.914,6000353.615,106200
375735.743,6000310.215,106250
375760.571,6000266.815,106300
375785.399,6000223.415,106350
375810.228,6000180.015,106400
375835.056,6000136.615,106450
375859.885,6000093.216,106500
375884.713,6000049.816,106550
375909.542,6000006.416,106600
375934.37,5999963.016,106650
375959.198,5999919.616,106700
375984.027,5999876.216,106750
376008.855,5999832.816,106800
376033.684,5999789.416,106850
376058.512,5999746.016,106900
376083.341,5999702.617,106950
376108.169,5999659.217,107000
376132.997,5999615.817,107050
376157.826,5999572.417,107100
376182.654,5999529.017,107150
376207.483,5999485.617,107200
376232.311,5999442.217,107250
376257.139,5999398.817,107300
376281.968,5999355.418,107350
376306.796,5999312.018,107400
376331.625,5999268.618,107450
376356.453,5999225.218,107500
376381.282,5999181.818,107550
376406.11,5999138.418,107600
376430.938,5999095.018,107650
376455.767,5999051.618,107700
376480.595,5999008.219,107750
376505.424,5998964.819,107800
376530.252,5998921.419,107850
376555.081,5998878.019,107900
376579.909,5998834.619,107950
376604.737,5998791.219,108000
376629.566,5998747.819,108050
376654.394,5998704.419,108100
376679.223,5998661.019,108150
376704.051,5998617.62,108200
376728.879,5998574.22,108250
376753.708,5998530.82,108300
376778.536,5998487.42,108350
376803.365,5998444.02,108400
376828.193,5998400.62,108450
376853.022,5998357.22,108500
376877.85,5998313.82,108550
376902.678,5998270.421,108600
376927.507,5998227.021,108650
376952.335,5998183.621,108700
376977.164,5998140.221,108750
377001.992,5998096.821,108800
377026.821,5998053.421,108850
377051.649,5998010.021,108900
377076.477,5997966.621,108950
377101.306,5997923.222,109000
377126.134,5997879.822,109050
377150.963,5997836.422,109100
377175.791,5997793.022,109150
377200.619,5997749.622,109200
377225.448,5997706.222,109250
377250.276,5997662.822,109300
377275.105,5997619.422,109350
377299.933,5997576.023,109400
377324.762,5997532.623,109450
377349.59,5997489.223,109500
377374.418,5997445.823,109550
377399.247,5997402.423,109600
377424.075,5997359.023,109650
377448.904,5997315.623,109700
377473.732,5997272.223,109750
377498.56,5997228.823,109800
377523.389,5997185.424,109850
377548.217,5997142.024,109900
377573.046,5997098.624,109950
377597.874,5997055.224,110000
377622.703,5997011.824,110050
377647.531,5996968.424,110100
377672.359,5996925.024,110150
377697.188,5996881.624,110200
377722.016,5996838.225,110250
377746.845,5996794.825,110300
377771.673,5996751.425,110350
377796.502,5996708.025,110400
377821.33,5996664.625,110450
377846.158,5996621.225,110500
377870.987,5996577.825,110550
377895.815,5996534.425,110600
377920.644,5996491.026,110650
377945.472,5996447.626,110700
377970.3,5996404.226,110750
377995.129,5996360.826,110800
378019.957,5996317.426,110850
378044.786,5996274.026,110900
378069.614,5996230.626,110950
378094.443,5996187.226,111000
378119.271,5996143.826,111050
378144.099,5996100.427,111100
378168.928,5996057.027,111150
378193.756,5996013.627,111200
378218.585,5995970.227,111250
378243.413,5995926.827,111300
378268.242,5995883.427,111350
378293.07,5995840.027,111400
378317.898,5995796.627,111450
378342.727,5995753.228,111500
378367.555,5995709.828,111550
378392.384,5995666.428,111600
378417.212,5995623.028,111650
378442.04,5995579.628,111700
378466.869,5995536.228,111750
378491.697,5995492.828,111800
378516.526,5995449.428,111850
378541.354,5995406.029,111900
378566.183,5995362.629,111950
378591.011,5995319.229,112000
378615.839,5995275.829,112050
378640.668,5995232.429,112100
378665.496,5995189.029,112150
378690.325,5995145.629,112200
378715.153,5995102.229,112250
378739.982,5995058.829,112300
378764.81,5995015.43,112350
378789.638,5994972.03,112400
378814.467,5994928.63,112450
378839.295,5994885.23,112500
378864.124,5994841.83,112550
378888.952,5994798.43,112600
378913.78,5994755.03,112650
378938.609,5994711.63,112700
378963.437,5994668.231,112750
378988.266,5994624.831,112800
379013.094,5994581.431,112850
379037.923,5994538.031,112900
379062.751,5994494.631,112950
379087.579,5994451.231,113000
379112.408,5994407.831,113050
379137.236,5994364.431,113100
379162.065,5994321.032,113150
379186.893,5994277.632,113200
379211.722,5994234.232,113250
379236.55,5994190.832,113300
379261.378,5994147.432,113350
379286.207,5994104.032,113400
379311.035,5994060.632,113450
379335.864,5994017.232,113500
379360.692,5993973.833,113550
379385.52,5993930.433,113600
379410.349,5993887.033,113650
379435.177,5993843.633,113700
379460.006,5993800.233,113750
379484.834,5993756.833,113800
379509.663,5993713.433,113850
379534.491,5993670.033,113900
379559.319,5993626.633,113950
379584.148,5993583.234,114000
379608.976,5993539.834,114050
379633.805,5993496.434,114100
379658.633,5993453.034,114150
379683.461,5993409.634,114200
379708.29,5993366.234,114250
379733.118,5993322.834,114300
379757.947,5993279.434,114350
379782.775,5993236.035,114400
379807.604,5993192.635,114450
379832.432,5993149.235,114500
379857.26,5993105.835,114550
379882.089,5993062.435,114600
379906.917,5993019.035,114650
379931.746,5992975.635,114700
379956.574,5992932.235,114750
379981.403,5992888.836,114800
380006.231,5992845.436,114850
380031.059,5992802.036,114900
380055.888,5992758.636,114950
380080.716,5992715.236,115000
380105.545,5992671.836,115050
380130.373,5992628.436,115100
380155.201,5992585.036,115150
380180.03,5992541.636,115200
380204.858,5992498.237,115250
380229.687,5992454.837,115300
380254.515,5992411.437,115350
380279.344,5992368.037,115400
380304.172,5992324.637,115450
380329,5992281.237,115500
380353.829,5992237.837,115550
380378.657,5992194.437,115600
380403.486,5992151.038,115650
380428.314,5992107.638,115700
380453.143,5992064.238,115750
380477.971,5992020.838,115800
380502.799,5991977.438,115850
380527.628,5991934.038,115900
380552.456,5991890.638,115950
380577.285,5991847.238,116000
380602.113,5991803.839,116050
380626.941,5991760.439,116100
380651.77,5991717.039,116150
380676.598,5991673.639,116200
380701.427,5991630.239,116250
380726.255,5991586.839,116300
380751.084,5991543.439,116350
380775.912,5991500.039,116400
380800.74,5991456.639,116450
380825.569,5991413.24,116500
380850.397,5991369.84,116550
380875.226,5991326.44,116600
380900.054,5991283.04,116650
380924.883,5991239.64,116700
380949.711,5991196.24,116750
380974.539,5991152.84,116800
380999.368,5991109.44,116850
381024.196,5991066.041,116900
381049.025,5991022.641,116950
381073.853,5990979.241,117000
381098.681,5990935.841,117050
381123.51,5990892.441,117100
381148.338,5990849.041,117150
381173.167,5990805.641,117200
381197.995,5990762.241,117250
381222.824,5990718.842,117300
381247.652,5990675.442,117350
381272.48,5990632.042,117400
381297.309,5990588.642,117450
381322.137,5990545.242,117500
381346.966,5990501.842,117550
381371.794,5990458.442,117600
381396.623,5990415.042,117650
381421.451,5990371.643,117700
381446.279,5990328.243,117750
381471.108,5990284.843,117800
381495.936,5990241.443,117850
381520.765,5990198.043,117900
381545.593,5990154.643,117950
381570.421,5990111.243,118000
381595.25,5990067.843,118050
381620.078,5990024.443,118100
381644.907,5989981.044,118150
381669.735,5989937.644,118200
381694.564,5989894.244,118250
381719.392,5989850.844,118300
381744.22,5989807.444,118350
381769.049,5989764.044,118400
381793.877,5989720.644,118450
381818.706,5989677.244,118500
381843.534,5989633.845,118550
381868.362,5989590.445,118600
381893.191,5989547.045,118650
381918.019,5989503.645,118700
381942.848,5989460.245,118750
381967.676,5989416.845,118800
381992.505,5989373.445,118850
382017.333,5989330.045,118900
382042.161,5989286.646,118950
382066.99,5989243.246,119000
382091.818,5989199.846,119050
382116.647,5989156.446,119100
382141.475,5989113.046,119150
382166.304,5989069.646,119200
382191.132,5989026.246,119250
382215.96,5988982.846,119300
382240.789,5988939.446,119350
382265.617,5988896.047,119400
382290.446,5988852.647,119450
382315.274,5988809.247,119500
382340.102,5988765.847,119550
382364.931,5988722.447,119600
382389.759,5988679.047,119650
382414.588,5988635.647,119700
382439.416,5988592.247,119750
382464.245,5988548.848,119800
382489.073,5988505.448,119850
382513.901,5988462.048,119900
382538.73,5988418.648,119950
382563.558,5988375.248,120000
382588.387,5988331.848,120050
382613.215,5988288.448,120100
382638.044,5988245.048,120150
382662.872,5988201.649,120200
382687.7,5988158.249,120250
382712.529,5988114.849,120300
382737.357,5988071.449,120350
382762.186,5988028.049,120400
382787.014,5987984.649,120450
382811.842,5987941.249,120500
382836.671,5987897.849,120550
382861.499,5987854.45,120600
382886.328,5987811.05,120650
382911.156,5987767.65,120700
382935.985,5987724.25,120750
382960.813,5987680.85,120800
382985.641,5987637.45,120850
383010.47,5987594.05,120900
383035.298,5987550.65,120950
383060.127,5987507.25,121000
383084.955,5987463.851,121050
383109.784,5987420.451,121100
383134.612,5987377.051,121150
383159.44,5987333.651,121200
383184.269,5987290.251,121250
383209.097,5987246.851,121300
