#Bulk Export - Points every 1 day(s),,,,,,
,,A4261005,A4260526,A4260570,A4260571,A4261006
,,Lake Alexandrina at Goolwa Barrage Daily,Lake Alexandrina at Mundoo Barrage Daily,Lake Alexandrina at Boundary Creek Barrage Daily,Lake Alexandrina at Ewe Island Barrage Daily,Lake Alexandrina at Tauwitchere Barrage Daily
,,Discharge.Total Barrage Flow--Daily Totals (ML),Discharge.Total Barrage Flow--Daily Totals (ML),Discharge.Total Barrage Flow--Daily Total (ML),Discharge.Total Barrage Flow--Daily Totals (ML),Discharge.Total Barrage Flow--Daily Totals (ML)
Start of Interval (UTC+09:30),End of Interval (UTC+09:30),Total (m^3),Total (m^3),Total (m^3),Total (m^3),Total (m^3)
2022-01-01 12:00:00,2022-01-02 12:00:00,1153337.2678195057,61053.230478278245,167408.54565840948,68543.4057731494,12278342.421710331
2022-01-02 12:00:00,2022-01-03 12:00:00,1059746.157987407,57544.35670653441,156635.69445887074,64330.65008937877,10119362.257425435
2022-01-03 12:00:00,2022-01-04 12:00:00,1131780.0047464184,58605.110353250406,146773.40309151576,64908.10232898331,11376062.737166576
2022-01-04 12:00:00,2022-01-05 12:00:00,1103325.7240184322,58132.51752072707,124050.68542444942,64464.21914814974,12841499.887851886
2022-01-05 12:00:00,2022-01-06 12:00:00,1064468.1508280975,57486.99637615423,113045.4493947037,64634.2937334714,15144291.09207077
2022-01-06 12:00:00,2022-01-07 12:00:00,1055904.0642641196,57160.773102773615,111928.03015869542,65357.23627826381,15017095.309716173
2022-01-07 12:00:00,2022-01-08 12:00:00,1212868.979033377,60135.80544564505,127686.0647337666,67895.14166476393,12945975.672554668
2022-01-08 12:00:00,2022-01-09 12:00:00,1456230.29341911,66960.71344811027,168815.2443685754,73624.8058798288,17232832.682540327
2022-01-09 12:00:00,2022-01-10 12:00:00,1522993.9303535097,68876.99120125899,188694.59194171906,75530.3208180601,21794356.049400605
2022-01-10 12:00:00,2022-01-11 12:00:00,1515743.388438303,458862.5575794567,195184.1310476377,1317141.474265961,22107691.61136415
2022-01-11 12:00:00,2022-01-12 12:00:00,1434958.2752485396,1117630.3725233474,188137.29897400417,3480099.072844873,20165934.324296676
2022-01-12 12:00:00,2022-01-13 12:00:00,1260793.447644331,1323047.4121942918,153596.38650021222,4153402.3206010233,17079878.22483264
2022-01-13 12:00:00,2022-01-14 12:00:00,1128855.5868529924,988906.5106686573,121374.1124366615,3793713.2370875506,14597509.08277625
2022-01-14 12:00:00,2022-01-15 12:00:00,1202832.5003436636,388828.4626570386,126598.90004989435,3903276.7985342424,15129172.247171367
2022-01-15 12:00:00,2022-01-16 12:00:00,1218632.522393055,58059.78525869787,127731.51952082817,3974577.5674693407,15447007.530386709
2022-01-16 12:00:00,2022-01-17 12:00:00,1093766.7709472817,55505.48263043897,114290.27401642018,3198517.708777935,13971007.021790618
2022-01-17 12:00:00,2022-01-18 12:00:00,1094128.9565948239,55545.09379954732,111256.86610231941,2193034.7162103383,12938719.67732849
2022-01-18 12:00:00,2022-01-19 12:00:00,1245410.4423126692,59312.38953962194,123882.89913304067,2048010.4918970042,15215179.516366739
2022-01-19 12:00:00,2022-01-20 12:00:00,1437506.4739071801,64667.8162114274,153045.11968279694,2494016.005997551,17707346.64043813
2022-01-20 12:00:00,2022-01-21 12:00:00,1526874.9218430778,67103.67365734986,166030.49700731027,2886257.359428558,16519452.262871075
2022-01-21 12:00:00,2022-01-22 12:00:00,1478248.1781695876,66090.6417225918,154802.0886666645,3090865.7920731436,15492918.218718909
2022-01-22 12:00:00,2022-01-23 12:00:00,1385006.610204917,63683.63406819202,141029.42316743432,2966344.3480406124,14959482.265192255
2022-01-23 12:00:00,2022-01-24 12:00:00,1373569.435116303,63276.903871344504,144917.10267585178,2807036.6321796244,14733172.297999024
2022-01-24 12:00:00,2022-01-25 12:00:00,1361406.977135697,63082.98342256897,144793.84396995069,2678288.514774545,14497967.656733025
2022-01-25 12:00:00,2022-01-26 12:00:00,1264686.098438167,60280.85815504605,126579.57947714576,2461395.112059626,14393963.167471144
2022-01-26 12:00:00,2022-01-27 12:00:00,1184500.2935043518,58707.83962185963,126164.07655505894,2332384.896871754,14900545.559517771
2022-01-27 12:00:00,2022-01-28 12:00:00,1111913.8149413858,56542.66033411705,119775.20546546757,2173437.937051803,13762364.342433339
2022-01-28 12:00:00,2022-01-29 12:00:00,1136764.9359570667,55688.96885355663,110510.74100236711,2060699.6941203778,12590892.661019817
2022-01-29 12:00:00,2022-01-30 12:00:00,1268788.7320580604,58746.251934197644,121783.17132648375,2231384.2525613336,14277162.11803621
2022-01-30 12:00:00,2022-01-31 12:00:00,1261162.7090319577,58822.55190163422,119462.9893313286,2340326.979169906,15364547.096213423
2022-01-31 12:00:00,2022-02-01 12:00:00,1039707.6530415431,50324.19723275535,85121.15596537023,2019927.3660023636,11786927.80834392
2022-02-01 12:00:00,2022-02-02 12:00:00,1011432.8881026241,48799.879757830386,83294.43289452192,2001787.8159747669,11022994.865104575
2022-02-02 12:00:00,2022-02-03 12:00:00,1163505.634407423,54563.43965496069,102908.36394600794,2208798.6657866645,13384555.835018191
2022-02-03 12:00:00,2022-02-04 12:00:00,1255296.1328412206,56814.78196112728,107410.58285932368,2313370.160119174,14444010.914003357
2022-02-04 12:00:00,2022-02-05 12:00:00,1328153.0462920468,59036.116944942274,116467.30958200217,2742177.4557809117,16411071.343117349
2022-02-05 12:00:00,2022-02-06 12:00:00,1372067.966979257,60737.16857760992,125355.15961415035,3118645.75271766,18221278.64160325
2022-02-06 12:00:00,2022-02-07 12:00:00,1713095.0383691154,452365.25649761315,134965.9143469933,3265936.13585666,18717605.859498963
2022-02-07 12:00:00,2022-02-08 12:00:00,2104985.5352856545,1064132.8673629223,129156.71494542513,3225162.122838491,16901613.9504299
2022-02-08 12:00:00,2022-02-09 12:00:00,1839714.9488907764,1097126.6639635875,100404.41929470452,2535108.2506740754,12223860.151523747
2022-02-09 12:00:00,2022-02-10 12:00:00,1610164.3536648843,956522.7717705911,83076.38650925888,1981490.4047242256,8915020.72170974
2022-02-10 12:00:00,2022-02-11 12:00:00,1874970.3244773569,1429603.7895287753,92878.15493659905,2263346.9811844476,9462850.686381485
2022-02-11 12:00:00,2022-02-12 12:00:00,2139034.913631269,2147064.215792652,104877.81000739144,2677840.204630907,11258222.784063436
2022-02-12 12:00:00,2022-02-13 12:00:00,2204929.703322402,2408038.3520841477,103594.02235570418,2869455.23332783,12466286.656445442
2022-02-13 12:00:00,2022-02-14 12:00:00,2034556.1598842402,2256038.705269914,86365.81590030342,2745480.932612877,11554680.496755783
2022-02-14 12:00:00,2022-02-15 12:00:00,1925332.6011137748,2138290.347242521,76814.43454943137,2617443.441813397,10603197.896023706
2022-02-15 12:00:00,2022-02-16 12:00:00,1910459.2831980456,2123117.9051030576,75648.2398392518,2620049.859326346,10666098.848477747
2022-02-16 12:00:00,2022-02-17 12:00:00,1747239.0515225772,1969375.8227685527,67885.4847542597,2447106.9001277885,9815529.259197585
2022-02-17 12:00:00,2022-02-18 12:00:00,1483820.8526672546,1680435.1570819416,58756.16096211665,1948135.4198339884,7644728.789224964
2022-02-18 12:00:00,2022-02-19 12:00:00,1496386.5272118826,1618160.0091488983,72614.5311968367,1837383.414656967,7289695.985478572
2022-02-19 12:00:00,2022-02-20 12:00:00,1471924.2425675574,1556442.0266146571,77176.77119905679,1873589.9136539465,7417070.9921506625
2022-02-20 12:00:00,2022-02-21 12:00:00,1431570.1122629151,1494376.887432876,74483.7745784166,1758519.4280669685,6892115.541845089
2022-02-21 12:00:00,2022-02-22 12:00:00,1674593.8406013376,1770219.1686772946,92614.81403596203,1980371.679564993,7779787.915458413
2022-02-22 12:00:00,2022-02-23 12:00:00,1787864.6424054569,2212483.2206307184,95721.81375836514,2149983.206546761,8505572.483039994
2022-02-23 12:00:00,2022-02-24 12:00:00,1750690.8088213443,2370957.1240385156,78622.22843123914,2105395.706388853,7991739.790366659
2022-02-24 12:00:00,2022-02-25 12:00:00,1813734.0874341188,2333848.911260101,76497.00696677304,2165914.470420869,7966080.925255822
2022-02-25 12:00:00,2022-02-26 12:00:00,1956006.1358116805,2803842.966105544,87847.68543995706,2449861.9635166265,9286612.439889673
2022-02-26 12:00:00,2022-02-27 12:00:00,1980221.8089794987,3176709.5485967016,87415.01722129845,2602376.4589214907,9882601.883093098
2022-02-27 12:00:00,2022-02-28 12:00:00,2009989.9820299828,3210053.7625492397,94604.0905894608,2600712.299962853,9791971.352387574
2022-02-28 12:00:00,2022-03-01 12:00:00,2232382.360826577,3482295.708582403,101439.56531617258,2576989.0633338448,9695166.53657417
2022-03-01 12:00:00,2022-03-02 12:00:00,2592958.866879733,4249469.080824231,100635.03380131122,2601760.6388299703,9772829.291473906
2022-03-02 12:00:00,2022-03-03 12:00:00,2855131.385534021,5119821.306115098,107165.53646091298,3506385.268528413,10359822.872141292
2022-03-03 12:00:00,2022-03-04 12:00:00,2626533.0482528256,4731574.511227485,96022.2527028441,3753374.2241657665,9398337.772796592
2022-03-04 12:00:00,2022-03-05 12:00:00,2193954.027519099,3596991.8603595085,66316.98949231007,2798062.486973664,6998253.567227779
2022-03-05 12:00:00,2022-03-06 12:00:00,2412890.733573831,3602503.7886607097,67926.93441306203,2783511.147363985,6193864.1286708675
2022-03-06 12:00:00,2022-03-07 12:00:00,2995133.1420897334,4370503.86614375,80910.20474776524,3281709.1811030214,7433395.450480556
2022-03-07 12:00:00,2022-03-08 12:00:00,3428028.068760437,4665704.112582585,78122.68014605719,3388953.6554304743,8107451.581291771
2022-03-08 12:00:00,2022-03-09 12:00:00,3935241.112955424,5128708.122325854,86929.86843057515,3850559.370946736,9455567.249831885
2022-03-09 12:00:00,2022-03-10 12:00:00,4397569.159219482,5897101.9088635035,99715.34469976122,4800417.970055023,12435458.259108763
2022-03-10 12:00:00,2022-03-11 12:00:00,4321537.1127852965,5715341.175428046,100095.59333362181,5357531.524306525,13684647.0704601
2022-03-11 12:00:00,2022-03-12 12:00:00,3860669.3561799093,4879373.933199109,95680.05119367217,5462736.556556346,12908448.169837642
2022-03-12 12:00:00,2022-03-13 12:00:00,3501652.2286548754,4369470.273781253,93108.14243273744,3667506.0026889825,11433472.009111792
2022-03-13 12:00:00,2022-03-14 12:00:00,3353885.289560491,4216315.1625736095,88621.43878879046,976504.0435443276,10383043.166184932
2022-03-14 12:00:00,2022-03-15 12:00:00,3358562.675458212,4244155.740886608,96976.09149249061,68823.91056259257,10305244.45089208
2022-03-15 12:00:00,2022-03-16 12:00:00,3309541.0820993846,4222454.215194196,107987.62725742495,69064.37008857488,10288855.540208053
2022-03-16 12:00:00,2022-03-17 12:00:00,3086507.913487941,3911556.242526877,87423.71761605334,66602.13912136319,9298898.432430334
2022-03-17 12:00:00,2022-03-18 12:00:00,2785762.834147771,3560045.8451178214,68770.33263137875,63262.149301794685,8033989.29384037
2022-03-18 12:00:00,2022-03-19 12:00:00,2804469.3737547486,3617361.5738216005,78691.17528109983,63879.51234233979,8238980.568351756
2022-03-19 12:00:00,2022-03-20 12:00:00,2732613.022655673,3523301.711872953,71880.2138715128,63246.56823531358,8101998.916915311
2022-03-20 12:00:00,2022-03-21 12:00:00,2460113.774227948,3188808.456209441,58110.22525943421,59549.33917861676,7358301.835869767
2022-03-21 12:00:00,2022-03-22 12:00:00,2439939.0785551895,3190440.081515588,59928.44730954061,59551.102175078035,7452386.775980707
2022-03-22 12:00:00,2022-03-23 12:00:00,2482561.248500933,3288913.6080750427,62883.16837608842,60917.49174837754,7587527.215004374
2022-03-23 12:00:00,2022-03-24 12:00:00,2572280.266576631,3396222.675156798,67061.96520106096,61763.8238706415,7949867.061094441
2022-03-24 12:00:00,2022-03-25 12:00:00,2603329.919445595,3061836.510647704,576276.7956036087,62192.99270908124,7871440.832157711
2022-03-25 12:00:00,2022-03-26 12:00:00,2712617.6859079734,2290762.359199006,1526040.5254178992,62976.66512016297,7989031.692973891
2022-03-26 12:00:00,2022-03-27 12:00:00,2771490.2683589207,1905188.304215991,1949875.56815407,63719.27988377268,8467796.741213027
2022-03-27 12:00:00,2022-03-28 12:00:00,2629214.1433061,2240211.699074628,1433911.2127758663,62627.68880483761,8052851.593039901
2022-03-28 12:00:00,2022-03-29 12:00:00,2546800.1880418295,2949270.9943894353,493722.1404534471,61702.00141887038,7473438.9312481675
2022-03-29 12:00:00,2022-03-30 12:00:00,2461063.8653855766,3213515.417995949,45180.368870582926,60621.66878485403,6827837.486436393
2022-03-30 12:00:00,2022-03-31 12:00:00,2514410.738111237,3192299.2409899915,42557.43800191686,59758.85441971363,6178534.03980366
2022-03-31 12:00:00,2022-04-01 12:00:00,2931145.881943304,3613576.0736353067,51289.05106387292,62877.43361000267,7856817.512310473
2022-04-01 12:00:00,2022-04-02 12:00:00,3231318.881063369,4001940.2124197977,53988.14426787532,66091.94147300051,10853745.913146235
2022-04-02 12:00:00,2022-04-03 12:00:00,3010933.6762678577,3861489.8514049733,45302.05526131642,65049.859401212816,11627537.23924125
2022-04-03 12:00:00,2022-04-04 12:00:00,2431545.677365095,3037106.821910234,38890.516283086836,63003.6145946489,9956452.761678759
2022-04-04 12:00:00,2022-04-05 12:00:00,1798299.4381896984,2086679.4297866374,39585.28702084002,62001.53833284751,8295977.914220912
2022-04-05 12:00:00,2022-04-06 12:00:00,1387999.1061538756,1623448.5599415612,37448.00502594707,57607.29765167109,6987133.135635771
2022-04-06 12:00:00,2022-04-07 12:00:00,1396767.63093587,1603971.2260185254,38023.19957500085,57434.558642219024,6206064.654673952
2022-04-07 12:00:00,2022-04-08 12:00:00,1635517.3994434632,1854093.2499468657,46781.2151534084,62900.034632933006,7133016.456801197
2022-04-08 12:00:00,2022-04-09 12:00:00,1798700.864157931,2029605.8632705077,59888.10291524281,65609.43327387323,8494927.43750346
2022-04-09 12:00:00,2022-04-10 12:00:00,1717206.6332820724,1949610.1292090644,57478.72352711943,64489.65157206432,8363459.852891998
2022-04-10 12:00:00,2022-04-11 12:00:00,1583914.8716499503,1803672.1035684631,49399.596531528376,62178.00485097301,7358703.930568419
2022-04-11 12:00:00,2022-04-12 12:00:00,1863279.509524541,2055332.1942968383,62798.296111220676,65502.68697565398,9323392.962538691
2022-04-12 12:00:00,2022-04-13 12:00:00,2161947.0943657965,2347598.502644057,73873.24243260353,69348.00051234303,12685019.784956673
2022-04-13 12:00:00,2022-04-14 12:00:00,2060260.5523660542,1898123.651082092,68756.66531126335,68727.98670274444,13288050.439155757
2022-04-14 12:00:00,2022-04-15 12:00:00,1752567.8798457128,718869.79301983,59413.388496583895,65188.25272273226,11246504.141479667
2022-04-15 12:00:00,2022-04-16 12:00:00,1578457.8842243627,43923.81625359907,60190.5166479713,62833.51726674229,9546151.750276582
2022-04-16 12:00:00,2022-04-17 12:00:00,1469678.608707442,41725.54131655075,61352.8650105924,59017.441444997035,8857901.838210786
2022-04-17 12:00:00,2022-04-18 12:00:00,1353296.519980356,38370.950009986016,54199.1381291664,55173.4769853843,7752500.76536743
2022-04-18 12:00:00,2022-04-19 12:00:00,1296348.9858492534,36623.377777168396,49022.33498667572,53466.70566768346,7111152.500274139
2022-04-19 12:00:00,2022-04-20 12:00:00,1258896.4877296719,35467.44105571837,48110.59125345981,51230.580358366125,7186955.389275835
2022-04-20 12:00:00,2022-04-21 12:00:00,1318008.4531740043,37487.2299625142,55956.461464737484,208404.47629481604,7498733.708798122
2022-04-21 12:00:00,2022-04-22 12:00:00,1536031.0609334572,1104544.5841911484,70441.16867481529,1420860.5427400598,7928527.846567115
2022-04-22 12:00:00,2022-04-23 12:00:00,1839353.8395502004,3097169.973439367,77789.25268478866,3308857.5844455143,9102738.009588078
2022-04-23 12:00:00,2022-04-24 12:00:00,2066522.8677227912,4220216.00190392,81102.5778687816,4532453.367048919,10986698.623999331
2022-04-24 12:00:00,2022-04-25 12:00:00,2050932.7993975324,4272386.290181602,80232.98840728289,4731795.6018403135,11750910.007572768
2022-04-25 12:00:00,2022-04-26 12:00:00,1952291.813602163,4128063.1242624875,81164.82688433837,4313637.932568806,11438199.05288915
2022-04-26 12:00:00,2022-04-27 12:00:00,1979636.7229803114,4137149.4501834544,87959.14485760304,4118559.927001835,11376376.70159702
2022-04-27 12:00:00,2022-04-28 12:00:00,1929756.7076425492,4032096.1192499306,85243.02874791191,4039587.0605712654,11320217.370163094
2022-04-28 12:00:00,2022-04-29 12:00:00,1427902.7663451275,3257519.4717635093,62528.97075642613,2989028.6771370717,9015471.674708685
2022-04-29 12:00:00,2022-04-30 12:00:00,934862.8580901807,2522106.365060704,40293.89105068912,1762766.7249182528,5728316.424802707
2022-04-30 12:00:00,2022-05-01 12:00:00,1008227.7775211838,2664375.5695577366,42339.227615573924,1776854.4196876667,5286226.968518021
2022-05-01 12:00:00,2022-05-02 12:00:00,1028371.3452341682,3173519.353775518,53550.25900530329,2212299.426593589,6457673.622107929
2022-05-02 12:00:00,2022-05-03 12:00:00,689441.1086542825,3271655.1012323904,54901.10658984612,2189471.6591353025,7100312.1411601165
2022-05-03 12:00:00,2022-05-04 12:00:00,334654.97177933494,2565143.021235874,41076.08059409681,1650329.4744535792,5737402.295685272
2022-05-04 12:00:00,2022-05-05 12:00:00,284997.25383797457,2405687.443501418,38651.171434107506,1499803.160289168,5046356.692272022
2022-05-05 12:00:00,2022-05-06 12:00:00,411578.55017214245,3048840.5455143545,51108.21055901762,1973307.1836580643,6992987.969508519
2022-05-06 12:00:00,2022-05-07 12:00:00,314517.07701085624,3429012.291755162,56542.41541376568,2323217.676903273,10169849.282095103
2022-05-07 12:00:00,2022-05-08 12:00:00,255217.70134131468,3641425.342829858,68998.8795653485,2758877.651956684,12967054.89794025
2022-05-08 12:00:00,2022-05-09 12:00:00,859614.8501690459,4416865.941172396,82232.02994109878,3205359.3717049537,14090156.474422235
2022-05-09 12:00:00,2022-05-10 12:00:00,1593172.2538803725,5040756.794185733,78813.6499354137,3272246.774459383,14149748.9377098
2022-05-10 12:00:00,2022-05-11 12:00:00,1689365.7789805422,4726946.266112821,69841.18377517076,3012731.660499004,13252413.137075838
2022-05-11 12:00:00,2022-05-12 12:00:00,1545952.1253242497,4317271.835172811,65477.71436074392,2687927.082916159,12041459.588705178
2022-05-12 12:00:00,2022-05-13 12:00:00,1332203.7666680398,4384955.973145641,69265.85559104892,2747511.910066321,12321282.772039842
2022-05-13 12:00:00,2022-05-14 12:00:00,711967.2623059666,3692087.0696075847,61850.98878992026,2414715.4997208966,11254217.046160463
2022-05-14 12:00:00,2022-05-15 12:00:00,181415.7349202099,1807814.1578413574,34874.05031701851,1310107.9457236128,6235197.832769127
2022-05-15 12:00:00,2022-05-16 12:00:00,53057.03034328415,481933.5978941942,19895.648375563804,679039.8027766547,2576084.5810992215
2022-05-16 12:00:00,2022-05-17 12:00:00,94225.22738202763,295812.5485478898,30898.195176428337,979026.3078534396,3504695.897088683
2022-05-17 12:00:00,2022-05-18 12:00:00,201607.59879850864,857757.627979995,45627.019948770205,1462139.153197085,5571196.91691513
2022-05-18 12:00:00,2022-05-19 12:00:00,622285.6093826535,2839245.0710946713,65954.24137341797,2182888.0417053225,8183132.010125609
2022-05-19 12:00:00,2022-05-20 12:00:00,1543187.7714315695,4965174.705457072,94580.37468667625,3144762.251733141,11868070.930487473
2022-05-20 12:00:00,2022-05-21 12:00:00,2045018.1418999466,5496310.70565994,98287.00875842353,3530426.4219096825,13792243.836733531
2022-05-21 12:00:00,2022-05-22 12:00:00,1989587.1891067913,5414889.57535205,85294.98325113443,3545242.8530259845,14544947.748946294
2022-05-22 12:00:00,2022-05-23 12:00:00,1984047.7870606305,5424138.400387378,80632.26411194942,3615860.9756686823,15243359.49113274
2022-05-23 12:00:00,2022-05-24 12:00:00,2033833.3488197243,5580204.719459163,82473.13721988851,3785684.4479938494,16192081.149975637
2022-05-24 12:00:00,2022-05-25 12:00:00,1800610.6633082884,4776253.220839817,78862.87614955338,3441710.9923014464,15499776.21633735
2022-05-25 12:00:00,2022-05-26 12:00:00,1379767.6441856963,3493353.2931797933,60789.581678788,2500870.803486991,11628840.584302597
2022-05-26 12:00:00,2022-05-27 12:00:00,1098343.7263347313,3408775.406515751,48343.49037686172,2157230.216270873,9668339.516356044
2022-05-27 12:00:00,2022-05-28 12:00:00,637790.771170465,3364590.645311352,44375.9507480562,2098594.8001665445,9363556.518103141
2022-05-28 12:00:00,2022-05-29 12:00:00,258124.62091529503,3209003.962426825,52315.058943785625,2119507.7918810183,9285887.372979883
2022-05-29 12:00:00,2022-05-30 12:00:00,127948.25456356425,2614374.569631224,51822.19388745964,1757320.821793074,7463373.306458231
2022-05-30 12:00:00,2022-05-31 12:00:00,19404.94982167475,917461.8754899882,19730.872030843027,589587.43735795,2448211.6399258752
2022-05-31 12:00:00,2022-06-01 12:00:00,23510.579451328365,263428.9244270971,28352.875046659516,647587.7000047795,2419397.9181042896
2022-06-01 12:00:00,2022-06-02 12:00:00,1119317.6652904076,1582537.5569186378,86417.07214961012,2136875.6769788153,9317579.67026407
2022-06-02 12:00:00,2022-06-03 12:00:00,2384987.696710253,2846810.6283361353,104838.59817111338,2448732.5629661973,11423128.290345922
2022-06-03 12:00:00,2022-06-04 12:00:00,1319639.3179001994,1545382.180454412,87568.32935722754,983240.7341098248,4597995.980803996
2022-06-04 12:00:00,2022-06-05 12:00:00,38763.12641190876,22571.682993700444,53635.089183869764,31873.448668671845,99421.33597814933
2022-06-05 12:00:00,2022-06-06 12:00:00,19854.237326822993,210735.0670427593,27344.930147123974,98843.84073929433,143975.87215326127
2022-06-06 12:00:00,2022-06-07 12:00:00,1016318.513076431,1757224.2763153818,82705.93376230486,1006322.6175420193,1470961.584322497
2022-06-07 12:00:00,2022-06-08 12:00:00,4040599.11947466,4383273.85673577,153789.708341403,2645260.755828905,6906414.812719623
2022-06-08 12:00:00,2022-06-09 12:00:00,7306906.81732394,5369404.117024348,155693.9965850798,4170258.1131123807,12101633.815433376
2022-06-09 12:00:00,2022-06-10 12:00:00,8484424.59360176,4994502.96197406,136018.4105986636,5625978.353094013,12442549.729420964
2022-06-10 12:00:00,2022-06-11 12:00:00,8611136.665568024,5015487.806076707,131657.46781005722,6557046.837964705,11948286.40477124
2022-06-11 12:00:00,2022-06-12 12:00:00,8690343.146541905,5124656.419596058,126461.90527659826,6796358.202266236,12202210.307146834
2022-06-12 12:00:00,2022-06-13 12:00:00,9007446.138543457,5396648.568387255,135949.44048815695,7624969.237474654,13654088.764640108
2022-06-13 12:00:00,2022-06-14 12:00:00,8295920.402886122,5462294.618456534,149897.49173232968,8763092.759816233,15209334.442681685
2022-06-14 12:00:00,2022-06-15 12:00:00,4421754.4887188,3777547.567786199,105159.93883641869,6307825.395708591,10636464.446611652
2022-06-15 12:00:00,2022-06-16 12:00:00,1700722.6562501937,2901872.0631448533,76384.68774606302,3268871.0805101497,5877673.506269732
2022-06-16 12:00:00,2022-06-17 12:00:00,2975249.3312799833,4116904.836957071,104287.14973330873,5723963.385753928,8429264.361655654
2022-06-17 12:00:00,2022-06-18 12:00:00,4626884.0709054675,5148702.953873141,128620.90330809331,9368900.006266654,12385865.577559216
2022-06-18 12:00:00,2022-06-19 12:00:00,5076117.541410267,5688115.568961997,150430.1493760142,10808567.49637389,14871044.156142559
2022-06-19 12:00:00,2022-06-20 12:00:00,3754623.9667070624,4250345.480378729,115328.84693670002,8156064.798701919,11768534.956882333
2022-06-20 12:00:00,2022-06-21 12:00:00,1225463.873061456,2061228.1517652269,62778.60722391194,4344521.104667451,6877598.586799885
2022-06-21 12:00:00,2022-06-22 12:00:00,80853.87216727994,2238264.5597737324,84291.36398047625,5841328.91904431,8593880.466747414
2022-06-22 12:00:00,2022-06-23 12:00:00,1808745.105088062,3884750.673396785,110774.16574158028,8031436.127043905,12352472.746173376
2022-06-23 12:00:00,2022-06-24 12:00:00,4743148.564929243,4182108.916490279,94741.93340945717,6975293.385822115,11757064.576533739
2022-06-24 12:00:00,2022-06-25 12:00:00,5709913.152376957,3377699.555028026,78524.55393831237,5859807.705609511,10086954.144264475
2022-06-25 12:00:00,2022-06-26 12:00:00,5486602.784487897,3152796.338403237,74695.42879445603,5709013.248256655,9070650.975446722
2022-06-26 12:00:00,2022-06-27 12:00:00,6609523.490739362,3974955.5538586746,91159.70144064349,7269396.472827893,10592741.342948314
2022-06-27 12:00:00,2022-06-28 12:00:00,7735766.276345414,4761349.779228411,106890.39551250514,9046454.195116993,13947807.211917195
2022-06-28 12:00:00,2022-06-29 12:00:00,6795487.916521329,4172010.6375116846,89433.4570125872,7959755.008331323,12574438.112697257
2022-06-29 12:00:00,2022-06-30 12:00:00,6078783.354062334,3612319.3312858166,78572.03074202171,5627571.223440923,10269217.138707384
2022-06-30 12:00:00,2022-07-01 12:00:00,9041238.326491486,3769781.183414475,90212.95306353878,4171872.9729558183,11899351.348682644
2022-07-01 12:00:00,2022-07-02 12:00:00,15078578.962214913,3729870.110386234,90506.78620280443,5855360.664701253,12718679.86053631
2022-07-02 12:00:00,2022-07-03 12:00:00,18266567.656417668,3563331.209334729,81661.88206923088,7823249.501401426,10696236.136847064
2022-07-03 12:00:00,2022-07-04 12:00:00,19404136.768388793,3591602.745159888,77254.11344941633,7934070.769441459,10418243.382808432
2022-07-04 12:00:00,2022-07-05 12:00:00,21926668.57697732,3681982.5121640703,72996.93791782047,8358800.911890861,12532733.179723382
2022-07-05 12:00:00,2022-07-06 12:00:00,21480849.224161852,3575121.1295161704,62099.96987215086,8211547.341029126,13738877.293248996
2022-07-06 12:00:00,2022-07-07 12:00:00,18488954.80911049,3186931.604138998,45650.2477508532,6883700.695513121,10794145.062261194
2022-07-07 12:00:00,2022-07-08 12:00:00,16428851.048757754,2803075.299915464,35331.07727638731,5473557.13523698,7898656.5978565365
2022-07-08 12:00:00,2022-07-09 12:00:00,16918400.494517848,2910064.4557561884,37535.04197691771,5975081.322313325,9378022.800908953
2022-07-09 12:00:00,2022-07-10 12:00:00,19441979.962228585,3440231.6217553588,48695.70628220741,8089438.175520116,13251774.935094696
2022-07-10 12:00:00,2022-07-11 12:00:00,15477579.926099598,2624230.3538163644,44050.877145149454,8039202.62974032,13009427.763981473
2022-07-11 12:00:00,2022-07-12 12:00:00,6283339.574177053,835212.429474462,29652.0000019972,6086340.893930496,8616568.350196019
2022-07-12 12:00:00,2022-07-13 12:00:00,1585669.420529223,772309.322681501,34095.369126951104,6171482.8715552185,8213744.527571769
2022-07-13 12:00:00,2022-07-14 12:00:00,1171421.9456418839,2422302.243850433,48631.99739448579,7932626.971603928,11350946.97725984
2022-07-14 12:00:00,2022-07-15 12:00:00,1404966.5566757512,3535195.107078108,51170.10078225759,8475978.91860322,12766278.064011462
2022-07-15 12:00:00,2022-07-16 12:00:00,822886.752260833,3234885.014496791,26386.52931174501,5296165.271682702,8271700.584242271
2022-07-16 12:00:00,2022-07-17 12:00:00,210017.76472681112,2459904.9830223704,4877.776660801886,1982547.6452003722,3132609.9027291536
2022-07-17 12:00:00,2022-07-18 12:00:00,1571473.36533363,3014738.6620841636,5484.14979285228,2240454.3627542797,3385418.5142855807
2022-07-18 12:00:00,2022-07-19 12:00:00,8862443.336140964,4445330.000057718,47398.284174928005,6412854.685760977,9936893.217902698
2022-07-19 12:00:00,2022-07-20 12:00:00,16713223.814105008,5074029.645387435,100129.28556586284,10955512.212612607,16007243.131723618
2022-07-20 12:00:00,2022-07-21 12:00:00,18740372.89843136,5400129.426284201,108751.76435448215,12283103.054745264,17244838.020313866
2022-07-21 12:00:00,2022-07-22 12:00:00,18395640.470797338,5494087.402991285,99192.36245292024,12354101.227947585,17878024.16559746
2022-07-22 12:00:00,2022-07-23 12:00:00,15989836.544180594,4733005.848288133,78600.67115775544,10503190.998690207,15430743.524017302
2022-07-23 12:00:00,2022-07-24 12:00:00,13454046.568143845,3963419.199808676,63439.17147904796,8519633.552369256,12389961.395408899
2022-07-24 12:00:00,2022-07-25 12:00:00,9299385.165491253,2775645.9675515327,46649.23051416384,6258993.876579739,9085027.652884526
2022-07-25 12:00:00,2022-07-26 12:00:00,2820345.1197040454,865162.1267943691,34586.72982952612,4185824.5857313247,5744686.666164497
2022-07-26 12:00:00,2022-07-27 12:00:00,140228.77500910105,985766.8203021458,50287.607058634094,6014583.5043429155,8854499.624770269
2022-07-27 12:00:00,2022-07-28 12:00:00,1814334.7422514958,3052342.210006332,68535.21084049543,8387444.994449563,12334580.183995795
2022-07-28 12:00:00,2022-07-29 12:00:00,3982023.3884122665,4460733.040539764,90047.5467849836,10143968.83167816,13756902.655027844
2022-07-29 12:00:00,2022-07-30 12:00:00,2473640.6540695685,4868814.587251974,109355.03366707155,12031765.141661245,16994911.573215894
2022-07-30 12:00:00,2022-07-31 12:00:00,320915.11776238156,4022720.946579223,85809.09806103841,9722634.456297342,14686728.05488318
2022-07-31 12:00:00,2022-08-01 12:00:00,231561.87274794225,2329991.180510533,56655.94209376845,6090701.329416574,9219228.272272594
2022-08-01 12:00:00,2022-08-02 12:00:00,2142463.106226508,2446884.6258996828,98441.77241378657,8056561.931450764,12709267.581491858
2022-08-02 12:00:00,2022-08-03 12:00:00,2962822.0838423846,2336157.1199691663,87607.29452710038,6661014.027341143,10962905.536729865
2022-08-03 12:00:00,2022-08-04 12:00:00,1185406.302065323,871478.4345661723,17808.58017900381,1376174.4766621685,2641500.3616325706
2022-08-04 12:00:00,2022-08-05 12:00:00,268109.70110378775,188362.99235189077,961.8726784112478,98291.90442689371,635216.2855939997
2022-08-05 12:00:00,2022-08-06 12:00:00,17386.226765594594,10140.113326873912,1631.8406172232676,14129.020022692788,27149.090299909105
2022-08-06 12:00:00,2022-08-07 12:00:00,201311.25200723263,40509.98859388927,5522.68968991252,47714.54446027348,133679.42262699312
2022-08-07 12:00:00,2022-08-08 12:00:00,8389263.617725015,2022867.5565607988,55227.298973693265,3884745.4612972545,10046169.834711771
2022-08-08 12:00:00,2022-08-09 12:00:00,22150890.427619625,4898655.596965158,140878.6144758063,10014044.569058731,21948226.60438992
2022-08-09 12:00:00,2022-08-10 12:00:00,28307422.783694964,5894149.658385316,177339.90354977886,12606469.999673387,24928647.804514453
2022-08-10 12:00:00,2022-08-11 12:00:00,19145741.954339575,4095101.03004507,119214.46488891875,8654048.645966606,18246140.154614605
2022-08-11 12:00:00,2022-08-12 12:00:00,4830972.986451128,1851180.471126904,33986.28627258438,2663582.250274128,5922653.678739875
2022-08-12 12:00:00,2022-08-13 12:00:00,207101.8991839232,2736579.3306227596,5910.919617800471,2047931.6449868442,2991264.834079388
2022-08-13 12:00:00,2022-08-14 12:00:00,461890.047818645,4414526.240109196,7557.667387701982,3759631.4930646075,5749614.355479913
2022-08-14 12:00:00,2022-08-15 12:00:00,7571105.2779213935,5353698.424120628,50081.33314471074,6842481.881876266,13314654.716092557
2022-08-15 12:00:00,2022-08-16 12:00:00,18714959.790411513,5388353.863654449,119800.6897756327,9485475.598190336,20668553.4088461
2022-08-16 12:00:00,2022-08-17 12:00:00,24937535.327140875,5364966.584048606,163596.55329704,11077840.3048819,25267236.40923521
2022-08-17 12:00:00,2022-08-18 12:00:00,17003758.972400084,4534633.264034752,128130.00575590943,8727185.481394941,20491612.042709216
2022-08-18 12:00:00,2022-08-19 12:00:00,3536689.034076168,2692879.108881414,73954.82659294386,4531205.927198035,10837324.530221712
2022-08-19 12:00:00,2022-08-20 12:00:00,61289.41918659129,2840635.0785359414,92190.63260941503,5476887.364229505,9715254.12707168
2022-08-20 12:00:00,2022-08-21 12:00:00,90315.92131536818,3241053.793639536,137690.04520338916,8894349.338006226,16673245.188523855
2022-08-21 12:00:00,2022-08-22 12:00:00,157725.66667968745,3249467.680214782,131783.87894621756,8534006.778604714,17419808.597321786
2022-08-22 12:00:00,2022-08-23 12:00:00,2104134.744050275,3368565.3205798706,95904.2762726697,5089909.307809262,9084081.1900701
2022-08-23 12:00:00,2022-08-24 12:00:00,6654235.431738759,3751530.6859573894,109368.89810434554,6172892.460268051,12910296.510759044
2022-08-24 12:00:00,2022-08-25 12:00:00,14096138.482303793,4812400.60488169,146524.69795406904,9687230.627531368,20982597.692053538
2022-08-25 12:00:00,2022-08-26 12:00:00,23036643.79756628,5440686.436986305,168173.03243112698,11603117.753614463,24094747.38009674
2022-08-26 12:00:00,2022-08-27 12:00:00,27327483.404808953,5631855.425902733,168348.76847552962,12292541.897854287,25645394.897374675
2022-08-27 12:00:00,2022-08-28 12:00:00,27181648.51779392,5636826.881339921,158564.26390406233,12540109.415661156,26702907.407614693
2022-08-28 12:00:00,2022-08-29 12:00:00,19007828.20457153,4087981.7743555834,116223.15929831011,9865992.620133368,20951983.83636538
2022-08-29 12:00:00,2022-08-30 12:00:00,7436555.12369567,2576191.0742657213,72739.61370551196,6431951.07044973,13755782.039268136
2022-08-30 12:00:00,2022-08-31 12:00:00,11977720.19642297,3847136.247007764,99670.09547902332,8434490.707535475,18901951.394900944
2022-08-31 12:00:00,2022-09-01 12:00:00,21047601.852829657,4777440.737897702,120410.28503404112,10202790.887653992,21709087.291105203
2022-09-01 12:00:00,2022-09-02 12:00:00,23014796.659472913,4662169.235969986,110838.38811991025,9897365.432650153,19489221.80748827
2022-09-02 12:00:00,2022-09-03 12:00:00,24567677.02105409,5003124.650427244,108705.96594009834,10970535.987858968,21507239.734061457
2022-09-03 12:00:00,2022-09-04 12:00:00,25578404.933434978,5252115.424048696,98271.49280019334,11899124.899342526,23459342.45653998
2022-09-04 12:00:00,2022-09-05 12:00:00,23760325.8097046,5113553.5916799195,88636.23740234096,12892487.715488862,25354881.860370863
2022-09-05 12:00:00,2022-09-06 12:00:00,19151846.2817718,4459690.686328876,78939.81681928632,13265701.722719334,26629695.90646448
2022-09-06 12:00:00,2022-09-07 12:00:00,14529937.50342561,3571830.8546125647,77028.7206344319,13006762.645816192,27832837.7004698
2022-09-07 12:00:00,2022-09-08 12:00:00,7273067.878279113,1926654.8376068303,62583.676580879386,8516934.959892783,19355563.46045827
2022-09-08 12:00:00,2022-09-09 12:00:00,1232827.304812193,742423.0023871908,37029.984762464126,2232517.8521082927,5480088.162443676
2022-09-09 12:00:00,2022-09-10 12:00:00,74016.19119112648,2032099.302374071,46162.49651847303,1262952.6044178815,2325010.48332575
2022-09-10 12:00:00,2022-09-11 12:00:00,155544.58252794342,2904928.5803647283,86422.26748692617,2050617.357850579,3887903.5414539706
2022-09-11 12:00:00,2022-09-12 12:00:00,4173627.23384687,3498604.7270884234,117478.09924792804,3764425.8615920283,10307922.684934625
2022-09-12 12:00:00,2022-09-13 12:00:00,16279272.288565278,5430996.071709165,131469.37198902783,9461829.973968789,24741751.162090838
2022-09-13 12:00:00,2022-09-14 12:00:00,26467533.863560542,6274474.5073036775,142147.93830551987,13804247.603264518,33531161.481048815
2022-09-14 12:00:00,2022-09-15 12:00:00,17169111.650555246,3943448.7179912403,89527.46951093586,9086724.551273908,22804859.45903134
2022-09-15 12:00:00,2022-09-16 12:00:00,2913013.1391956694,826002.6305093319,16462.737865683903,1919898.6635766986,5768290.731218393
2022-09-16 12:00:00,2022-09-17 12:00:00,8823.171963508445,8166.919575753822,1351.8087998725275,11966.590193397678,134330.48755395808
2022-09-17 12:00:00,2022-09-18 12:00:00,14970.671311254655,10189.75401027164,1486.6174731113056,12966.935956224124,121022.41474592254
2022-09-18 12:00:00,2022-09-19 12:00:00,6579379.660769705,1866719.7236543056,43415.24259241753,3620971.0869104234,9011541.506189452
2022-09-19 12:00:00,2022-09-20 12:00:00,18968907.02966427,4799619.51985103,127680.84865325197,9774745.338486057,22972396.500768222
2022-09-20 12:00:00,2022-09-21 12:00:00,20043799.581305973,4758997.306809761,125163.25268844116,9291180.740301326,20379175.47363271
2022-09-21 12:00:00,2022-09-22 12:00:00,17713300.85777078,4168190.640206633,99035.32866945399,7814615.60997371,17236551.809427544
2022-09-22 12:00:00,2022-09-23 12:00:00,19335732.51894029,4026029.439420865,107156.8725074586,8863539.803128695,19897313.36586242
2022-09-23 12:00:00,2022-09-24 12:00:00,20112268.463237964,3139901.543487045,106756.04346959465,9513481.896260317,20819974.594847586
2022-09-24 12:00:00,2022-09-25 12:00:00,21655961.692791436,2933348.9691646686,109878.69907322318,10860139.270247065,24342093.06793666
2022-09-25 12:00:00,2022-09-26 12:00:00,18108179.1849393,2163519.186007306,81513.35193755348,8961297.09564594,20804342.992999896
2022-09-26 12:00:00,2022-09-27 12:00:00,12022338.802697897,706548.021323466,50015.25546616473,5714443.685746165,14038162.558004653
2022-09-27 12:00:00,2022-09-28 12:00:00,12595535.38311187,972594.9866112455,61856.18621981997,6612934.115117407,15643041.666806243
2022-09-28 12:00:00,2022-09-29 12:00:00,17820483.02763411,2454283.8117916235,94023.72338004768,9978621.846275501,22010475.843203504
2022-09-29 12:00:00,2022-09-30 12:00:00,20127827.652728226,3044025.2155382596,99455.15525852478,11586111.611368101,25149947.949665107
2022-09-30 12:00:00,2022-10-01 12:00:00,20178358.04383466,3083356.066766673,92083.13146615832,11827047.136479557,26113101.254704177
2022-10-01 12:00:00,2022-10-02 12:00:00,19581545.70696179,3003957.3739425754,86694.29574647262,11502617.987795033,25779167.082089067
2022-10-02 12:00:00,2022-10-03 12:00:00,18903012.000977535,2911250.3364856346,82518.5415333334,11072975.908516206,25604770.249601915
2022-10-03 12:00:00,2022-10-04 12:00:00,18965048.74635829,2758934.8939708997,94961.08850862112,11644298.446027745,26611578.14590855
2022-10-04 12:00:00,2022-10-05 12:00:00,17850674.9903436,2325702.5529509624,93708.18429884256,11638212.818981696,25908851.98772801
2022-10-05 12:00:00,2022-10-06 12:00:00,15271267.805778876,1642365.1053357574,67985.91641136767,10243795.42910329,23447425.027547784
2022-10-06 12:00:00,2022-10-07 12:00:00,11298060.31776641,966235.1432425943,42370.24044255972,7413179.101246243,18879873.859708253
2022-10-07 12:00:00,2022-10-08 12:00:00,9590414.455081958,691460.3566646976,37877.57669260729,5906758.469098425,16074966.010208018
2022-10-08 12:00:00,2022-10-09 12:00:00,12291286.419352181,859871.9517987608,59932.31625149536,8256824.899687121,19927872.920600183
2022-10-09 12:00:00,2022-10-10 12:00:00,14794313.083556829,1078469.0388801428,78616.75733179381,11236722.38299312,25803476.664141923
2022-10-10 12:00:00,2022-10-11 12:00:00,15375329.903779862,1135173.2425012286,88673.66761173228,12218560.457474522,28524924.244842112
2022-10-11 12:00:00,2022-10-12 12:00:00,9854273.598244404,915671.0165452398,70320.59285979239,9456684.485350821,22899852.31915797
2022-10-12 12:00:00,2022-10-13 12:00:00,3517383.4932995853,654281.3056877023,49095.69941055248,6385761.4666162105,16680887.297988012
2022-10-13 12:00:00,2022-10-14 12:00:00,1196048.4837335018,306774.45638461475,43734.242616641626,5291802.292537663,12487891.671719693
2022-10-14 12:00:00,2022-10-15 12:00:00,60078.95921226067,32343.621899032565,65774.0303535558,7164112.119911848,14980082.824532285
2022-10-15 12:00:00,2022-10-16 12:00:00,93081.2581164791,48457.10130245257,102232.3986236959,10507573.53132005,23230097.83437451
2022-10-16 12:00:00,2022-10-17 12:00:00,6247056.889858913,1474764.4170572544,122222.85181130146,12280678.135580827,27218603.144040927
2022-10-17 12:00:00,2022-10-18 12:00:00,16051252.36754147,2613671.3727698904,130009.12782988245,12912646.516715277,28711268.610173203
2022-10-18 12:00:00,2022-10-19 12:00:00,18148641.931780145,2012418.4993688948,110476.74814715202,11545206.752613384,25155271.824900433
2022-10-19 12:00:00,2022-10-20 12:00:00,15376739.131488431,1359352.5506502725,89250.31413453512,10120420.307218947,22416693.02770418
2022-10-20 12:00:00,2022-10-21 12:00:00,13283102.178889882,968289.5325720189,73403.03698446897,8804556.067590693,21880748.803436164
2022-10-21 12:00:00,2022-10-22 12:00:00,13397310.518839154,984466.3564409972,73642.95091820411,9133304.871581148,22905330.6325393
2022-10-22 12:00:00,2022-10-23 12:00:00,14485000.435805323,1067579.7264672564,93836.92891816738,10706721.42895571,23583169.64865365
2022-10-23 12:00:00,2022-10-24 12:00:00,14562953.342925299,1333371.1728635947,99175.91795084052,10680661.035347678,23790016.9704294
2022-10-24 12:00:00,2022-10-25 12:00:00,13524350.575299324,1674814.9585499945,81450.84943194184,9155545.756224835,23690678.45817615
2022-10-25 12:00:00,2022-10-26 12:00:00,9627635.777530968,2278852.0655959006,64432.64084672628,7513293.124777438,21891248.602969967
2022-10-26 12:00:00,2022-10-27 12:00:00,3956312.490355295,1861482.4033487616,49645.4710287092,5285168.740510039,16698632.01453816
2022-10-27 12:00:00,2022-10-28 12:00:00,1616451.2335449345,1859756.4352218872,45892.502605192,3907081.57311862,12206160.758256264
2022-10-28 12:00:00,2022-10-29 12:00:00,3768122.0208808417,3313789.9914243175,78673.95751319318,6427718.264473757,16997529.264270086
2022-10-29 12:00:00,2022-10-30 12:00:00,6756875.645612578,4492705.259375241,105056.13312595301,8065031.757201776,23521822.40845567
2022-10-30 12:00:00,2022-10-31 12:00:00,5297226.978551067,4164057.8379077576,88161.08408048889,6112296.917834419,19021315.89393039
2022-10-31 12:00:00,2022-11-01 12:00:00,1278963.9179589811,1710564.9539986847,50199.020270652545,2957387.03777551,8697385.471862841
2022-11-01 12:00:00,2022-11-02 12:00:00,30494.378523565072,138191.06910875646,71904.2530509303,3855743.842532571,11157678.282161895
2022-11-02 12:00:00,2022-11-03 12:00:00,219932.3956337045,36376.30643524145,165121.35260050057,9683098.075183822,23376327.915917076
2022-11-03 12:00:00,2022-11-04 12:00:00,1936023.2742841777,36816.43001123797,218438.03479505263,13669585.22066209,20704338.260342814
2022-11-04 12:00:00,2022-11-05 12:00:00,2511316.2163563836,26202.84456219813,210897.25201566445,14295382.655034836,5951327.708419189
2022-11-05 12:00:00,2022-11-06 12:00:00,1488649.5894628544,18943.429293810066,188483.02397725708,13943186.950153604,193952.69766299095
2022-11-06 12:00:00,2022-11-07 12:00:00,1309878.5064250347,18658.923787295596,167189.22070452166,13172458.956593122,179788.10647043056
